ticker,date,open,high,low,close,volume,ex-dividend,split_ratio,adj_open,adj_high,adj_low,adj_close,adj_volume
AMZN,1997-05-16,22.38,23.75,20.5,20.75,1225000.0,0.0,1.0,1.8649999999999998,1.9791666666666665,1.7083333333333333,1.7291666666666665,14700000.0
AMZN,1997-05-19,20.5,21.25,19.5,20.5,508900.0,0.0,1.0,1.7083333333333333,1.7708333333333333,1.625,1.7083333333333333,6106800.0
AMZN,1997-05-20,20.75,21.0,19.63,19.63,455600.0,0.0,1.0,1.7291666666666665,1.75,1.6358333333333333,1.6358333333333333,5467200.0
AMZN,1997-05-21,19.25,19.75,16.5,17.13,1571100.0,0.0,1.0,1.6041666666666665,1.6458333333333333,1.375,1.4274999999999998,18853200.0
AMZN,1997-05-22,17.25,17.38,15.75,16.75,981400.0,0.0,1.0,1.4375,1.4483333333333333,1.3125,1.3958333333333333,11776800.0
AMZN,1997-05-23,16.88,18.25,16.0,18.0,1328100.0,0.0,1.0,1.4066666666666665,1.5208333333333333,1.3333333333333333,1.5,15937200.0
AMZN,1997-05-27,17.75,19.75,17.5,19.0,724800.0,0.0,1.0,1.4791666666666665,1.6458333333333333,1.4583333333333333,1.5833333333333333,8697600.0
AMZN,1997-05-28,19.31,19.63,18.38,18.38,381200.0,0.0,1.0,1.6091666666666664,1.6358333333333333,1.5316666666666665,1.5316666666666665,4574400.0
AMZN,1997-05-29,18.5,18.5,17.75,18.06,289400.0,0.0,1.0,1.5416666666666665,1.5416666666666665,1.4791666666666665,1.505,3472800.0
AMZN,1997-05-30,18.0,18.13,17.75,18.0,216200.0,0.0,1.0,1.5,1.5108333333333333,1.4791666666666665,1.5,2594400.0
AMZN,1997-06-02,18.13,18.38,18.0,18.13,49300.0,0.0,1.0,1.5108333333333333,1.5316666666666665,1.5,1.5108333333333333,591600.0
AMZN,1997-06-03,18.38,18.38,17.75,17.75,98600.0,0.0,1.0,1.5316666666666665,1.5316666666666665,1.4791666666666665,1.4791666666666665,1183200.0
AMZN,1997-06-04,17.75,17.88,16.75,17.0,256700.0,0.0,1.0,1.4791666666666665,1.4899999999999998,1.3958333333333333,1.4166666666666665,3080400.0
AMZN,1997-06-05,17.0,18.5,16.5,18.5,472700.0,0.0,1.0,1.4166666666666665,1.5416666666666665,1.375,1.5416666666666665,5672400.0
AMZN,1997-06-06,18.13,20.5,18.13,19.88,650600.0,0.0,1.0,1.5108333333333333,1.7083333333333333,1.5108333333333333,1.6566666666666665,7807200.0
AMZN,1997-06-09,20.25,20.5,19.88,20.25,196000.0,0.0,1.0,1.6875,1.7083333333333333,1.6566666666666665,1.6875,2352000.0
AMZN,1997-06-10,20.5,20.5,18.38,19.0,454900.0,0.0,1.0,1.7083333333333333,1.7083333333333333,1.5316666666666665,1.5833333333333333,5458800.0
AMZN,1997-06-11,19.13,19.25,18.38,18.5,99000.0,0.0,1.0,1.5941666666666665,1.6041666666666665,1.5316666666666665,1.5416666666666665,1188000.0
AMZN,1997-06-12,19.0,19.75,18.63,19.25,136000.0,0.0,1.0,1.5833333333333333,1.6458333333333333,1.5524999999999998,1.6041666666666665,1632000.0
AMZN,1997-06-13,19.5,19.5,19.0,19.0,57800.0,0.0,1.0,1.625,1.625,1.5833333333333333,1.5833333333333333,693600.0
AMZN,1997-06-16,19.0,19.25,18.75,18.88,76100.0,0.0,1.0,1.5833333333333333,1.6041666666666665,1.5625,1.5733333333333333,913200.0
AMZN,1997-06-17,18.94,19.19,17.94,18.06,392200.0,0.0,1.0,1.5783333333333334,1.5991666666666666,1.495,1.505,4706400.0
AMZN,1997-06-18,18.25,18.44,18.0,18.13,205400.0,0.0,1.0,1.5208333333333333,1.5366666666666666,1.5,1.5108333333333333,2464800.0
AMZN,1997-06-19,18.13,18.38,18.0,18.13,83600.0,0.0,1.0,1.5108333333333333,1.5316666666666665,1.5,1.5108333333333333,1003200.0
AMZN,1997-06-20,18.38,18.63,18.0,18.31,282300.0,0.0,1.0,1.5316666666666665,1.5524999999999998,1.5,1.5258333333333332,3387600.0
AMZN,1997-06-23,18.25,18.5,17.75,18.0,87300.0,0.0,1.0,1.5208333333333333,1.5416666666666665,1.4791666666666665,1.5,1047600.0
AMZN,1997-06-24,18.06,18.31,17.75,18.13,62600.0,0.0,1.0,1.505,1.5258333333333332,1.4791666666666665,1.5108333333333333,751200.0
AMZN,1997-06-25,18.13,18.31,17.88,18.13,175500.0,0.0,1.0,1.5108333333333333,1.5258333333333332,1.4899999999999998,1.5108333333333333,2106000.0
AMZN,1997-06-26,18.25,18.25,18.06,18.13,265800.0,0.0,1.0,1.5208333333333333,1.5208333333333333,1.505,1.5108333333333333,3189600.0
AMZN,1997-06-27,18.19,18.19,17.75,17.88,99000.0,0.0,1.0,1.5158333333333334,1.5158333333333334,1.4791666666666665,1.4899999999999998,1188000.0
AMZN,1997-06-30,18.13,19.19,17.75,18.5,228900.0,0.0,1.0,1.5108333333333333,1.5991666666666666,1.4791666666666665,1.5416666666666665,2746800.0
AMZN,1997-07-01,18.5,18.5,18.13,18.19,107700.0,0.0,1.0,1.5416666666666665,1.5416666666666665,1.5108333333333333,1.5158333333333334,1292400.0
AMZN,1997-07-02,18.44,19.13,18.13,19.06,323500.0,0.0,1.0,1.5366666666666666,1.5941666666666665,1.5108333333333333,1.5883333333333332,3882000.0
AMZN,1997-07-03,19.63,23.0,19.13,22.94,1048100.0,0.0,1.0,1.6358333333333333,1.9166666666666665,1.5941666666666665,1.9116666666666666,12577200.0
AMZN,1997-07-07,22.0,24.25,22.0,24.0,671100.0,0.0,1.0,1.8333333333333333,2.020833333333333,1.8333333333333333,2.0,8053200.0
AMZN,1997-07-08,24.5,28.0,24.5,27.63,1293100.0,0.0,1.0,2.0416666666666665,2.333333333333333,2.0416666666666665,2.3024999999999998,15517200.0
AMZN,1997-07-09,27.63,28.63,27.25,27.88,688500.0,0.0,1.0,2.3024999999999998,2.3858333333333333,2.270833333333333,2.3233333333333333,8262000.0
AMZN,1997-07-10,28.38,28.63,28.0,28.5,754300.0,0.0,1.0,2.3649999999999998,2.3858333333333333,2.333333333333333,2.375,9051600.0
AMZN,1997-07-11,28.38,30.25,26.5,28.0,877600.0,0.0,1.0,2.3649999999999998,2.520833333333333,2.208333333333333,2.333333333333333,10531200.0
AMZN,1997-07-14,27.75,28.0,26.13,26.5,383700.0,0.0,1.0,2.3125,2.333333333333333,2.1774999999999998,2.208333333333333,4604400.0
AMZN,1997-07-15,26.25,28.75,25.63,28.63,772900.0,0.0,1.0,2.1875,2.395833333333333,2.1358333333333333,2.3858333333333333,9274800.0
AMZN,1997-07-16,29.38,29.94,27.63,28.0,252000.0,0.0,1.0,2.4483333333333333,2.495,2.3024999999999998,2.333333333333333,3024000.0
AMZN,1997-07-17,27.13,28.13,26.63,26.88,264100.0,0.0,1.0,2.2608333333333333,2.3441666666666663,2.2191666666666663,2.2399999999999998,3169200.0
AMZN,1997-07-18,26.25,26.63,25.88,25.88,65000.0,0.0,1.0,2.1875,2.2191666666666663,2.1566666666666663,2.1566666666666663,780000.0
AMZN,1997-07-21,26.13,26.38,25.75,26.13,47900.0,0.0,1.0,2.1774999999999998,2.1983333333333333,2.145833333333333,2.1774999999999998,574800.0
AMZN,1997-07-22,26.0,26.25,24.75,25.63,130300.0,0.0,1.0,2.1666666666666665,2.1875,2.0625,2.1358333333333333,1563600.0
AMZN,1997-07-23,26.25,27.25,26.13,27.19,271600.0,0.0,1.0,2.1875,2.270833333333333,2.1774999999999998,2.265833333333333,3259200.0
AMZN,1997-07-24,27.63,27.75,26.63,27.13,101400.0,0.0,1.0,2.3024999999999998,2.3125,2.2191666666666663,2.2608333333333333,1216800.0
AMZN,1997-07-25,26.75,27.0,26.63,26.75,51700.0,0.0,1.0,2.2291666666666665,2.25,2.2191666666666663,2.2291666666666665,620400.0
AMZN,1997-07-28,26.75,27.63,26.63,27.5,214500.0,0.0,1.0,2.2291666666666665,2.3024999999999998,2.2191666666666663,2.2916666666666665,2574000.0
AMZN,1997-07-29,28.38,28.88,28.0,28.63,401200.0,0.0,1.0,2.3649999999999998,2.4066666666666663,2.333333333333333,2.3858333333333333,4814400.0
AMZN,1997-07-30,28.38,30.0,28.0,29.75,209800.0,0.0,1.0,2.3649999999999998,2.5,2.333333333333333,2.4791666666666665,2517600.0
AMZN,1997-07-31,29.25,29.25,28.0,28.75,121200.0,0.0,1.0,2.4375,2.4375,2.333333333333333,2.395833333333333,1454400.0
AMZN,1997-08-01,28.13,29.0,27.0,29.0,299000.0,0.0,1.0,2.3441666666666663,2.4166666666666665,2.25,2.4166666666666665,3588000.0
AMZN,1997-08-04,28.5,28.94,27.63,27.75,222600.0,0.0,1.0,2.375,2.4116666666666666,2.3024999999999998,2.3125,2671200.0
AMZN,1997-08-05,27.75,28.0,25.75,26.5,252700.0,0.0,1.0,2.3125,2.333333333333333,2.145833333333333,2.208333333333333,3032400.0
AMZN,1997-08-06,26.5,27.75,26.25,27.0,103600.0,0.0,1.0,2.208333333333333,2.3125,2.1875,2.25,1243200.0
AMZN,1997-08-07,27.0,27.13,25.5,26.13,169500.0,0.0,1.0,2.25,2.2608333333333333,2.125,2.1774999999999998,2034000.0
AMZN,1997-08-08,26.0,27.63,25.25,27.5,184300.0,0.0,1.0,2.1666666666666665,2.3024999999999998,2.1041666666666665,2.2916666666666665,2211600.0
AMZN,1997-08-11,27.5,28.0,27.0,27.94,103300.0,0.0,1.0,2.2916666666666665,2.333333333333333,2.25,2.328333333333333,1239600.0
AMZN,1997-08-12,27.38,27.63,26.38,26.38,47600.0,0.0,1.0,2.2816666666666663,2.3024999999999998,2.1983333333333333,2.1983333333333333,571200.0
AMZN,1997-08-13,26.75,26.75,26.0,26.38,49200.0,0.0,1.0,2.2291666666666665,2.2291666666666665,2.1666666666666665,2.1983333333333333,590400.0
AMZN,1997-08-14,26.13,27.0,25.44,25.88,86800.0,0.0,1.0,2.1774999999999998,2.25,2.12,2.1566666666666663,1041600.0
AMZN,1997-08-15,23.5,25.88,23.25,25.38,133100.0,0.0,1.0,1.9583333333333333,2.1566666666666663,1.9375,2.1149999999999998,1597200.0
AMZN,1997-08-18,24.38,24.63,23.63,24.5,148700.0,0.0,1.0,2.0316666666666663,2.0524999999999998,1.9691666666666665,2.0416666666666665,1784400.0
AMZN,1997-08-19,25.13,26.5,24.63,26.0,83600.0,0.0,1.0,2.0941666666666663,2.208333333333333,2.0524999999999998,2.1666666666666665,1003200.0
AMZN,1997-08-20,25.0,26.25,24.88,26.0,83300.0,0.0,1.0,2.083333333333333,2.1875,2.0733333333333333,2.1666666666666665,999600.0
AMZN,1997-08-21,25.63,26.06,24.88,25.38,52000.0,0.0,1.0,2.1358333333333333,2.1716666666666664,2.0733333333333333,2.1149999999999998,624000.0
AMZN,1997-08-22,25.25,25.5,25.13,25.5,59400.0,0.0,1.0,2.1041666666666665,2.125,2.0941666666666663,2.125,712800.0
AMZN,1997-08-25,25.25,27.13,25.25,26.63,93900.0,0.0,1.0,2.1041666666666665,2.2608333333333333,2.1041666666666665,2.2191666666666663,1126800.0
AMZN,1997-08-26,26.88,28.25,26.75,28.13,214500.0,0.0,1.0,2.2399999999999998,2.3541666666666665,2.2291666666666665,2.3441666666666663,2574000.0
AMZN,1997-08-27,27.69,27.88,27.0,27.81,116000.0,0.0,1.0,2.3075,2.3233333333333333,2.25,2.3175,1392000.0
AMZN,1997-08-28,27.63,28.75,27.38,28.5,95600.0,0.0,1.0,2.3024999999999998,2.395833333333333,2.2816666666666663,2.375,1147200.0
AMZN,1997-08-29,28.38,28.5,27.88,28.06,60200.0,0.0,1.0,2.3649999999999998,2.375,2.3233333333333333,2.338333333333333,722400.0
AMZN,1997-09-02,28.13,28.5,28.0,28.25,61000.0,0.0,1.0,2.3441666666666663,2.375,2.333333333333333,2.3541666666666665,732000.0
AMZN,1997-09-03,28.13,29.0,27.75,28.0,163700.0,0.0,1.0,2.3441666666666663,2.4166666666666665,2.3125,2.333333333333333,1964400.0
AMZN,1997-09-04,28.38,30.63,28.13,30.63,279000.0,0.0,1.0,2.3649999999999998,2.5524999999999998,2.3441666666666663,2.5524999999999998,3348000.0
AMZN,1997-09-05,31.0,32.0,29.5,30.0,159000.0,0.0,1.0,2.583333333333333,2.6666666666666665,2.458333333333333,2.5,1908000.0
AMZN,1997-09-08,30.38,36.25,30.0,36.0,470700.0,0.0,1.0,2.5316666666666663,3.020833333333333,2.5,3.0,5648400.0
AMZN,1997-09-09,37.75,40.63,36.38,38.88,747600.0,0.0,1.0,3.145833333333333,3.3858333333333333,3.0316666666666667,3.24,8971200.0
AMZN,1997-09-10,39.75,40.0,37.5,39.63,322200.0,0.0,1.0,3.3125,3.333333333333333,3.125,3.3025,3866400.0
AMZN,1997-09-11,38.88,40.0,36.5,37.88,355200.0,0.0,1.0,3.24,3.333333333333333,3.0416666666666665,3.1566666666666667,4262400.0
AMZN,1997-09-12,38.25,44.38,37.88,44.25,277800.0,0.0,1.0,3.1875,3.6983333333333333,3.1566666666666667,3.6875,3333600.0
AMZN,1997-09-15,42.38,44.13,36.63,37.13,465300.0,0.0,1.0,3.5316666666666667,3.6775,3.0525,3.0941666666666667,5583600.0
AMZN,1997-09-16,38.75,42.5,37.5,40.25,536000.0,0.0,1.0,3.2291666666666665,3.5416666666666665,3.125,3.3541666666666665,6432000.0
AMZN,1997-09-17,41.5,42.0,40.0,40.88,217300.0,0.0,1.0,3.458333333333333,3.5,3.333333333333333,3.4066666666666667,2607600.0
AMZN,1997-09-18,41.25,41.63,39.38,39.5,177400.0,0.0,1.0,3.4375,3.4691666666666667,3.2816666666666667,3.2916666666666665,2128800.0
AMZN,1997-09-19,41.63,49.0,40.5,47.38,744100.0,0.0,1.0,3.4691666666666667,4.083333333333333,3.375,3.9483333333333333,8929200.0
AMZN,1997-09-22,48.63,56.13,47.38,54.0,1411500.0,0.0,1.0,4.0525,4.6775,3.9483333333333333,4.5,16938000.0
AMZN,1997-09-23,53.88,55.75,52.75,55.5,640200.0,0.0,1.0,4.49,4.645833333333333,4.395833333333333,4.625,7682400.0
AMZN,1997-09-24,55.75,57.75,51.5,52.5,683400.0,0.0,1.0,4.645833333333333,4.8125,4.291666666666666,4.375,8200800.0
AMZN,1997-09-25,49.5,52.25,48.63,49.0,414000.0,0.0,1.0,4.125,4.354166666666666,4.0525,4.083333333333333,4968000.0
AMZN,1997-09-26,50.88,51.13,48.63,50.0,227600.0,0.0,1.0,4.24,4.260833333333333,4.0525,4.166666666666666,2731200.0
AMZN,1997-09-29,49.75,50.25,47.5,48.5,197600.0,0.0,1.0,4.145833333333333,4.1875,3.958333333333333,4.041666666666666,2371200.0
AMZN,1997-09-30,48.0,52.25,45.63,52.13,437900.0,0.0,1.0,4.0,4.354166666666666,3.8025,4.344166666666666,5254800.0
AMZN,1997-10-01,51.38,54.0,47.25,48.25,416600.0,0.0,1.0,4.281666666666666,4.5,3.9375,4.020833333333333,4999200.0
AMZN,1997-10-02,48.5,50.13,47.88,48.13,156400.0,0.0,1.0,4.041666666666666,4.1775,3.99,4.010833333333333,1876800.0
AMZN,1997-10-03,49.0,49.5,47.75,48.25,97000.0,0.0,1.0,4.083333333333333,4.125,3.9791666666666665,4.020833333333333,1164000.0
AMZN,1997-10-06,48.0,49.5,47.38,49.5,169000.0,0.0,1.0,4.0,4.125,3.9483333333333333,4.125,2028000.0
AMZN,1997-10-07,49.0,50.25,48.5,48.75,145200.0,0.0,1.0,4.083333333333333,4.1875,4.041666666666666,4.0625,1742400.0
AMZN,1997-10-08,49.75,50.0,47.88,48.13,233900.0,0.0,1.0,4.145833333333333,4.166666666666666,3.99,4.010833333333333,2806800.0
AMZN,1997-10-09,48.0,48.25,44.88,45.0,329200.0,0.0,1.0,4.0,4.020833333333333,3.74,3.75,3950400.0
AMZN,1997-10-10,45.0,48.75,44.0,46.88,315600.0,0.0,1.0,3.75,4.0625,3.6666666666666665,3.9066666666666667,3787200.0
AMZN,1997-10-13,48.0,48.5,47.13,48.0,67900.0,0.0,1.0,4.0,4.041666666666666,3.9275,4.0,814800.0
AMZN,1997-10-14,48.75,49.25,46.0,47.75,128900.0,0.0,1.0,4.0625,4.104166666666666,3.833333333333333,3.9791666666666665,1546800.0
AMZN,1997-10-15,47.0,47.63,45.25,47.13,196300.0,0.0,1.0,3.9166666666666665,3.9691666666666667,3.770833333333333,3.9275,2355600.0
AMZN,1997-10-16,46.88,47.75,43.25,43.5,290100.0,0.0,1.0,3.9066666666666667,3.9791666666666665,3.6041666666666665,3.625,3481200.0
AMZN,1997-10-17,43.38,43.88,42.25,43.5,211200.0,0.0,1.0,3.615,3.6566666666666667,3.520833333333333,3.625,2534400.0
AMZN,1997-10-20,46.0,46.5,44.0,45.88,409400.0,0.0,1.0,3.833333333333333,3.875,3.6666666666666665,3.8233333333333333,4912800.0
AMZN,1997-10-21,47.5,53.25,46.25,53.13,1008000.0,0.0,1.0,3.958333333333333,4.4375,3.8541666666666665,4.4275,12096000.0
AMZN,1997-10-22,53.0,55.5,52.5,54.25,434000.0,0.0,1.0,4.416666666666666,4.625,4.375,4.520833333333333,5208000.0
AMZN,1997-10-23,52.25,54.75,50.25,54.0,471400.0,0.0,1.0,4.354166666666666,4.5625,4.1875,4.5,5656800.0
AMZN,1997-10-24,57.0,60.75,54.5,60.38,791000.0,0.0,1.0,4.75,5.0625,4.541666666666666,5.031666666666666,9492000.0
AMZN,1997-10-27,57.63,60.13,50.75,51.25,507600.0,0.0,1.0,4.8025,5.010833333333333,4.229166666666666,4.270833333333333,6091200.0
AMZN,1997-10-28,47.0,60.0,46.5,59.38,976600.0,0.0,1.0,3.9166666666666665,5.0,3.875,4.948333333333333,11719200.0
AMZN,1997-10-29,61.75,66.0,60.0,64.75,593900.0,0.0,1.0,5.145833333333333,5.5,5.0,5.395833333333333,7126800.0
AMZN,1997-10-30,62.5,64.25,60.5,61.5,397500.0,0.0,1.0,5.208333333333333,5.354166666666666,5.041666666666666,5.125,4770000.0
AMZN,1997-10-31,64.25,65.5,59.63,61.0,418900.0,0.0,1.0,5.354166666666666,5.458333333333333,4.969166666666666,5.083333333333333,5026800.0
AMZN,1997-11-03,61.38,62.63,59.38,60.88,166600.0,0.0,1.0,5.115,5.219166666666666,4.948333333333333,5.073333333333333,1999200.0
AMZN,1997-11-04,59.0,60.63,57.88,59.5,197100.0,0.0,1.0,4.916666666666666,5.0525,4.823333333333333,4.958333333333333,2365200.0
AMZN,1997-11-05,59.75,61.5,58.5,58.5,257800.0,0.0,1.0,4.979166666666666,5.125,4.875,4.875,3093600.0
AMZN,1997-11-06,59.0,59.0,55.63,55.94,242800.0,0.0,1.0,4.916666666666666,4.916666666666666,4.635833333333333,4.661666666666666,2913600.0
AMZN,1997-11-07,53.0,55.69,52.63,53.75,218900.0,0.0,1.0,4.416666666666666,4.640833333333333,4.385833333333333,4.479166666666666,2626800.0
AMZN,1997-11-10,54.0,54.75,50.5,50.5,230400.0,0.0,1.0,4.5,4.5625,4.208333333333333,4.208333333333333,2764800.0
AMZN,1997-11-11,50.94,51.75,47.0,47.38,359400.0,0.0,1.0,4.244999999999999,4.3125,3.9166666666666665,3.9483333333333333,4312800.0
AMZN,1997-11-12,45.31,50.25,44.0,45.25,723600.0,0.0,1.0,3.7758333333333334,4.1875,3.6666666666666665,3.770833333333333,8683200.0
AMZN,1997-11-13,47.38,47.63,45.25,46.31,357500.0,0.0,1.0,3.9483333333333333,3.9691666666666667,3.770833333333333,3.859166666666667,4290000.0
AMZN,1997-11-14,47.25,50.5,45.38,50.0,489100.0,0.0,1.0,3.9375,4.208333333333333,3.7816666666666667,4.166666666666666,5869200.0
AMZN,1997-11-17,50.75,54.5,50.63,52.5,616200.0,0.0,1.0,4.229166666666666,4.541666666666666,4.219166666666666,4.375,7394400.0
AMZN,1997-11-18,52.5,53.75,52.13,53.0,155500.0,0.0,1.0,4.375,4.479166666666666,4.344166666666666,4.416666666666666,1866000.0
AMZN,1997-11-19,52.88,54.25,51.75,54.13,211200.0,0.0,1.0,4.406666666666666,4.520833333333333,4.3125,4.510833333333333,2534400.0
AMZN,1997-11-20,54.88,55.25,54.13,55.0,493600.0,0.0,1.0,4.573333333333333,4.604166666666666,4.510833333333333,4.583333333333333,5923200.0
AMZN,1997-11-21,54.63,55.0,53.88,53.88,216900.0,0.0,1.0,4.5525,4.583333333333333,4.49,4.49,2602800.0
AMZN,1997-11-24,52.5,52.88,50.75,50.75,168300.0,0.0,1.0,4.375,4.406666666666666,4.229166666666666,4.229166666666666,2019600.0
AMZN,1997-11-25,50.88,52.0,48.5,50.44,275400.0,0.0,1.0,4.24,4.333333333333333,4.041666666666666,4.203333333333333,3304800.0
AMZN,1997-11-26,50.88,52.94,50.88,51.13,135900.0,0.0,1.0,4.24,4.411666666666666,4.24,4.260833333333333,1630800.0
AMZN,1997-11-28,51.25,52.0,49.38,49.5,133600.0,0.0,1.0,4.270833333333333,4.333333333333333,4.115,4.125,1603200.0
AMZN,1997-12-01,50.88,52.5,49.63,51.25,198600.0,0.0,1.0,4.24,4.375,4.135833333333333,4.270833333333333,2383200.0
AMZN,1997-12-02,51.13,51.63,50.13,50.81,105200.0,0.0,1.0,4.260833333333333,4.3025,4.1775,4.234166666666667,1262400.0
AMZN,1997-12-03,50.38,52.5,50.25,52.38,107500.0,0.0,1.0,4.198333333333333,4.375,4.1875,4.365,1290000.0
AMZN,1997-12-04,52.81,54.63,52.63,54.0,253200.0,0.0,1.0,4.400833333333333,4.5525,4.385833333333333,4.5,3038400.0
AMZN,1997-12-05,53.25,55.13,52.25,55.13,221800.0,0.0,1.0,4.4375,4.594166666666666,4.354166666666666,4.594166666666666,2661600.0
AMZN,1997-12-08,54.5,57.25,54.25,56.5,397200.0,0.0,1.0,4.541666666666666,4.770833333333333,4.520833333333333,4.708333333333333,4766400.0
AMZN,1997-12-09,56.0,57.25,55.25,56.25,111000.0,0.0,1.0,4.666666666666666,4.770833333333333,4.604166666666666,4.6875,1332000.0
AMZN,1997-12-10,55.0,55.5,52.75,54.13,120400.0,0.0,1.0,4.583333333333333,4.625,4.395833333333333,4.510833333333333,1444800.0
AMZN,1997-12-11,52.75,58.0,52.75,56.25,417900.0,0.0,1.0,4.395833333333333,4.833333333333333,4.395833333333333,4.6875,5014800.0
AMZN,1997-12-12,55.75,57.63,52.88,54.5,222700.0,0.0,1.0,4.645833333333333,4.8025,4.406666666666666,4.541666666666666,2672400.0
AMZN,1997-12-15,55.0,56.0,52.88,55.0,141200.0,0.0,1.0,4.583333333333333,4.666666666666666,4.406666666666666,4.583333333333333,1694400.0
AMZN,1997-12-16,55.75,55.75,53.5,53.5,140600.0,0.0,1.0,4.645833333333333,4.645833333333333,4.458333333333333,4.458333333333333,1687200.0
AMZN,1997-12-17,52.5,53.5,51.06,52.69,511700.0,0.0,1.0,4.375,4.458333333333333,4.255,4.390833333333333,6140400.0
AMZN,1997-12-18,52.25,53.13,50.75,51.5,267000.0,0.0,1.0,4.354166666666666,4.4275,4.229166666666666,4.291666666666666,3204000.0
AMZN,1997-12-19,50.75,54.25,50.0,54.0,396100.0,0.0,1.0,4.229166666666666,4.520833333333333,4.166666666666666,4.5,4753200.0
AMZN,1997-12-22,54.0,57.38,53.19,56.38,362700.0,0.0,1.0,4.5,4.781666666666666,4.432499999999999,4.698333333333333,4352400.0
AMZN,1997-12-23,56.25,56.88,55.5,55.5,98100.0,0.0,1.0,4.6875,4.74,4.625,4.625,1177200.0
AMZN,1997-12-24,55.5,56.5,53.63,55.25,194700.0,0.0,1.0,4.625,4.708333333333333,4.469166666666666,4.604166666666666,2336400.0
AMZN,1997-12-26,54.75,55.75,53.88,54.25,40600.0,0.0,1.0,4.5625,4.645833333333333,4.49,4.520833333333333,487200.0
AMZN,1997-12-29,55.0,57.38,54.38,57.0,212700.0,0.0,1.0,4.583333333333333,4.781666666666666,4.531666666666666,4.75,2552400.0
AMZN,1997-12-30,58.0,58.88,57.38,58.19,523800.0,0.0,1.0,4.833333333333333,4.906666666666666,4.781666666666666,4.849166666666666,6285600.0
AMZN,1997-12-31,58.5,60.38,58.13,60.25,370500.0,0.0,1.0,4.875,5.031666666666666,4.844166666666666,5.020833333333333,4446000.0
AMZN,1998-01-02,60.0,60.0,57.56,59.5,138400.0,0.0,1.0,5.0,5.0,4.796666666666667,4.958333333333333,1660800.0
AMZN,1998-01-05,58.63,59.25,56.5,57.0,299200.0,0.0,1.0,4.885833333333333,4.9375,4.708333333333333,4.75,3590400.0
AMZN,1998-01-06,56.38,58.5,56.0,58.06,347900.0,0.0,1.0,4.698333333333333,4.875,4.666666666666666,4.838333333333333,4174800.0
AMZN,1998-01-07,58.0,58.0,56.31,57.38,227100.0,0.0,1.0,4.833333333333333,4.833333333333333,4.6925,4.781666666666666,2725200.0
AMZN,1998-01-08,56.38,56.44,54.38,55.38,501300.0,0.0,1.0,4.698333333333333,4.703333333333333,4.531666666666666,4.615,6015600.0
AMZN,1998-01-09,56.0,56.0,50.75,51.13,553600.0,0.0,1.0,4.666666666666666,4.666666666666666,4.229166666666666,4.260833333333333,6643200.0
AMZN,1998-01-12,50.0,52.63,49.75,51.63,616800.0,0.0,1.0,4.166666666666666,4.385833333333333,4.145833333333333,4.3025,7401600.0
AMZN,1998-01-13,52.13,56.0,51.88,55.75,610100.0,0.0,1.0,4.344166666666666,4.666666666666666,4.323333333333333,4.645833333333333,7321200.0
AMZN,1998-01-14,55.88,58.5,55.5,58.5,708800.0,0.0,1.0,4.656666666666666,4.875,4.625,4.875,8505600.0
AMZN,1998-01-15,57.5,60.13,57.5,59.44,501200.0,0.0,1.0,4.791666666666666,5.010833333333333,4.791666666666666,4.953333333333333,6014400.0
AMZN,1998-01-16,59.5,59.75,57.25,57.5,213600.0,0.0,1.0,4.958333333333333,4.979166666666666,4.770833333333333,4.791666666666666,2563200.0
AMZN,1998-01-20,57.88,60.13,57.75,59.44,455600.0,0.0,1.0,4.823333333333333,5.010833333333333,4.8125,4.953333333333333,5467200.0
AMZN,1998-01-21,59.25,62.0,58.5,60.88,728200.0,0.0,1.0,4.9375,5.166666666666666,4.875,5.073333333333333,8738400.0
AMZN,1998-01-22,60.88,63.25,60.25,61.63,789300.0,0.0,1.0,5.073333333333333,5.270833333333333,5.020833333333333,5.135833333333333,9471600.0
AMZN,1998-01-23,64.13,64.13,59.25,59.25,759900.0,0.0,1.0,5.344166666666666,5.344166666666666,4.9375,4.9375,9118800.0
AMZN,1998-01-26,59.75,59.88,56.88,57.75,392700.0,0.0,1.0,4.979166666666666,4.99,4.74,4.8125,4712400.0
AMZN,1998-01-27,57.81,58.38,56.0,57.0,342000.0,0.0,1.0,4.8175,4.865,4.666666666666666,4.75,4104000.0
AMZN,1998-01-28,57.0,58.0,55.5,57.25,441100.0,0.0,1.0,4.75,4.833333333333333,4.625,4.770833333333333,5293200.0
AMZN,1998-01-29,57.5,59.88,57.38,59.5,403000.0,0.0,1.0,4.791666666666666,4.99,4.781666666666666,4.958333333333333,4836000.0
AMZN,1998-01-30,60.0,60.75,58.63,59.0,310200.0,0.0,1.0,5.0,5.0625,4.885833333333333,4.916666666666666,3722400.0
AMZN,1998-02-02,59.38,62.5,59.25,62.38,576100.0,0.0,1.0,4.948333333333333,5.208333333333333,4.9375,5.198333333333333,6913200.0
AMZN,1998-02-03,62.25,63.0,61.13,61.81,369100.0,0.0,1.0,5.1875,5.25,5.094166666666666,5.150833333333333,4429200.0
AMZN,1998-02-04,60.75,62.25,60.63,60.75,102900.0,0.0,1.0,5.0625,5.1875,5.0525,5.0625,1234800.0
AMZN,1998-02-05,61.38,61.38,58.5,59.25,486000.0,0.0,1.0,5.115,5.115,4.875,4.9375,5832000.0
AMZN,1998-02-06,59.13,60.25,58.5,58.88,176900.0,0.0,1.0,4.9275,5.020833333333333,4.875,4.906666666666666,2122800.0
AMZN,1998-02-09,59.0,59.5,57.25,58.25,218900.0,0.0,1.0,4.916666666666666,4.958333333333333,4.770833333333333,4.854166666666666,2626800.0
AMZN,1998-02-10,58.5,63.81,58.0,63.63,1024700.0,0.0,1.0,4.875,5.3175,4.833333333333333,5.3025,12296400.0
AMZN,1998-02-11,63.5,65.56,63.38,63.5,539500.0,0.0,1.0,5.291666666666666,5.463333333333333,5.281666666666666,5.291666666666666,6474000.0
AMZN,1998-02-12,63.25,63.63,62.25,63.13,253000.0,0.0,1.0,5.270833333333333,5.3025,5.1875,5.260833333333333,3036000.0
AMZN,1998-02-13,63.0,63.25,61.75,62.25,701700.0,0.0,1.0,5.25,5.270833333333333,5.145833333333333,5.1875,8420400.0
AMZN,1998-02-17,62.63,62.63,60.88,61.75,198000.0,0.0,1.0,5.219166666666666,5.219166666666666,5.073333333333333,5.145833333333333,2376000.0
AMZN,1998-02-18,61.75,61.75,60.63,60.88,247600.0,0.0,1.0,5.145833333333333,5.145833333333333,5.0525,5.073333333333333,2971200.0
AMZN,1998-02-19,61.31,63.5,61.0,62.75,369700.0,0.0,1.0,5.109166666666667,5.291666666666666,5.083333333333333,5.229166666666666,4436400.0
AMZN,1998-02-20,62.75,63.5,61.38,63.25,225300.0,0.0,1.0,5.229166666666666,5.291666666666666,5.115,5.270833333333333,2703600.0
AMZN,1998-02-23,63.5,65.0,62.5,64.88,331500.0,0.0,1.0,5.291666666666666,5.416666666666666,5.208333333333333,5.406666666666666,3978000.0
AMZN,1998-02-24,65.0,68.13,64.25,64.88,1162100.0,0.0,1.0,5.416666666666666,5.677499999999999,5.354166666666666,5.406666666666666,13945200.0
AMZN,1998-02-25,65.63,66.5,63.13,65.88,562100.0,0.0,1.0,5.469166666666666,5.541666666666666,5.260833333333333,5.489999999999999,6745200.0
AMZN,1998-02-26,65.56,73.0,65.25,72.75,1281100.0,0.0,1.0,5.463333333333333,6.083333333333333,5.4375,6.0625,15373200.0
AMZN,1998-02-27,72.25,79.63,71.81,77.0,2058900.0,0.0,1.0,6.020833333333333,6.635833333333332,5.984166666666667,6.416666666666666,24706800.0
AMZN,1998-03-02,75.88,77.25,75.0,76.25,913100.0,0.0,1.0,6.323333333333332,6.4375,6.25,6.354166666666666,10957200.0
AMZN,1998-03-03,75.5,75.75,71.5,71.75,668000.0,0.0,1.0,6.291666666666666,6.3125,5.958333333333333,5.979166666666666,8016000.0
AMZN,1998-03-04,72.0,74.25,70.0,73.44,609500.0,0.0,1.0,6.0,6.1875,5.833333333333333,6.119999999999999,7314000.0
AMZN,1998-03-05,71.75,78.19,71.25,75.0,1000100.0,0.0,1.0,5.979166666666666,6.515833333333333,5.9375,6.25,12001200.0
AMZN,1998-03-06,75.63,77.0,73.75,76.75,490600.0,0.0,1.0,6.302499999999999,6.416666666666666,6.145833333333333,6.395833333333333,5887200.0
AMZN,1998-03-09,76.88,85.75,76.75,83.5,1921300.0,0.0,1.0,6.406666666666666,7.145833333333333,6.395833333333333,6.958333333333333,23055600.0
AMZN,1998-03-10,85.5,88.25,82.88,83.11,2062500.0,0.0,1.0,7.125,7.354166666666666,6.906666666666666,6.925833333333333,24750000.0
AMZN,1998-03-11,82.0,82.5,78.25,79.63,1029100.0,0.0,1.0,6.833333333333333,6.875,6.520833333333333,6.635833333333332,12349200.0
AMZN,1998-03-12,78.75,81.13,77.13,78.5,816600.0,0.0,1.0,6.5625,6.760833333333332,6.427499999999999,6.541666666666666,9799200.0
AMZN,1998-03-13,79.63,80.88,77.75,78.69,543600.0,0.0,1.0,6.635833333333332,6.739999999999999,6.479166666666666,6.557499999999999,6523200.0
AMZN,1998-03-16,79.56,80.75,79.0,79.0,276000.0,0.0,1.0,6.63,6.729166666666666,6.583333333333333,6.583333333333333,3312000.0
AMZN,1998-03-17,79.75,80.25,77.88,79.88,258400.0,0.0,1.0,6.645833333333333,6.6875,6.489999999999999,6.656666666666666,3100800.0
AMZN,1998-03-18,79.25,85.75,79.25,85.31,1138300.0,0.0,1.0,6.604166666666666,7.145833333333333,6.604166666666666,7.109166666666667,13659600.0
AMZN,1998-03-19,85.38,87.5,83.75,84.0,1009600.0,0.0,1.0,7.114999999999999,7.291666666666666,6.979166666666666,7.0,12115200.0
AMZN,1998-03-20,84.0,84.88,83.13,84.0,534400.0,0.0,1.0,7.0,7.073333333333332,6.927499999999999,7.0,6412800.0
AMZN,1998-03-23,83.56,84.75,82.75,83.81,250400.0,0.0,1.0,6.963333333333333,7.0625,6.895833333333333,6.984166666666667,3004800.0
AMZN,1998-03-24,82.5,86.75,82.5,84.25,473400.0,0.0,1.0,6.875,7.229166666666666,6.875,7.020833333333333,5680800.0
AMZN,1998-03-25,85.0,85.75,81.0,81.69,940800.0,0.0,1.0,7.083333333333333,7.145833333333333,6.75,6.807499999999999,11289600.0
AMZN,1998-03-26,81.75,83.75,79.5,82.75,656500.0,0.0,1.0,6.8125,6.979166666666666,6.625,6.895833333333333,7878000.0
AMZN,1998-03-27,84.25,87.13,82.75,85.0,637200.0,0.0,1.0,7.020833333333333,7.260833333333332,6.895833333333333,7.083333333333333,7646400.0
AMZN,1998-03-30,85.88,87.5,85.13,85.88,458400.0,0.0,1.0,7.156666666666666,7.291666666666666,7.094166666666666,7.156666666666666,5500800.0
AMZN,1998-03-31,85.38,86.5,83.75,85.53,547100.0,0.0,1.0,7.114999999999999,7.208333333333333,6.979166666666666,7.1274999999999995,6565200.0
AMZN,1998-04-01,85.25,90.38,84.03,90.13,1204300.0,0.0,1.0,7.104166666666666,7.531666666666666,7.0024999999999995,7.510833333333332,14451600.0
AMZN,1998-04-02,91.13,96.75,89.75,95.06,1386900.0,0.0,1.0,7.594166666666666,8.0625,7.479166666666666,7.921666666666667,16642800.0
AMZN,1998-04-03,96.25,96.38,92.25,93.0,974500.0,0.0,1.0,8.020833333333332,8.031666666666666,7.6875,7.75,11694000.0
AMZN,1998-04-06,94.25,94.75,88.25,88.63,918700.0,0.0,1.0,7.854166666666666,7.895833333333333,7.354166666666666,7.385833333333332,11024400.0
AMZN,1998-04-07,87.0,87.25,84.75,86.0,969500.0,0.0,1.0,7.25,7.270833333333333,7.0625,7.166666666666666,11634000.0
AMZN,1998-04-08,86.38,89.75,85.5,88.63,942900.0,0.0,1.0,7.198333333333332,7.479166666666666,7.125,7.385833333333332,11314800.0
AMZN,1998-04-09,92.38,96.0,91.63,95.25,1336200.0,0.0,1.0,7.698333333333332,8.0,7.635833333333332,7.9375,16034400.0
AMZN,1998-04-13,94.88,96.25,92.0,94.31,915000.0,0.0,1.0,7.906666666666666,8.020833333333332,7.666666666666666,7.859166666666667,10980000.0
AMZN,1998-04-14,93.88,99.88,93.25,97.19,1360300.0,0.0,1.0,7.823333333333332,8.323333333333332,7.770833333333333,8.099166666666665,16323600.0
AMZN,1998-04-15,98.0,100.0,94.5,96.13,932700.0,0.0,1.0,8.166666666666666,8.333333333333332,7.875,8.010833333333332,11192400.0
AMZN,1998-04-16,96.13,99.31,93.19,98.5,1353700.0,0.0,1.0,8.010833333333332,8.275833333333333,7.765833333333333,8.208333333333332,16244400.0
AMZN,1998-04-17,95.81,97.25,94.5,94.88,586300.0,0.0,1.0,7.984166666666667,8.104166666666666,7.875,7.906666666666666,7035600.0
AMZN,1998-04-20,95.38,99.5,93.75,94.25,748300.0,0.0,1.0,7.948333333333332,8.291666666666666,7.8125,7.854166666666666,8979600.0
AMZN,1998-04-21,93.06,95.38,91.13,93.06,696200.0,0.0,1.0,7.755,7.948333333333332,7.594166666666666,7.755,8354400.0
AMZN,1998-04-22,87.25,93.63,87.0,87.25,941800.0,0.0,1.0,7.270833333333333,7.802499999999999,7.25,7.270833333333333,11301600.0
AMZN,1998-04-23,87.0,87.0,80.5,81.0,1021100.0,0.0,1.0,7.25,7.25,6.708333333333333,6.75,12253200.0
AMZN,1998-04-24,82.0,87.75,81.5,84.88,1398800.0,0.0,1.0,6.833333333333333,7.3125,6.791666666666666,7.073333333333332,16785600.0
AMZN,1998-04-27,83.38,84.63,77.13,82.75,1573800.0,0.0,1.0,6.948333333333332,7.052499999999999,6.427499999999999,6.895833333333333,18885600.0
AMZN,1998-04-28,92.88,99.5,89.06,95.63,5799500.0,0.0,1.0,7.739999999999999,8.291666666666666,7.421666666666667,7.969166666666666,69594000.0
AMZN,1998-04-29,97.25,98.63,93.63,95.5,2638100.0,0.0,1.0,8.104166666666666,8.219166666666666,7.802499999999999,7.958333333333333,31657200.0
AMZN,1998-04-30,97.5,98.0,90.5,91.75,1873800.0,0.0,1.0,8.125,8.166666666666666,7.541666666666666,7.645833333333333,22485600.0
AMZN,1998-05-01,92.75,95.13,90.5,94.5,775600.0,0.0,1.0,7.729166666666666,7.927499999999999,7.541666666666666,7.875,9307200.0
AMZN,1998-05-04,95.0,95.88,93.38,95.25,644600.0,0.0,1.0,7.916666666666666,7.989999999999999,7.781666666666666,7.9375,7735200.0
AMZN,1998-05-05,94.0,95.5,93.13,93.72,499900.0,0.0,1.0,7.833333333333333,7.958333333333333,7.760833333333332,7.81,5998800.0
AMZN,1998-05-06,94.0,94.0,90.13,90.38,619900.0,0.0,1.0,7.833333333333333,7.833333333333333,7.510833333333332,7.531666666666666,7438800.0
AMZN,1998-05-07,91.0,93.0,88.25,91.0,1157300.0,0.0,1.0,7.583333333333333,7.75,7.354166666666666,7.583333333333333,13887600.0
AMZN,1998-05-08,91.25,92.75,89.5,92.38,399400.0,0.0,1.0,7.604166666666666,7.729166666666666,7.458333333333333,7.698333333333332,4792800.0
AMZN,1998-05-11,92.94,93.0,86.5,86.88,947700.0,0.0,1.0,7.744999999999999,7.75,7.208333333333333,7.239999999999999,11372400.0
AMZN,1998-05-12,87.75,91.94,86.63,91.38,969700.0,0.0,1.0,7.3125,7.661666666666666,7.219166666666666,7.614999999999999,11636400.0
AMZN,1998-05-13,90.5,94.0,89.75,92.88,1162000.0,0.0,1.0,7.541666666666666,7.833333333333333,7.479166666666666,7.739999999999999,13944000.0
AMZN,1998-05-14,92.0,94.63,91.0,91.56,716700.0,0.0,1.0,7.666666666666666,7.885833333333332,7.583333333333333,7.63,8600400.0
AMZN,1998-05-15,91.88,92.5,89.5,89.63,385700.0,0.0,1.0,7.656666666666666,7.708333333333333,7.458333333333333,7.469166666666666,4628400.0
AMZN,1998-05-18,90.0,90.63,86.75,88.06,551500.0,0.0,1.0,7.5,7.552499999999999,7.229166666666666,7.338333333333333,6618000.0
AMZN,1998-05-19,89.63,90.63,89.25,90.38,285300.0,0.0,1.0,7.469166666666666,7.552499999999999,7.4375,7.531666666666666,3423600.0
AMZN,1998-05-20,90.38,91.5,88.25,88.63,337400.0,0.0,1.0,7.531666666666666,7.625,7.354166666666666,7.385833333333332,4048800.0
AMZN,1998-05-21,89.5,90.0,87.31,88.75,283600.0,0.0,1.0,7.458333333333333,7.5,7.275833333333333,7.395833333333333,3403200.0
AMZN,1998-05-22,88.38,88.63,85.5,86.0,488500.0,0.0,1.0,7.364999999999999,7.385833333333332,7.125,7.166666666666666,5862000.0
AMZN,1998-05-26,86.06,86.88,80.88,81.88,907000.0,0.0,1.0,7.171666666666667,7.239999999999999,6.739999999999999,6.823333333333332,10884000.0
AMZN,1998-05-27,80.38,87.38,79.75,86.63,1936200.0,0.0,1.0,6.698333333333332,7.281666666666666,6.645833333333333,7.219166666666666,23234400.0
AMZN,1998-05-28,87.25,87.75,85.25,85.94,784400.0,0.0,1.0,7.270833333333333,7.3125,7.104166666666666,7.161666666666666,9412800.0
AMZN,1998-05-29,85.88,89.0,85.5,88.13,720100.0,0.0,1.0,7.156666666666666,7.416666666666666,7.125,7.344166666666666,8641200.0
AMZN,1998-06-01,88.0,88.5,83.31,85.63,670300.0,0.0,1.0,7.333333333333333,7.375,6.9425,7.135833333333332,8043600.0
AMZN,1998-06-02,43.63,44.5,41.5,43.69,683450.0,0.0,2.0,7.2716666666666665,7.416666666666666,6.916666666666666,7.281666666666666,4100700.0
AMZN,1998-06-03,44.88,45.25,42.0,42.25,1096900.0,0.0,1.0,7.48,7.541666666666666,7.0,7.041666666666666,6581400.0
AMZN,1998-06-04,42.94,43.94,41.25,43.88,832600.0,0.0,1.0,7.156666666666666,7.323333333333332,6.875,7.3133333333333335,4995600.0
AMZN,1998-06-05,43.75,44.38,43.13,44.25,571200.0,0.0,1.0,7.291666666666666,7.3966666666666665,7.1883333333333335,7.375,3427200.0
AMZN,1998-06-08,43.81,46.31,43.5,46.25,910500.0,0.0,1.0,7.301666666666667,7.718333333333334,7.25,7.708333333333333,5463000.0
AMZN,1998-06-09,46.44,51.88,46.25,51.25,3239400.0,0.0,1.0,7.739999999999999,8.646666666666667,7.708333333333333,8.541666666666666,19436400.0
AMZN,1998-06-10,51.63,56.25,51.0,54.12,4047500.0,0.0,1.0,8.605,9.375,8.5,9.02,24285000.0
AMZN,1998-06-11,55.25,62.63,55.0,62.5,5975200.0,0.0,1.0,9.208333333333332,10.438333333333333,9.166666666666666,10.416666666666666,35851200.0
AMZN,1998-06-12,63.5,63.5,58.25,61.0,3609300.0,0.0,1.0,10.583333333333332,10.583333333333332,9.708333333333332,10.166666666666666,21655800.0
AMZN,1998-06-15,59.5,68.5,59.13,65.75,5616900.0,0.0,1.0,9.916666666666666,11.416666666666666,9.855,10.958333333333332,33701400.0
AMZN,1998-06-16,66.75,73.75,66.5,73.63,6527900.0,0.0,1.0,11.125,12.291666666666666,11.083333333333332,12.271666666666665,39167400.0
AMZN,1998-06-17,75.88,81.19,75.38,79.0,6710900.0,0.0,1.0,12.646666666666665,13.531666666666666,12.563333333333333,13.166666666666666,40265400.0
AMZN,1998-06-18,81.0,82.5,71.75,72.13,5273300.0,0.0,1.0,13.5,13.75,11.958333333333332,12.021666666666665,31639800.0
AMZN,1998-06-19,71.06,76.25,68.0,75.81,6113100.0,0.0,1.0,11.843333333333334,12.708333333333332,11.333333333333332,12.635,36678600.0
AMZN,1998-06-22,74.75,82.38,72.25,81.38,6053000.0,0.0,1.0,12.458333333333332,13.729999999999999,12.041666666666666,13.563333333333333,36318000.0
AMZN,1998-06-23,81.06,92.75,80.5,92.69,6243900.0,0.0,1.0,13.51,15.458333333333332,13.416666666666666,15.448333333333332,37463400.0
AMZN,1998-06-24,95.0,100.8,89.13,99.81,9784100.0,0.0,1.0,15.833333333333332,16.799999999999997,14.854999999999999,16.634999999999998,58704600.0
AMZN,1998-06-25,100.0,104.8,96.0,99.06,9077500.0,0.0,1.0,16.666666666666664,17.466666666666665,16.0,16.509999999999998,54465000.0
AMZN,1998-06-26,97.5,100.3,93.75,94.25,5191600.0,0.0,1.0,16.25,16.716666666666665,15.625,15.708333333333332,31149600.0
AMZN,1998-06-29,94.75,99.63,94.75,98.75,4084600.0,0.0,1.0,15.791666666666666,16.604999999999997,15.791666666666666,16.458333333333332,24507600.0
AMZN,1998-06-30,97.81,101.5,96.75,99.75,3646200.0,0.0,1.0,16.301666666666666,16.916666666666664,16.125,16.625,21877200.0
AMZN,1998-07-01,101.8,114.5,100.8,114.1,4709100.0,0.0,1.0,16.966666666666665,19.083333333333332,16.799999999999997,19.016666666666666,28254600.0
AMZN,1998-07-02,115.8,125.5,112.5,124.0,8713300.0,0.0,1.0,19.299999999999997,20.916666666666664,18.75,20.666666666666664,52279800.0
AMZN,1998-07-06,127.4,140.8,125.5,139.5,7813900.0,0.0,1.0,21.233333333333334,23.46666666666667,20.916666666666664,23.25,46883400.0
AMZN,1998-07-07,143.0,143.8,121.0,122.1,7875300.0,0.0,1.0,23.833333333333332,23.96666666666667,20.166666666666664,20.349999999999998,47251800.0
AMZN,1998-07-08,111.9,119.0,102.4,111.6,9718600.0,0.0,1.0,18.65,19.833333333333332,17.066666666666666,18.599999999999998,58311600.0
AMZN,1998-07-09,110.6,116.5,105.0,105.5,4915500.0,0.0,1.0,18.43333333333333,19.416666666666664,17.5,17.583333333333332,29493000.0
AMZN,1998-07-10,103.0,105.9,98.13,99.5,4163700.0,0.0,1.0,17.166666666666664,17.65,16.354999999999997,16.583333333333332,24982200.0
AMZN,1998-07-13,96.5,108.0,94.25,107.6,3208000.0,0.0,1.0,16.083333333333332,18.0,15.708333333333332,17.93333333333333,19248000.0
AMZN,1998-07-14,108.5,115.8,107.0,115.0,4226400.0,0.0,1.0,18.083333333333332,19.299999999999997,17.833333333333332,19.166666666666664,25358400.0
AMZN,1998-07-15,116.0,117.4,109.8,112.5,2935000.0,0.0,1.0,19.333333333333332,19.566666666666666,18.299999999999997,18.75,17610000.0
AMZN,1998-07-16,113.44,115.0,108.5,113.37,2333200.0,0.0,1.0,18.906666666666666,19.166666666666664,18.083333333333332,18.895,13999200.0
AMZN,1998-07-17,112.4,120.5,111.9,119.8,2971000.0,0.0,1.0,18.733333333333334,20.083333333333332,18.65,19.966666666666665,17826000.0
AMZN,1998-07-20,121.1,140.1,119.8,137.5,5987500.0,0.0,1.0,20.18333333333333,23.349999999999998,19.966666666666665,22.916666666666664,35925000.0
AMZN,1998-07-21,137.3,147.0,128.0,132.1,7888000.0,0.0,1.0,22.883333333333333,24.5,21.333333333333332,22.016666666666666,47328000.0
AMZN,1998-07-22,134.0,139.9,130.5,134.0,4662400.0,0.0,1.0,22.333333333333332,23.316666666666666,21.75,22.333333333333332,27974400.0
AMZN,1998-07-23,130.0,138.5,127.0,127.6,4635100.0,0.0,1.0,21.666666666666664,23.083333333333332,21.166666666666664,21.266666666666666,27810600.0
AMZN,1998-07-24,129.3,131.5,117.0,124.3,4829000.0,0.0,1.0,21.55,21.916666666666664,19.5,20.716666666666665,28974000.0
AMZN,1998-07-27,119.1,127.4,115.6,125.6,4805100.0,0.0,1.0,19.849999999999998,21.233333333333334,19.266666666666666,20.93333333333333,28830600.0
AMZN,1998-07-28,124.4,126.0,118.0,118.9,3457800.0,0.0,1.0,20.733333333333334,21.0,19.666666666666664,19.816666666666666,20746800.0
AMZN,1998-07-29,120.5,121.5,107.5,107.8,3274100.0,0.0,1.0,20.083333333333332,20.25,17.916666666666664,17.966666666666665,19644600.0
AMZN,1998-07-30,111.8,115.0,105.5,113.8,5295700.0,0.0,1.0,18.633333333333333,19.166666666666664,17.583333333333332,18.966666666666665,31774200.0
AMZN,1998-07-31,114.5,115.1,109.1,110.9,2240100.0,0.0,1.0,19.083333333333332,19.18333333333333,18.18333333333333,18.483333333333334,13440600.0
AMZN,1998-08-03,109.8,111.5,107.3,108.3,2152200.0,0.0,1.0,18.299999999999997,18.583333333333332,17.883333333333333,18.049999999999997,12913200.0
AMZN,1998-08-04,110.1,114.1,108.1,109.9,4677500.0,0.0,1.0,18.349999999999998,19.016666666666666,18.016666666666666,18.316666666666666,28065000.0
AMZN,1998-08-05,112.8,113.1,100.0,106.2,3843400.0,0.0,1.0,18.799999999999997,18.849999999999998,16.666666666666664,17.7,23060400.0
AMZN,1998-08-06,104.4,112.5,103.1,109.5,3100600.0,0.0,1.0,17.4,18.75,17.18333333333333,18.25,18603600.0
AMZN,1998-08-07,111.3,118.9,109.4,116.0,3905500.0,0.0,1.0,18.549999999999997,19.816666666666666,18.233333333333334,19.333333333333332,23433000.0
AMZN,1998-08-10,117.0,121.9,115.0,121.6,3086000.0,0.0,1.0,19.5,20.316666666666666,19.166666666666664,20.266666666666666,18516000.0
AMZN,1998-08-11,115.5,126.9,115.3,124.0,4693100.0,0.0,1.0,19.25,21.15,19.216666666666665,20.666666666666664,28158600.0
AMZN,1998-08-12,126.8,131.5,124.1,130.4,3356800.0,0.0,1.0,21.133333333333333,21.916666666666664,20.68333333333333,21.733333333333334,20140800.0
AMZN,1998-08-13,130.6,135.0,127.0,127.5,4104900.0,0.0,1.0,21.766666666666666,22.5,21.166666666666664,21.25,24629400.0
AMZN,1998-08-14,130.7,130.8,120.3,122.8,3235000.0,0.0,1.0,21.78333333333333,21.8,20.049999999999997,20.466666666666665,19410000.0
AMZN,1998-08-17,120.8,123.2,118.5,119.7,2436300.0,0.0,1.0,20.133333333333333,20.53333333333333,19.75,19.95,14617800.0
AMZN,1998-08-18,121.2,129.1,119.5,128.7,3000100.0,0.0,1.0,20.2,21.516666666666666,19.916666666666664,21.449999999999996,18000600.0
AMZN,1998-08-19,131.3,133.8,127.0,128.8,3213600.0,0.0,1.0,21.883333333333333,22.3,21.166666666666664,21.46666666666667,19281600.0
AMZN,1998-08-20,126.3,129.8,125.5,129.1,2647700.0,0.0,1.0,21.049999999999997,21.633333333333333,20.916666666666664,21.516666666666666,15886200.0
AMZN,1998-08-21,127.3,130.3,123.3,129.7,2522700.0,0.0,1.0,21.216666666666665,21.71666666666667,20.549999999999997,21.616666666666664,15136200.0
AMZN,1998-08-24,130.3,135.0,130.1,134.8,2324900.0,0.0,1.0,21.71666666666667,22.5,21.68333333333333,22.46666666666667,13949400.0
AMZN,1998-08-25,137.4,137.5,130.8,131.6,2391900.0,0.0,1.0,22.9,22.916666666666664,21.8,21.93333333333333,14351400.0
AMZN,1998-08-26,129.8,130.3,126.8,127.3,2731800.0,0.0,1.0,21.633333333333333,21.71666666666667,21.133333333333333,21.216666666666665,16390800.0
AMZN,1998-08-27,124.4,125.0,119.0,119.0,2671200.0,0.0,1.0,20.733333333333334,20.833333333333332,19.833333333333332,19.833333333333332,16027200.0
AMZN,1998-08-28,119.8,120.9,103.3,105.9,6506000.0,0.0,1.0,19.966666666666665,20.15,17.216666666666665,17.65,39036000.0
AMZN,1998-08-31,105.4,107.6,83.13,83.75,6833400.0,0.0,1.0,17.566666666666666,17.93333333333333,13.854999999999999,13.958333333333332,41000400.0
AMZN,1998-09-01,76.13,86.63,65.38,79.95,11241800.0,0.0,1.0,12.688333333333333,14.438333333333333,10.896666666666665,13.325,67450800.0
AMZN,1998-09-02,83.13,96.0,82.0,87.88,7888100.0,0.0,1.0,13.854999999999999,16.0,13.666666666666666,14.646666666666665,47328600.0
AMZN,1998-09-03,83.63,90.25,80.75,85.88,4245200.0,0.0,1.0,13.938333333333333,15.041666666666666,13.458333333333332,14.313333333333333,25471200.0
AMZN,1998-09-04,86.69,90.0,82.0,86.25,2968700.0,0.0,1.0,14.448333333333332,15.0,13.666666666666666,14.375,17812200.0
AMZN,1998-09-08,94.0,94.75,90.0,92.25,3656100.0,0.0,1.0,15.666666666666666,15.791666666666666,15.0,15.375,21936600.0
AMZN,1998-09-09,89.5,92.38,83.38,84.5,2982700.0,0.0,1.0,14.916666666666666,15.396666666666665,13.896666666666665,14.083333333333332,17896200.0
AMZN,1998-09-10,79.38,80.5,75.25,79.63,5328300.0,0.0,1.0,13.229999999999999,13.416666666666666,12.541666666666666,13.271666666666665,31969800.0
AMZN,1998-09-11,78.38,80.88,73.5,76.06,3935400.0,0.0,1.0,13.063333333333333,13.479999999999999,12.25,12.676666666666666,23612400.0
AMZN,1998-09-14,80.38,80.5,73.5,73.69,2510000.0,0.0,1.0,13.396666666666665,13.416666666666666,12.25,12.281666666666666,15060000.0
AMZN,1998-09-15,70.81,74.75,70.38,73.0,2871400.0,0.0,1.0,11.801666666666666,12.458333333333332,11.729999999999999,12.166666666666666,17228400.0
AMZN,1998-09-16,74.25,85.94,71.5,84.5,6519800.0,0.0,1.0,12.375,14.323333333333332,11.916666666666666,14.083333333333332,39118800.0
AMZN,1998-09-17,80.44,83.5,76.5,77.0,7076300.0,0.0,1.0,13.406666666666666,13.916666666666666,12.75,12.833333333333332,42457800.0
AMZN,1998-09-18,77.75,81.19,77.69,79.69,2790400.0,0.0,1.0,12.958333333333332,13.531666666666666,12.948333333333332,13.281666666666666,16742400.0
AMZN,1998-09-21,76.0,86.88,76.0,85.5,3961200.0,0.0,1.0,12.666666666666666,14.479999999999999,12.666666666666666,14.25,23767200.0
AMZN,1998-09-22,88.25,91.5,87.63,88.19,5050900.0,0.0,1.0,14.708333333333332,15.25,14.604999999999999,14.698333333333332,30305400.0
AMZN,1998-09-23,90.81,105.5,90.0,105.1,7597300.0,0.0,1.0,15.135,17.583333333333332,15.0,17.516666666666666,45583800.0
AMZN,1998-09-24,107.1,116.9,101.5,102.1,8520700.0,0.0,1.0,17.849999999999998,19.483333333333334,16.916666666666664,17.016666666666666,51124200.0
AMZN,1998-09-25,98.5,110.6,98.5,109.3,6099800.0,0.0,1.0,16.416666666666664,18.43333333333333,16.416666666666664,18.216666666666665,36598800.0
AMZN,1998-09-28,116.4,120.0,111.9,115.6,6434100.0,0.0,1.0,19.4,20.0,18.65,19.266666666666666,38604600.0
AMZN,1998-09-29,117.3,119.6,111.5,113.1,6389300.0,0.0,1.0,19.549999999999997,19.93333333333333,18.583333333333332,18.849999999999998,38335800.0
AMZN,1998-09-30,111.5,115.5,108.8,111.6,4905100.0,0.0,1.0,18.583333333333332,19.25,18.133333333333333,18.599999999999998,29430600.0
AMZN,1998-10-01,108.0,111.0,100.0,102.6,5732000.0,0.0,1.0,18.0,18.5,16.666666666666664,17.099999999999998,34392000.0
AMZN,1998-10-02,105.3,111.9,101.0,110.3,5749300.0,0.0,1.0,17.549999999999997,18.65,16.833333333333332,18.383333333333333,34495800.0
AMZN,1998-10-05,108.9,111.0,101.0,104.7,4082700.0,0.0,1.0,18.15,18.5,16.833333333333332,17.45,24496200.0
AMZN,1998-10-06,111.5,112.3,104.0,108.3,4695300.0,0.0,1.0,18.583333333333332,18.716666666666665,17.333333333333332,18.049999999999997,28171800.0
AMZN,1998-10-07,102.6,104.8,91.25,93.44,7139000.0,0.0,1.0,17.099999999999998,17.466666666666665,15.208333333333332,15.573333333333332,42834000.0
AMZN,1998-10-08,82.88,88.0,80.0,86.19,5064100.0,0.0,1.0,13.813333333333333,14.666666666666666,13.333333333333332,14.364999999999998,30384600.0
AMZN,1998-10-09,90.25,91.88,83.75,91.19,3454500.0,0.0,1.0,15.041666666666666,15.313333333333333,13.958333333333332,15.198333333333332,20727000.0
AMZN,1998-10-12,97.13,101.0,93.0,93.19,3636200.0,0.0,1.0,16.188333333333333,16.833333333333332,15.5,15.531666666666666,21817200.0
AMZN,1998-10-13,91.81,95.38,90.63,91.38,1780900.0,0.0,1.0,15.301666666666666,15.896666666666665,15.104999999999999,15.229999999999999,10685400.0
AMZN,1998-10-14,91.06,97.63,89.75,93.5,2598400.0,0.0,1.0,15.176666666666666,16.271666666666665,14.958333333333332,15.583333333333332,15590400.0
AMZN,1998-10-15,94.25,97.88,92.5,97.06,2828500.0,0.0,1.0,15.708333333333332,16.313333333333333,15.416666666666666,16.176666666666666,16971000.0
AMZN,1998-10-16,98.63,101.9,97.0,99.44,3567500.0,0.0,1.0,16.438333333333333,16.983333333333334,16.166666666666664,16.57333333333333,21405000.0
AMZN,1998-10-19,99.0,106.9,99.0,105.8,2780200.0,0.0,1.0,16.5,17.816666666666666,16.5,17.633333333333333,16681200.0
AMZN,1998-10-20,108.8,112.5,106.6,106.8,3194600.0,0.0,1.0,18.133333333333333,18.75,17.766666666666666,17.799999999999997,19167600.0
AMZN,1998-10-21,109.4,110.3,105.6,110.0,2103000.0,0.0,1.0,18.233333333333334,18.383333333333333,17.599999999999998,18.333333333333332,12618000.0
AMZN,1998-10-22,107.6,117.9,107.4,114.7,4449200.0,0.0,1.0,17.93333333333333,19.65,17.9,19.116666666666667,26695200.0
AMZN,1998-10-23,114.5,118.3,114.1,116.1,2270800.0,0.0,1.0,19.083333333333332,19.716666666666665,19.016666666666666,19.349999999999998,13624800.0
AMZN,1998-10-26,119.1,121.9,116.8,121.4,3252800.0,0.0,1.0,19.849999999999998,20.316666666666666,19.466666666666665,20.233333333333334,19516800.0
AMZN,1998-10-27,124.1,126.0,116.1,116.3,3360700.0,0.0,1.0,20.68333333333333,21.0,19.349999999999998,19.383333333333333,20164200.0
AMZN,1998-10-28,116.9,119.5,114.3,117.1,3315300.0,0.0,1.0,19.483333333333334,19.916666666666664,19.049999999999997,19.516666666666666,19891800.0
AMZN,1998-10-29,121.3,127.3,119.0,126.5,5488700.0,0.0,1.0,20.216666666666665,21.216666666666665,19.833333333333332,21.083333333333332,32932200.0
AMZN,1998-10-30,126.6,129.8,124.6,126.4,3530400.0,0.0,1.0,21.099999999999998,21.633333333333333,20.766666666666666,21.066666666666666,21182400.0
AMZN,1998-11-02,128.1,131.4,124.5,131.0,5249000.0,0.0,1.0,21.349999999999998,21.9,20.75,21.833333333333332,31494000.0
AMZN,1998-11-03,131.1,133.1,125.8,126.1,3064700.0,0.0,1.0,21.849999999999998,22.18333333333333,20.966666666666665,21.016666666666666,18388200.0
AMZN,1998-11-04,131.4,132.0,126.6,129.8,3397200.0,0.0,1.0,21.9,22.0,21.099999999999998,21.633333333333333,20383200.0
AMZN,1998-11-05,127.7,130.1,126.3,128.5,2455400.0,0.0,1.0,21.28333333333333,21.68333333333333,21.049999999999997,21.416666666666664,14732400.0
AMZN,1998-11-06,126.0,128.3,124.0,124.6,3149000.0,0.0,1.0,21.0,21.383333333333333,20.666666666666664,20.766666666666666,18894000.0
AMZN,1998-11-09,121.9,127.4,120.8,126.9,3640600.0,0.0,1.0,20.316666666666666,21.233333333333334,20.133333333333333,21.15,21843600.0
AMZN,1998-11-10,128.3,140.0,128.1,131.8,5729300.0,0.0,1.0,21.383333333333333,23.333333333333332,21.349999999999998,21.96666666666667,34375800.0
AMZN,1998-11-11,133.6,134.3,125.3,126.6,2743900.0,0.0,1.0,22.266666666666666,22.383333333333333,20.883333333333333,21.099999999999998,16463400.0
AMZN,1998-11-12,125.5,132.9,125.0,131.0,1995800.0,0.0,1.0,20.916666666666664,22.15,20.833333333333332,21.833333333333332,11974800.0
AMZN,1998-11-13,131.9,133.5,125.7,127.8,1490100.0,0.0,1.0,21.983333333333334,22.25,20.95,21.299999999999997,8940600.0
AMZN,1998-11-16,128.5,129.9,123.5,126.3,1982900.0,0.0,1.0,21.416666666666664,21.65,20.583333333333332,21.049999999999997,11897400.0
AMZN,1998-11-17,129.4,154.3,128.5,148.5,10190300.0,0.0,1.0,21.566666666666666,25.71666666666667,21.416666666666664,24.75,61141800.0
AMZN,1998-11-18,151.6,170.6,151.5,164.0,9855600.0,0.0,1.0,25.266666666666666,28.43333333333333,25.25,27.333333333333332,59133600.0
AMZN,1998-11-19,171.0,175.4,153.0,153.3,6482600.0,0.0,1.0,28.5,29.233333333333334,25.5,25.55,38895600.0
AMZN,1998-11-20,175.0,181.8,165.0,180.6,11152100.0,0.0,1.0,29.166666666666664,30.3,27.5,30.099999999999998,66912600.0
AMZN,1998-11-23,190.9,218.5,186.1,218.0,11296900.0,0.0,1.0,31.816666666666666,36.416666666666664,31.016666666666666,36.33333333333333,67781400.0
AMZN,1998-11-24,224.0,233.1,205.0,214.5,13612600.0,0.0,1.0,37.33333333333333,38.849999999999994,34.166666666666664,35.75,81675600.0
AMZN,1998-11-25,216.5,223.5,205.0,210.31,4587100.0,0.0,1.0,36.08333333333333,37.25,34.166666666666664,35.05166666666666,27522600.0
AMZN,1998-11-27,217.3,218.0,213.0,216.6,1597800.0,0.0,1.0,36.21666666666667,36.33333333333333,35.5,36.099999999999994,9586800.0
AMZN,1998-11-30,219.6,220.3,191.8,192.0,4958700.0,0.0,1.0,36.599999999999994,36.71666666666667,31.96666666666667,32.0,29752200.0
AMZN,1998-12-01,185.5,209.8,182.0,209.5,7859100.0,0.0,1.0,30.916666666666664,34.96666666666667,30.333333333333332,34.916666666666664,47154600.0
AMZN,1998-12-02,206.9,207.5,197.6,199.5,4941500.0,0.0,1.0,34.483333333333334,34.58333333333333,32.93333333333333,33.25,29649000.0
AMZN,1998-12-03,199.1,204.5,185.0,189.5,3639400.0,0.0,1.0,33.18333333333333,34.08333333333333,30.833333333333332,31.583333333333332,21836400.0
AMZN,1998-12-04,195.5,197.0,182.5,188.5,3709600.0,0.0,1.0,32.58333333333333,32.83333333333333,30.416666666666664,31.416666666666664,22257600.0
AMZN,1998-12-07,193.0,194.0,185.1,191.0,2629000.0,0.0,1.0,32.166666666666664,32.33333333333333,30.849999999999998,31.833333333333332,15774000.0
AMZN,1998-12-08,189.6,205.9,188.5,204.1,4258300.0,0.0,1.0,31.599999999999998,34.31666666666666,31.416666666666664,34.016666666666666,25549800.0
AMZN,1998-12-09,205.4,224.3,202.0,216.3,7751100.0,0.0,1.0,34.233333333333334,37.38333333333333,33.666666666666664,36.05,46506600.0
AMZN,1998-12-10,217.6,224.0,209.6,213.1,5060300.0,0.0,1.0,36.266666666666666,37.33333333333333,34.93333333333333,35.516666666666666,30361800.0
AMZN,1998-12-11,210.1,224.0,210.0,223.0,4244600.0,0.0,1.0,35.016666666666666,37.33333333333333,35.0,37.166666666666664,25467600.0
AMZN,1998-12-14,221.1,230.0,218.0,222.3,6458500.0,0.0,1.0,36.849999999999994,38.33333333333333,36.33333333333333,37.05,38751000.0
AMZN,1998-12-15,227.0,243.0,225.5,242.8,6335900.0,0.0,1.0,37.83333333333333,40.5,37.58333333333333,40.46666666666667,38015400.0
AMZN,1998-12-16,259.1,301.8,259.0,289.0,16966200.0,0.0,1.0,43.18333333333334,50.3,43.166666666666664,48.166666666666664,101797200.0
AMZN,1998-12-17,264.0,291.5,260.6,276.8,11272500.0,0.0,1.0,44.0,48.58333333333333,43.43333333333334,46.13333333333333,67635000.0
AMZN,1998-12-18,283.0,289.0,277.9,286.7,3825300.0,0.0,1.0,47.166666666666664,48.166666666666664,46.31666666666666,47.78333333333333,22951800.0
AMZN,1998-12-21,303.5,321.8,300.0,318.8,5564000.0,0.0,1.0,50.58333333333333,53.63333333333333,50.0,53.13333333333333,33384000.0
AMZN,1998-12-22,326.9,329.0,308.6,322.4,5293400.0,0.0,1.0,54.48333333333333,54.83333333333333,51.43333333333334,53.73333333333333,31760400.0
AMZN,1998-12-23,328.0,330.0,319.1,325.0,2427300.0,0.0,1.0,54.666666666666664,55.0,53.18333333333334,54.166666666666664,14563800.0
AMZN,1998-12-24,322.3,327.0,319.0,324.8,902300.0,0.0,1.0,53.71666666666667,54.5,53.166666666666664,54.13333333333333,5413800.0
AMZN,1998-12-28,331.0,361.9,325.0,351.9,4983100.0,0.0,1.0,55.166666666666664,60.31666666666666,54.166666666666664,58.64999999999999,29898600.0
AMZN,1998-12-29,350.0,350.1,328.5,332.3,4101300.0,0.0,1.0,58.33333333333333,58.35,54.75,55.38333333333333,24607800.0
AMZN,1998-12-30,333.0,343.3,303.9,321.3,5430600.0,0.0,1.0,55.5,57.21666666666667,50.64999999999999,53.55,32583600.0
AMZN,1998-12-31,317.3,331.0,316.1,321.3,3049700.0,0.0,1.0,52.88333333333333,55.166666666666664,52.68333333333334,53.55,18298200.0
AMZN,1999-01-04,327.7,356.0,319.9,354.9,6548700.0,0.0,1.0,54.61666666666666,59.33333333333333,53.31666666666666,59.14999999999999,39292200.0
AMZN,1999-01-05,109.1,129.8,106.5,124.6,10478867.0,0.0,3.0,54.55,64.9,53.25,62.3,20957734.0
AMZN,1999-01-06,136.5,140.4,134.0,138.0,18088300.0,0.0,1.0,68.25,70.2,67.0,69.0,36176600.0
AMZN,1999-01-07,137.1,160.3,133.0,158.9,23637300.0,0.0,1.0,68.55,80.15,66.5,79.45,47274600.0
AMZN,1999-01-08,185.0,199.1,152.0,160.3,33331100.0,0.0,1.0,92.5,99.55,76.0,80.15,66662200.0
AMZN,1999-01-11,184.0,185.0,167.6,184.6,19461500.0,0.0,1.0,92.0,92.5,83.8,92.3,38923000.0
AMZN,1999-01-12,180.5,182.0,159.0,163.4,12221600.0,0.0,1.0,90.25,91.0,79.5,81.7,24443200.0
AMZN,1999-01-13,129.0,163.5,126.0,148.0,14938200.0,0.0,1.0,64.5,81.75,63.0,74.0,29876400.0
AMZN,1999-01-14,150.0,159.3,136.0,138.0,10456200.0,0.0,1.0,75.0,79.65,68.0,69.0,20912400.0
AMZN,1999-01-15,140.0,150.1,137.6,140.4,10066300.0,0.0,1.0,70.0,75.05,68.8,70.2,20132600.0
AMZN,1999-01-19,150.5,150.5,136.3,139.8,5702700.0,0.0,1.0,75.25,75.25,68.15,69.9,11405400.0
AMZN,1999-01-20,135.1,137.0,109.8,113.0,15267600.0,0.0,1.0,67.55,68.5,54.9,56.5,30535200.0
AMZN,1999-01-21,104.5,110.4,92.56,106.0,23524100.0,0.0,1.0,52.25,55.2,46.28,53.0,47048200.0
AMZN,1999-01-22,99.13,125.9,98.75,123.0,21882900.0,0.0,1.0,49.565,62.95,49.375,61.5,43765800.0
AMZN,1999-01-25,121.5,123.4,110.0,112.4,13661900.0,0.0,1.0,60.75,61.7,55.0,56.2,27323800.0
AMZN,1999-01-26,112.6,121.3,110.6,115.1,12267400.0,0.0,1.0,56.3,60.65,55.3,57.55,24534800.0
AMZN,1999-01-27,134.0,139.8,120.1,125.6,17511300.0,0.0,1.0,67.0,69.9,60.05,62.8,35022600.0
AMZN,1999-01-28,126.4,128.8,120.3,122.9,11875300.0,0.0,1.0,63.2,64.4,60.15,61.45,23750600.0
AMZN,1999-01-29,121.6,121.6,115.0,116.9,8198000.0,0.0,1.0,60.8,60.8,57.5,58.45,16396000.0
AMZN,1999-02-01,117.8,122.3,115.0,115.9,6390500.0,0.0,1.0,58.9,61.15,57.5,57.95,12781000.0
AMZN,1999-02-02,116.4,116.4,108.5,110.3,6524300.0,0.0,1.0,58.2,58.2,54.25,55.15,13048600.0
AMZN,1999-02-03,109.0,126.0,108.5,125.8,9395500.0,0.0,1.0,54.5,63.0,54.25,62.9,18791000.0
AMZN,1999-02-04,125.3,126.8,116.3,118.0,5824800.0,0.0,1.0,62.65,63.4,58.15,59.0,11649600.0
AMZN,1999-02-05,117.0,122.9,112.3,115.9,4283000.0,0.0,1.0,58.5,61.45,56.15,57.95,8566000.0
AMZN,1999-02-08,114.4,115.1,105.8,109.1,6299100.0,0.0,1.0,57.2,57.55,52.9,54.55,12598200.0
AMZN,1999-02-09,107.9,108.0,99.94,100.0,6413000.0,0.0,1.0,53.95,54.0,49.97,50.0,12826000.0
AMZN,1999-02-10,98.25,103.4,95.0,97.44,6602500.0,0.0,1.0,49.125,51.7,47.5,48.72,13205000.0
AMZN,1999-02-11,100.4,110.2,99.5,109.9,6896500.0,0.0,1.0,50.2,55.1,49.75,54.95,13793000.0
AMZN,1999-02-12,108.0,109.9,103.6,104.5,3882700.0,0.0,1.0,54.0,54.95,51.8,52.25,7765400.0
AMZN,1999-02-16,106.9,108.5,97.0,98.63,3889900.0,0.0,1.0,53.45,54.25,48.5,49.315,7779800.0
AMZN,1999-02-17,98.44,102.1,92.5,93.5,4834300.0,0.0,1.0,49.22,51.05,46.25,46.75,9668600.0
AMZN,1999-02-18,96.5,96.5,84.25,89.5,10781300.0,0.0,1.0,48.25,48.25,42.125,44.75,21562600.0
AMZN,1999-02-19,94.75,102.5,91.0,101.9,13459100.0,0.0,1.0,47.375,51.25,45.5,50.95,26918200.0
AMZN,1999-02-22,101.8,109.6,98.0,106.5,9606100.0,0.0,1.0,50.9,54.8,49.0,53.25,19212200.0
AMZN,1999-02-23,110.1,117.0,109.5,115.2,10569600.0,0.0,1.0,55.05,58.5,54.75,57.6,21139200.0
AMZN,1999-02-24,117.6,122.2,110.3,110.9,12393200.0,0.0,1.0,58.8,61.1,55.15,55.45,24786400.0
AMZN,1999-02-25,116.6,125.6,114.6,125.0,18344900.0,0.0,1.0,58.3,62.8,57.3,62.5,36689800.0
AMZN,1999-02-26,126.8,130.0,121.0,128.1,12682700.0,0.0,1.0,63.4,65.0,60.5,64.05,25365400.0
AMZN,1999-03-01,127.0,136.1,124.0,133.0,9684500.0,0.0,1.0,63.5,68.05,62.0,66.5,19369000.0
AMZN,1999-03-02,134.4,135.8,121.1,121.3,8301600.0,0.0,1.0,67.2,67.9,60.55,60.65,16603200.0
AMZN,1999-03-03,123.8,127.5,120.3,123.5,7764400.0,0.0,1.0,61.9,63.75,60.15,61.75,15528800.0
AMZN,1999-03-04,125.5,127.0,115.9,120.1,8943700.0,0.0,1.0,62.75,63.5,57.95,60.05,17887400.0
AMZN,1999-03-05,123.9,124.5,118.4,121.5,6088100.0,0.0,1.0,61.95,62.25,59.2,60.75,12176200.0
AMZN,1999-03-08,121.4,126.4,119.3,122.2,5231300.0,0.0,1.0,60.7,63.2,59.65,61.1,10462600.0
AMZN,1999-03-09,125.1,133.3,123.4,129.9,8146000.0,0.0,1.0,62.55,66.65,61.7,64.95,16292000.0
AMZN,1999-03-10,136.5,138.9,134.0,137.1,7058800.0,0.0,1.0,68.25,69.45,67.0,68.55,14117600.0
AMZN,1999-03-11,139.8,142.8,131.0,134.9,8126100.0,0.0,1.0,69.9,71.4,65.5,67.45,16252200.0
AMZN,1999-03-12,134.0,135.4,128.6,133.3,4666300.0,0.0,1.0,67.0,67.7,64.3,66.65,9332600.0
AMZN,1999-03-15,133.0,139.0,131.0,138.9,3510400.0,0.0,1.0,66.5,69.5,65.5,69.45,7020800.0
AMZN,1999-03-16,139.0,140.4,132.8,133.8,3767200.0,0.0,1.0,69.5,70.2,66.4,66.9,7534400.0
AMZN,1999-03-17,131.3,133.5,128.3,131.0,3933700.0,0.0,1.0,65.65,66.75,64.15,65.5,7867400.0
AMZN,1999-03-18,132.9,140.0,132.4,138.4,6150100.0,0.0,1.0,66.45,70.0,66.2,69.2,12300200.0
AMZN,1999-03-19,141.9,143.1,135.0,135.1,5362600.0,0.0,1.0,70.95,71.55,67.5,67.55,10725200.0
AMZN,1999-03-22,133.2,136.5,130.5,132.0,3299200.0,0.0,1.0,66.6,68.25,65.25,66.0,6598400.0
AMZN,1999-03-23,128.6,129.9,118.0,119.4,5608400.0,0.0,1.0,64.3,64.95,59.0,59.7,11216800.0
AMZN,1999-03-24,117.2,124.0,114.0,123.7,5771900.0,0.0,1.0,58.6,62.0,57.0,61.85,11543800.0
AMZN,1999-03-25,128.9,140.0,128.2,139.9,8049900.0,0.0,1.0,64.45,70.0,64.1,69.95,16099800.0
AMZN,1999-03-26,140.0,147.8,137.4,139.1,12461000.0,0.0,1.0,70.0,73.9,68.7,69.55,24922000.0
AMZN,1999-03-29,150.0,151.5,148.0,149.6,9444000.0,0.0,1.0,75.0,75.75,74.0,74.8,18888000.0
AMZN,1999-03-30,152.0,169.5,151.5,164.7,13088700.0,0.0,1.0,76.0,84.75,75.75,82.35,26177400.0
AMZN,1999-03-31,171.3,178.0,165.1,172.2,11047100.0,0.0,1.0,85.65,89.0,82.55,86.1,22094200.0
AMZN,1999-04-01,179.6,180.1,167.5,171.0,5786600.0,0.0,1.0,89.8,90.05,83.75,85.5,11573200.0
AMZN,1999-04-05,172.6,187.5,171.8,186.5,7958400.0,0.0,1.0,86.3,93.75,85.9,93.25,15916800.0
AMZN,1999-04-06,184.5,195.8,179.5,182.9,7265900.0,0.0,1.0,92.25,97.9,89.75,91.45,14531800.0
AMZN,1999-04-07,186.6,187.3,171.3,175.8,6583300.0,0.0,1.0,93.3,93.65,85.65,87.9,13166600.0
AMZN,1999-04-08,174.8,184.1,166.0,179.0,5743900.0,0.0,1.0,87.4,92.05,83.0,89.5,11487800.0
AMZN,1999-04-09,178.1,186.0,175.8,182.9,3419500.0,0.0,1.0,89.05,93.0,87.9,91.45,6839000.0
AMZN,1999-04-12,176.1,188.3,176.0,184.4,4284600.0,0.0,1.0,88.05,94.15,88.0,92.2,8569200.0
AMZN,1999-04-13,186.8,192.0,178.3,178.4,4019400.0,0.0,1.0,93.4,96.0,89.15,89.2,8038800.0
AMZN,1999-04-14,182.0,184.5,166.6,168.0,4976400.0,0.0,1.0,91.0,92.25,83.3,84.0,9952800.0
AMZN,1999-04-15,165.9,170.5,151.0,167.3,8249200.0,0.0,1.0,82.95,85.25,75.5,83.65,16498400.0
AMZN,1999-04-16,184.0,191.5,180.7,190.0,15830100.0,0.0,1.0,92.0,95.75,90.35,95.0,31660200.0
AMZN,1999-04-19,189.0,189.0,155.0,158.9,14184900.0,0.0,1.0,94.5,94.5,77.5,79.45,28369800.0
AMZN,1999-04-20,157.3,174.3,153.5,172.0,10002500.0,0.0,1.0,78.65,87.15,76.75,86.0,20005000.0
AMZN,1999-04-21,172.4,182.0,169.0,179.3,5541000.0,0.0,1.0,86.2,91.0,84.5,89.65,11082000.0
AMZN,1999-04-22,184.3,191.0,177.9,190.1,6269100.0,0.0,1.0,92.15,95.5,88.95,95.05,12538200.0
AMZN,1999-04-23,192.9,216.5,191.8,210.1,15858400.0,0.0,1.0,96.45,108.25,95.9,105.05,31716800.0
AMZN,1999-04-26,209.0,215.9,204.0,207.2,6992500.0,0.0,1.0,104.5,107.95,102.0,103.6,13985000.0
AMZN,1999-04-27,217.0,221.3,202.0,205.9,8947700.0,0.0,1.0,108.5,110.65,101.0,102.95,17895400.0
AMZN,1999-04-28,200.0,202.0,182.4,193.5,9736900.0,0.0,1.0,100.0,101.0,91.2,96.75,19473800.0
AMZN,1999-04-29,172.0,177.1,165.0,168.3,21104200.0,0.0,1.0,86.0,88.55,82.5,84.15,42208400.0
AMZN,1999-04-30,177.0,180.0,165.0,172.1,8888200.0,0.0,1.0,88.5,90.0,82.5,86.05,17776400.0
AMZN,1999-05-03,166.9,167.1,150.1,150.9,13093200.0,0.0,1.0,83.45,83.55,75.05,75.45,26186400.0
AMZN,1999-05-04,152.6,160.5,140.5,143.0,10848200.0,0.0,1.0,76.3,80.25,70.25,71.5,21696400.0
AMZN,1999-05-05,143.9,148.3,133.9,146.5,13854900.0,0.0,1.0,71.95,74.15,66.95,73.25,27709800.0
AMZN,1999-05-06,148.0,151.0,135.8,137.4,9142200.0,0.0,1.0,74.0,75.5,67.9,68.7,18284400.0
AMZN,1999-05-07,140.8,144.0,131.0,136.4,8327000.0,0.0,1.0,70.4,72.0,65.5,68.2,16654000.0
AMZN,1999-05-10,136.6,147.0,134.0,146.9,7120600.0,0.0,1.0,68.3,73.5,67.0,73.45,14241200.0
AMZN,1999-05-11,150.7,153.9,144.0,148.4,6970700.0,0.0,1.0,75.35,76.95,72.0,74.2,13941400.0
AMZN,1999-05-12,148.1,148.6,141.0,142.9,3663700.0,0.0,1.0,74.05,74.3,70.5,71.45,7327400.0
AMZN,1999-05-13,144.4,147.9,136.0,136.0,5749500.0,0.0,1.0,72.2,73.95,68.0,68.0,11499000.0
AMZN,1999-05-14,133.1,134.8,129.8,132.4,5633400.0,0.0,1.0,66.55,67.4,64.9,66.2,11266800.0
AMZN,1999-05-17,130.0,138.0,121.5,137.6,10429100.0,0.0,1.0,65.0,69.0,60.75,68.8,20858200.0
AMZN,1999-05-18,136.4,137.5,130.9,132.6,6203900.0,0.0,1.0,68.2,68.75,65.45,66.3,12407800.0
AMZN,1999-05-19,133.9,139.6,133.5,139.6,6309600.0,0.0,1.0,66.95,69.8,66.75,69.8,12619200.0
AMZN,1999-05-20,136.8,138.0,130.5,130.8,3447000.0,0.0,1.0,68.4,69.0,65.25,65.4,6894000.0
AMZN,1999-05-21,130.8,132.0,125.8,128.6,4002800.0,0.0,1.0,65.4,66.0,62.9,64.3,8005600.0
AMZN,1999-05-24,128.6,129.4,116.0,117.5,7126900.0,0.0,1.0,64.3,64.7,58.0,58.75,14253800.0
AMZN,1999-05-25,117.3,121.1,111.4,111.6,7755100.0,0.0,1.0,58.65,60.55,55.7,55.8,15510200.0
AMZN,1999-05-26,113.2,121.9,104.5,120.9,10579300.0,0.0,1.0,56.6,60.95,52.25,60.45,21158600.0
AMZN,1999-05-27,119.6,120.6,114.0,114.6,6786700.0,0.0,1.0,59.8,60.3,57.0,57.3,13573400.0
AMZN,1999-05-28,115.6,120.4,112.0,118.8,4840100.0,0.0,1.0,57.8,60.2,56.0,59.4,9680200.0
AMZN,1999-06-01,111.5,115.0,105.0,105.8,10038200.0,0.0,1.0,55.75,57.5,52.5,52.9,20076400.0
AMZN,1999-06-02,104.8,115.0,97.13,112.1,18453200.0,0.0,1.0,52.4,57.5,48.565,56.05,36906400.0
AMZN,1999-06-03,113.9,114.5,104.5,105.1,8655800.0,0.0,1.0,56.95,57.25,52.25,52.55,17311600.0
AMZN,1999-06-04,105.6,110.0,101.6,108.4,9745900.0,0.0,1.0,52.8,55.0,50.8,54.2,19491800.0
AMZN,1999-06-07,108.6,119.9,108.0,117.4,8450700.0,0.0,1.0,54.3,59.95,54.0,58.7,16901400.0
AMZN,1999-06-08,120.0,121.4,110.4,111.6,6922200.0,0.0,1.0,60.0,60.7,55.2,55.8,13844400.0
AMZN,1999-06-09,113.9,114.5,109.8,114.0,4452100.0,0.0,1.0,56.95,57.25,54.9,57.0,8904200.0
AMZN,1999-06-10,111.9,118.1,110.1,115.9,6355300.0,0.0,1.0,55.95,59.05,55.05,57.95,12710600.0
AMZN,1999-06-11,115.1,117.0,104.8,106.3,6943300.0,0.0,1.0,57.55,58.5,52.4,53.15,13886600.0
AMZN,1999-06-14,103.9,104.5,89.75,92.0,10382300.0,0.0,1.0,51.95,52.25,44.875,46.0,20764600.0
AMZN,1999-06-15,92.25,99.75,90.63,96.5,9154700.0,0.0,1.0,46.125,49.875,45.315,48.25,18309400.0
AMZN,1999-06-16,101.3,113.0,101.0,111.7,10853600.0,0.0,1.0,50.65,56.5,50.5,55.85,21707200.0
AMZN,1999-06-17,111.6,119.1,109.6,112.9,9520700.0,0.0,1.0,55.8,59.55,54.8,56.45,19041400.0
AMZN,1999-06-18,111.9,114.5,109.5,111.3,3986000.0,0.0,1.0,55.95,57.25,54.75,55.65,7972000.0
AMZN,1999-06-21,113.6,123.6,111.8,123.5,8113600.0,0.0,1.0,56.8,61.8,55.9,61.75,16227200.0
AMZN,1999-06-22,123.2,129.5,116.5,117.5,8364700.0,0.0,1.0,61.6,64.75,58.25,58.75,16729400.0
AMZN,1999-06-23,115.6,121.3,112.1,117.8,8214900.0,0.0,1.0,57.8,60.65,56.05,58.9,16429800.0
AMZN,1999-06-24,118.1,118.8,113.0,113.6,4177600.0,0.0,1.0,59.05,59.4,56.5,56.8,8355200.0
AMZN,1999-06-25,116.4,117.5,108.1,110.2,4875900.0,0.0,1.0,58.2,58.75,54.05,55.1,9751800.0
AMZN,1999-06-28,111.0,111.9,102.4,110.7,8435900.0,0.0,1.0,55.5,55.95,51.2,55.35,16871800.0
AMZN,1999-06-29,110.3,118.3,108.8,116.1,7824000.0,0.0,1.0,55.15,59.15,54.4,58.05,15648000.0
AMZN,1999-06-30,116.5,129.3,115.0,125.1,8453100.0,0.0,1.0,58.25,64.65,57.5,62.55,16906200.0
AMZN,1999-07-01,125.3,126.5,118.0,122.4,7191400.0,0.0,1.0,62.65,63.25,59.0,61.2,14382800.0
AMZN,1999-07-02,123.3,126.0,120.8,124.1,3604200.0,0.0,1.0,61.65,63.0,60.4,62.05,7208400.0
AMZN,1999-07-06,128.0,133.3,125.5,126.9,7443100.0,0.0,1.0,64.0,66.65,62.75,63.45,14886200.0
AMZN,1999-07-07,126.1,127.5,120.0,121.9,4994000.0,0.0,1.0,63.05,63.75,60.0,60.95,9988000.0
AMZN,1999-07-08,125.6,127.5,121.3,125.4,5312200.0,0.0,1.0,62.8,63.75,60.65,62.7,10624400.0
AMZN,1999-07-09,126.1,127.8,124.1,125.5,2790900.0,0.0,1.0,63.05,63.9,62.05,62.75,5581800.0
AMZN,1999-07-12,125.0,125.5,116.0,117.4,5326600.0,0.0,1.0,62.5,62.75,58.0,58.7,10653200.0
AMZN,1999-07-13,116.3,127.2,115.0,126.1,10226600.0,0.0,1.0,58.15,63.6,57.5,63.05,20453200.0
AMZN,1999-07-14,127.4,135.0,125.8,135.0,9701800.0,0.0,1.0,63.7,67.5,62.9,67.5,19403600.0
AMZN,1999-07-15,135.0,141.5,133.4,139.6,11381500.0,0.0,1.0,67.5,70.75,66.7,69.8,22763000.0
AMZN,1999-07-16,138.8,142.5,136.1,137.6,5148700.0,0.0,1.0,69.4,71.25,68.05,68.8,10297400.0
AMZN,1999-07-19,136.0,136.6,131.5,131.7,4719200.0,0.0,1.0,68.0,68.3,65.75,65.85,9438400.0
AMZN,1999-07-20,129.1,129.4,120.1,120.1,8610900.0,0.0,1.0,64.55,64.7,60.05,60.05,17221800.0
AMZN,1999-07-21,121.0,128.3,120.3,125.4,8567200.0,0.0,1.0,60.5,64.15,60.15,62.7,17134400.0
AMZN,1999-07-22,116.6,117.1,104.8,106.8,28773600.0,0.0,1.0,58.3,58.55,52.4,53.4,57547200.0
AMZN,1999-07-23,109.8,114.8,103.2,114.6,15040300.0,0.0,1.0,54.9,57.4,51.6,57.3,30080600.0
AMZN,1999-07-26,110.4,115.2,105.0,105.9,15313800.0,0.0,1.0,55.2,57.6,52.5,52.95,30627600.0
AMZN,1999-07-27,109.0,110.4,100.1,101.0,11884900.0,0.0,1.0,54.5,55.2,50.05,50.5,23769800.0
AMZN,1999-07-28,102.0,106.1,99.63,105.8,12891800.0,0.0,1.0,51.0,53.05,49.815,52.9,25783600.0
AMZN,1999-07-29,102.4,104.4,100.0,101.6,9374000.0,0.0,1.0,51.2,52.2,50.0,50.8,18748000.0
AMZN,1999-07-30,102.1,102.8,97.5,100.1,6028500.0,0.0,1.0,51.05,51.4,48.75,50.05,12057000.0
AMZN,1999-08-02,98.38,102.1,93.94,94.0,8483900.0,0.0,1.0,49.19,51.05,46.97,47.0,16967800.0
AMZN,1999-08-03,97.0,97.0,89.63,94.88,14569500.0,0.0,1.0,48.5,48.5,44.815,47.44,29139000.0
AMZN,1999-08-04,93.75,96.38,88.0,88.44,11205700.0,0.0,1.0,46.875,48.19,44.0,44.22,22411400.0
AMZN,1999-08-05,87.56,98.0,82.0,97.25,18758500.0,0.0,1.0,43.78,49.0,41.0,48.625,37517000.0
AMZN,1999-08-06,96.63,99.5,89.25,89.56,10609400.0,0.0,1.0,48.315,49.75,44.625,44.78,21218800.0
AMZN,1999-08-09,91.38,98.0,84.56,85.5,6520700.0,0.0,1.0,45.69,49.0,42.28,42.75,13041400.0
AMZN,1999-08-10,85.38,92.19,82.0,91.0,11597500.0,0.0,1.0,42.69,46.095,41.0,45.5,23195000.0
AMZN,1999-08-11,92.38,95.25,85.19,90.94,12827500.0,0.0,1.0,46.19,47.625,42.595,45.47,25655000.0
AMZN,1999-08-12,91.0,95.75,89.38,91.75,6570400.0,0.0,1.0,45.5,47.875,44.69,45.875,13140800.0
AMZN,1999-08-13,95.0,97.44,94.13,97.44,5392400.0,0.0,1.0,47.5,48.72,47.065,48.72,10784800.0
AMZN,1999-08-16,98.25,100.9,95.5,98.31,6376600.0,0.0,1.0,49.125,50.45,47.75,49.155,12753200.0
AMZN,1999-08-17,100.5,109.5,99.88,109.3,11834400.0,0.0,1.0,50.25,54.75,49.94,54.65,23668800.0
AMZN,1999-08-18,115.1,117.5,112.5,113.1,14207700.0,0.0,1.0,57.55,58.75,56.25,56.55,28415400.0
AMZN,1999-08-19,110.8,111.2,105.1,105.1,9142500.0,0.0,1.0,55.4,55.6,52.55,52.55,18285000.0
AMZN,1999-08-20,106.3,113.5,106.3,113.3,7140600.0,0.0,1.0,53.15,56.75,53.15,56.65,14281200.0
AMZN,1999-08-23,115.9,120.5,115.8,118.4,9603000.0,0.0,1.0,57.95,60.25,57.9,59.2,19206000.0
AMZN,1999-08-24,116.0,125.5,115.9,123.1,12505000.0,0.0,1.0,58.0,62.75,57.95,61.55,25010000.0
AMZN,1999-08-25,122.8,133.0,121.5,132.9,10470700.0,0.0,1.0,61.4,66.5,60.75,66.45,20941400.0
AMZN,1999-08-26,133.0,135.6,127.5,128.6,9622100.0,0.0,1.0,66.5,67.8,63.75,64.3,19244200.0
AMZN,1999-08-27,130.5,130.5,125.0,128.5,6461400.0,0.0,1.0,65.25,65.25,62.5,64.25,12922800.0
AMZN,1999-08-30,127.6,130.0,117.9,119.3,9247200.0,0.0,1.0,63.8,65.0,58.95,59.65,18494400.0
AMZN,1999-08-31,118.4,124.7,112.2,124.4,16396200.0,0.0,1.0,59.2,62.35,56.1,62.2,32792400.0
AMZN,1999-09-01,127.0,127.0,117.5,119.1,10980800.0,0.0,1.0,63.5,63.5,58.75,59.55,21961600.0
AMZN,1999-09-02,57.5,61.94,57.38,60.06,8419350.0,0.0,2.0,57.5,61.94,57.38,60.06,8419350.0
AMZN,1999-09-03,63.75,64.0,60.81,62.44,16435900.0,0.0,1.0,63.75,64.0,60.81,62.44,16435900.0
AMZN,1999-09-07,63.81,64.25,62.13,62.94,9008700.0,0.0,1.0,63.81,64.25,62.13,62.94,9008700.0
AMZN,1999-09-08,62.0,63.25,60.94,61.44,6976000.0,0.0,1.0,62.0,63.25,60.94,61.44,6976000.0
AMZN,1999-09-09,63.5,64.44,62.38,63.63,9183200.0,0.0,1.0,63.5,64.44,62.38,63.63,9183200.0
AMZN,1999-09-10,65.94,68.0,64.88,66.5,12420900.0,0.0,1.0,65.94,68.0,64.88,66.5,12420900.0
AMZN,1999-09-13,65.63,66.0,62.5,63.31,7747600.0,0.0,1.0,65.63,66.0,62.5,63.31,7747600.0
AMZN,1999-09-14,62.75,66.44,62.75,66.0,8782800.0,0.0,1.0,62.75,66.44,62.75,66.0,8782800.0
AMZN,1999-09-15,67.75,67.94,65.0,65.56,7817300.0,0.0,1.0,67.75,67.94,65.0,65.56,7817300.0
AMZN,1999-09-16,64.94,65.81,62.75,65.25,7058900.0,0.0,1.0,64.94,65.81,62.75,65.25,7058900.0
AMZN,1999-09-17,65.63,66.0,62.75,63.81,7239500.0,0.0,1.0,65.63,66.0,62.75,63.81,7239500.0
AMZN,1999-09-20,63.69,65.0,62.69,62.75,5957100.0,0.0,1.0,63.69,65.0,62.69,62.75,5957100.0
AMZN,1999-09-21,61.63,63.94,61.0,62.25,8232500.0,0.0,1.0,61.63,63.94,61.0,62.25,8232500.0
AMZN,1999-09-22,62.88,66.5,60.69,66.0,10037500.0,0.0,1.0,62.88,66.5,60.69,66.0,10037500.0
AMZN,1999-09-23,67.0,68.75,61.23,62.25,14373600.0,0.0,1.0,67.0,68.75,61.23,62.25,14373600.0
AMZN,1999-09-24,62.0,66.0,61.5,65.0,10972500.0,0.0,1.0,62.0,66.0,61.5,65.0,10972500.0
AMZN,1999-09-27,66.19,67.88,61.88,62.56,14383100.0,0.0,1.0,66.19,67.88,61.88,62.56,14383100.0
AMZN,1999-09-28,62.5,66.5,61.13,65.88,15768800.0,0.0,1.0,62.5,66.5,61.13,65.88,15768800.0
AMZN,1999-09-29,66.5,85.0,65.75,80.75,79374400.0,0.0,1.0,66.5,85.0,65.75,80.75,79374400.0
AMZN,1999-09-30,79.81,81.5,76.25,79.94,31046200.0,0.0,1.0,79.81,81.5,76.25,79.94,31046200.0
AMZN,1999-10-01,77.0,79.25,76.66,77.25,10430300.0,0.0,1.0,77.0,79.25,76.66,77.25,10430300.0
AMZN,1999-10-04,79.44,79.75,75.75,77.06,9757400.0,0.0,1.0,79.44,79.75,75.75,77.06,9757400.0
AMZN,1999-10-05,77.13,79.75,74.75,78.44,16420100.0,0.0,1.0,77.13,79.75,74.75,78.44,16420100.0
AMZN,1999-10-06,79.56,83.63,79.5,82.44,15532200.0,0.0,1.0,79.56,83.63,79.5,82.44,15532200.0
AMZN,1999-10-07,85.63,90.0,83.5,87.31,24609400.0,0.0,1.0,85.63,90.0,83.5,87.31,24609400.0
AMZN,1999-10-08,86.88,89.5,84.44,89.25,11458700.0,0.0,1.0,86.88,89.5,84.44,89.25,11458700.0
AMZN,1999-10-11,89.13,89.38,86.75,88.38,6692400.0,0.0,1.0,89.13,89.38,86.75,88.38,6692400.0
AMZN,1999-10-12,87.69,88.5,84.88,84.94,7231400.0,0.0,1.0,87.69,88.5,84.88,84.94,7231400.0
AMZN,1999-10-13,82.5,85.0,79.56,79.94,11561800.0,0.0,1.0,82.5,85.0,79.56,79.94,11561800.0
AMZN,1999-10-14,80.5,83.38,78.44,79.59,12713000.0,0.0,1.0,80.5,83.38,78.44,79.59,12713000.0
AMZN,1999-10-15,75.88,77.06,73.94,75.06,12186900.0,0.0,1.0,75.88,77.06,73.94,75.06,12186900.0
AMZN,1999-10-18,75.06,76.5,71.06,74.06,10793800.0,0.0,1.0,75.06,76.5,71.06,74.06,10793800.0
AMZN,1999-10-19,77.63,78.25,75.63,76.63,7780000.0,0.0,1.0,77.63,78.25,75.63,76.63,7780000.0
AMZN,1999-10-20,78.31,80.63,76.34,80.5,7735500.0,0.0,1.0,78.31,80.63,76.34,80.5,7735500.0
AMZN,1999-10-21,77.94,82.81,77.06,80.75,8961000.0,0.0,1.0,77.94,82.81,77.06,80.75,8961000.0
AMZN,1999-10-22,81.44,83.63,78.0,78.63,7304800.0,0.0,1.0,81.44,83.63,78.0,78.63,7304800.0
AMZN,1999-10-25,79.0,83.0,77.94,82.75,7180900.0,0.0,1.0,79.0,83.0,77.94,82.75,7180900.0
AMZN,1999-10-26,83.13,84.31,80.13,81.25,7711500.0,0.0,1.0,83.13,84.31,80.13,81.25,7711500.0
AMZN,1999-10-27,79.38,79.38,74.81,75.94,12835200.0,0.0,1.0,79.38,79.38,74.81,75.94,12835200.0
AMZN,1999-10-28,69.5,72.5,65.88,71.0,35726400.0,0.0,1.0,69.5,72.5,65.88,71.0,35726400.0
AMZN,1999-10-29,72.75,72.81,69.25,70.63,9688800.0,0.0,1.0,72.75,72.81,69.25,70.63,9688800.0
AMZN,1999-11-01,68.06,71.88,66.31,69.13,12824100.0,0.0,1.0,68.06,71.88,66.31,69.13,12824100.0
AMZN,1999-11-02,69.75,70.0,65.06,66.44,13243200.0,0.0,1.0,69.75,70.0,65.06,66.44,13243200.0
AMZN,1999-11-03,68.19,68.5,65.0,65.81,10772100.0,0.0,1.0,68.19,68.5,65.0,65.81,10772100.0
AMZN,1999-11-04,67.19,67.19,61.0,63.06,16759200.0,0.0,1.0,67.19,67.19,61.0,63.06,16759200.0
AMZN,1999-11-05,64.75,65.5,62.25,64.94,11091400.0,0.0,1.0,64.75,65.5,62.25,64.94,11091400.0
AMZN,1999-11-08,64.81,80.0,63.5,78.0,32339400.0,0.0,1.0,64.81,80.0,63.5,78.0,32339400.0
AMZN,1999-11-09,80.88,83.06,70.0,70.81,26477100.0,0.0,1.0,80.88,83.06,70.0,70.81,26477100.0
AMZN,1999-11-10,71.56,75.0,70.13,72.0,11506700.0,0.0,1.0,71.56,75.0,70.13,72.0,11506700.0
AMZN,1999-11-11,74.75,75.0,71.38,73.0,9293900.0,0.0,1.0,74.75,75.0,71.38,73.0,9293900.0
AMZN,1999-11-12,73.75,75.0,70.81,74.94,10319600.0,0.0,1.0,73.75,75.0,70.81,74.94,10319600.0
AMZN,1999-11-15,75.63,76.0,73.31,73.5,6437200.0,0.0,1.0,75.63,76.0,73.31,73.5,6437200.0
AMZN,1999-11-16,74.25,79.63,73.75,78.94,15238700.0,0.0,1.0,74.25,79.63,73.75,78.94,15238700.0
AMZN,1999-11-17,77.94,80.0,75.44,76.5,6657400.0,0.0,1.0,77.94,80.0,75.44,76.5,6657400.0
AMZN,1999-11-18,76.75,78.19,75.25,77.94,5810400.0,0.0,1.0,76.75,78.19,75.25,77.94,5810400.0
AMZN,1999-11-19,77.88,78.13,76.06,77.94,5760600.0,0.0,1.0,77.88,78.13,76.06,77.94,5760600.0
AMZN,1999-11-22,77.88,82.5,76.0,80.5,10708400.0,0.0,1.0,77.88,82.5,76.0,80.5,10708400.0
AMZN,1999-11-23,80.38,85.63,76.25,81.75,18332500.0,0.0,1.0,80.38,85.63,76.25,81.75,18332500.0
AMZN,1999-11-24,84.25,87.75,83.25,87.25,14483100.0,0.0,1.0,84.25,87.75,83.25,87.25,14483100.0
AMZN,1999-11-26,91.06,95.13,90.5,93.13,11496000.0,0.0,1.0,91.06,95.13,90.5,93.13,11496000.0
AMZN,1999-11-29,95.5,96.88,90.13,90.44,18053700.0,0.0,1.0,95.5,96.88,90.13,90.44,18053700.0
AMZN,1999-11-30,88.27,88.88,83.81,85.06,13465500.0,0.0,1.0,88.27,88.88,83.81,85.06,13465500.0
AMZN,1999-12-01,87.25,87.63,81.97,85.0,10663600.0,0.0,1.0,87.25,87.63,81.97,85.0,10663600.0
AMZN,1999-12-02,86.0,91.31,85.63,89.06,9538700.0,0.0,1.0,86.0,91.31,85.63,89.06,9538700.0
AMZN,1999-12-03,92.5,93.38,86.06,86.56,11151200.0,0.0,1.0,92.5,93.38,86.06,86.56,11151200.0
AMZN,1999-12-06,86.88,89.88,84.69,87.38,9199200.0,0.0,1.0,86.88,89.88,84.69,87.38,9199200.0
AMZN,1999-12-07,88.0,88.0,84.38,86.06,6727100.0,0.0,1.0,88.0,88.0,84.38,86.06,6727100.0
AMZN,1999-12-08,86.81,93.0,86.75,88.0,12867200.0,0.0,1.0,86.81,93.0,86.75,88.0,12867200.0
AMZN,1999-12-09,95.25,113.0,93.44,103.6,41364600.0,0.0,1.0,95.25,113.0,93.44,103.6,41364600.0
AMZN,1999-12-10,111.4,112.0,104.4,106.7,14929000.0,0.0,1.0,111.4,112.0,104.4,106.7,14929000.0
AMZN,1999-12-13,106.6,106.6,101.5,102.5,8653700.0,0.0,1.0,106.6,106.6,101.5,102.5,8653700.0
AMZN,1999-12-14,103.8,104.0,95.0,95.63,10107900.0,0.0,1.0,103.8,104.0,95.0,95.63,10107900.0
AMZN,1999-12-15,92.88,99.44,91.0,96.5,10133500.0,0.0,1.0,92.88,99.44,91.0,96.5,10133500.0
AMZN,1999-12-16,98.25,98.75,93.5,94.88,7004400.0,0.0,1.0,98.25,98.75,93.5,94.88,7004400.0
AMZN,1999-12-17,97.19,97.63,93.81,94.06,5955900.0,0.0,1.0,97.19,97.63,93.81,94.06,5955900.0
AMZN,1999-12-20,97.75,101.6,95.06,97.0,10566600.0,0.0,1.0,97.75,101.6,95.06,97.0,10566600.0
AMZN,1999-12-21,96.56,100.4,96.56,99.88,9509500.0,0.0,1.0,96.56,100.4,96.56,99.88,9509500.0
AMZN,1999-12-22,100.6,100.6,95.5,97.69,5921000.0,0.0,1.0,100.6,100.6,95.5,97.69,5921000.0
AMZN,1999-12-23,98.0,99.0,89.06,90.0,12914600.0,0.0,1.0,98.0,99.0,89.06,90.0,12914600.0
AMZN,1999-12-27,87.75,88.25,80.13,81.13,16523800.0,0.0,1.0,87.75,88.25,80.13,81.13,16523800.0
AMZN,1999-12-28,83.06,86.5,81.56,82.31,10304300.0,0.0,1.0,83.06,86.5,81.56,82.31,10304300.0
AMZN,1999-12-29,83.44,85.38,82.63,83.5,5913000.0,0.0,1.0,83.44,85.38,82.63,83.5,5913000.0
AMZN,1999-12-30,84.63,85.13,78.5,79.06,9256600.0,0.0,1.0,84.63,85.13,78.5,79.06,9256600.0
AMZN,1999-12-31,79.31,79.38,76.0,76.13,7270700.0,0.0,1.0,79.31,79.38,76.0,76.13,7270700.0
AMZN,2000-01-03,81.5,89.56,80.0,89.38,16117600.0,0.0,1.0,81.5,89.56,80.0,89.38,16117600.0
AMZN,2000-01-04,85.38,91.5,81.75,81.94,17487400.0,0.0,1.0,85.38,91.5,81.75,81.94,17487400.0
AMZN,2000-01-05,70.75,75.13,69.63,71.75,38457400.0,0.0,1.0,70.75,75.13,69.63,71.75,38457400.0
AMZN,2000-01-06,71.31,72.69,64.0,65.56,18752000.0,0.0,1.0,71.31,72.69,64.0,65.56,18752000.0
AMZN,2000-01-07,67.0,70.5,66.19,69.56,10505400.0,0.0,1.0,67.0,70.5,66.19,69.56,10505400.0
AMZN,2000-01-10,72.56,72.63,65.56,69.19,14757900.0,0.0,1.0,72.56,72.63,65.56,69.19,14757900.0
AMZN,2000-01-11,66.88,70.0,65.0,66.75,10532700.0,0.0,1.0,66.88,70.0,65.0,66.75,10532700.0
AMZN,2000-01-12,67.88,68.0,63.0,63.56,10804500.0,0.0,1.0,67.88,68.0,63.0,63.56,10804500.0
AMZN,2000-01-13,64.94,67.19,63.13,65.94,10448100.0,0.0,1.0,64.94,67.19,63.13,65.94,10448100.0
AMZN,2000-01-14,66.75,68.5,64.0,64.25,6853600.0,0.0,1.0,66.75,68.5,64.0,64.25,6853600.0
AMZN,2000-01-18,63.44,65.19,63.0,64.13,5384900.0,0.0,1.0,63.44,65.19,63.0,64.13,5384900.0
AMZN,2000-01-19,64.13,67.5,63.0,66.81,8245500.0,0.0,1.0,64.13,67.5,63.0,66.81,8245500.0
AMZN,2000-01-20,66.94,67.0,63.94,64.75,5978000.0,0.0,1.0,66.94,67.0,63.94,64.75,5978000.0
AMZN,2000-01-21,64.63,64.63,60.0,62.06,11461900.0,0.0,1.0,64.63,64.63,60.0,62.06,11461900.0
AMZN,2000-01-24,67.56,73.38,67.5,70.13,29170200.0,0.0,1.0,67.56,73.38,67.5,70.13,29170200.0
AMZN,2000-01-25,70.0,71.25,66.0,69.25,9434100.0,0.0,1.0,70.0,71.25,66.0,69.25,9434100.0
AMZN,2000-01-26,68.63,70.0,64.75,64.81,6558000.0,0.0,1.0,68.63,70.0,64.75,64.81,6558000.0
AMZN,2000-01-27,65.19,67.75,64.63,66.94,6784000.0,0.0,1.0,65.19,67.75,64.63,66.94,6784000.0
AMZN,2000-01-28,65.0,66.44,60.0,61.69,13777900.0,0.0,1.0,65.0,66.44,60.0,61.69,13777900.0
AMZN,2000-01-31,60.38,64.75,58.44,64.56,10697900.0,0.0,1.0,60.38,64.75,58.44,64.56,10697900.0
AMZN,2000-02-01,67.5,70.63,64.38,67.44,13404600.0,0.0,1.0,67.5,70.63,64.38,67.44,13404600.0
AMZN,2000-02-02,67.94,72.25,67.75,69.44,14025900.0,0.0,1.0,67.94,72.25,67.75,69.44,14025900.0
AMZN,2000-02-03,81.13,85.94,77.38,84.19,43750000.0,0.0,1.0,81.13,85.94,77.38,84.19,43750000.0
AMZN,2000-02-04,82.75,82.75,78.0,78.56,11023000.0,0.0,1.0,82.75,82.75,78.0,78.56,11023000.0
AMZN,2000-02-07,76.19,76.88,73.13,75.0,10129000.0,0.0,1.0,76.19,76.88,73.13,75.0,10129000.0
AMZN,2000-02-08,74.0,84.0,73.44,83.13,19472800.0,0.0,1.0,74.0,84.0,73.44,83.13,19472800.0
AMZN,2000-02-09,80.55,83.73,80.02,80.25,9580400.0,0.0,1.0,80.55,83.73,80.02,80.25,9580400.0
AMZN,2000-02-10,78.5,79.88,75.5,76.19,9979600.0,0.0,1.0,78.5,79.88,75.5,76.19,9979600.0
AMZN,2000-02-11,77.13,79.13,75.5,76.19,8309000.0,0.0,1.0,77.13,79.13,75.5,76.19,8309000.0
AMZN,2000-02-14,75.69,75.75,73.56,74.44,5169700.0,0.0,1.0,75.69,75.75,73.56,74.44,5169700.0
AMZN,2000-02-15,73.44,76.19,70.63,73.81,6424500.0,0.0,1.0,73.44,76.19,70.63,73.81,6424500.0
AMZN,2000-02-16,72.75,73.44,70.63,70.69,4260200.0,0.0,1.0,72.75,73.44,70.63,70.69,4260200.0
AMZN,2000-02-17,71.25,71.31,68.0,69.0,6129600.0,0.0,1.0,71.25,71.31,68.0,69.0,6129600.0
AMZN,2000-02-18,68.44,69.0,63.88,64.75,8726400.0,0.0,1.0,68.44,69.0,63.88,64.75,8726400.0
AMZN,2000-02-22,64.94,66.5,63.06,63.56,5685800.0,0.0,1.0,64.94,66.5,63.06,63.56,5685800.0
AMZN,2000-02-23,64.88,71.75,64.69,70.44,8441200.0,0.0,1.0,64.88,71.75,64.69,70.44,8441200.0
AMZN,2000-02-24,70.56,71.38,65.63,68.44,5869300.0,0.0,1.0,70.56,71.38,65.63,68.44,5869300.0
AMZN,2000-02-25,67.44,69.38,65.19,69.13,4870500.0,0.0,1.0,67.44,69.38,65.19,69.13,4870500.0
AMZN,2000-02-28,66.56,67.19,64.13,65.75,5057700.0,0.0,1.0,66.56,67.19,64.13,65.75,5057700.0
AMZN,2000-02-29,66.0,68.97,65.88,68.88,7148500.0,0.0,1.0,66.0,68.97,65.88,68.88,7148500.0
AMZN,2000-03-01,67.63,68.5,65.0,65.88,5576700.0,0.0,1.0,67.63,68.5,65.0,65.88,5576700.0
AMZN,2000-03-02,64.94,65.0,62.19,62.56,7980100.0,0.0,1.0,64.94,65.0,62.19,62.56,7980100.0
AMZN,2000-03-03,63.25,64.75,62.06,62.5,6059500.0,0.0,1.0,63.25,64.75,62.06,62.5,6059500.0
AMZN,2000-03-06,62.88,67.25,62.81,63.94,7665800.0,0.0,1.0,62.88,67.25,62.81,63.94,7665800.0
AMZN,2000-03-07,64.88,65.81,62.13,63.5,4178800.0,0.0,1.0,64.88,65.81,62.13,63.5,4178800.0
AMZN,2000-03-08,63.25,64.75,60.56,63.63,5940700.0,0.0,1.0,63.25,64.75,60.56,63.63,5940700.0
AMZN,2000-03-09,63.0,69.0,62.19,68.81,8312500.0,0.0,1.0,63.0,69.0,62.19,68.81,8312500.0
AMZN,2000-03-10,67.25,68.53,65.0,66.88,3713500.0,0.0,1.0,67.25,68.53,65.0,66.88,3713500.0
AMZN,2000-03-13,64.0,66.63,63.0,65.31,5634300.0,0.0,1.0,64.0,66.63,63.0,65.31,5634300.0
AMZN,2000-03-14,66.06,66.94,63.38,65.63,4805300.0,0.0,1.0,66.06,66.94,63.38,65.63,4805300.0
AMZN,2000-03-15,64.75,65.13,62.0,63.75,6082700.0,0.0,1.0,64.75,65.13,62.0,63.75,6082700.0
AMZN,2000-03-16,62.25,66.38,60.0,66.25,9703100.0,0.0,1.0,62.25,66.38,60.0,66.25,9703100.0
AMZN,2000-03-17,66.06,66.38,64.5,64.81,5298500.0,0.0,1.0,66.06,66.38,64.5,64.81,5298500.0
AMZN,2000-03-20,63.5,64.5,62.38,64.19,5813500.0,0.0,1.0,63.5,64.5,62.38,64.19,5813500.0
AMZN,2000-03-21,65.13,73.0,62.25,72.38,17082900.0,0.0,1.0,65.13,73.0,62.25,72.38,17082900.0
AMZN,2000-03-22,70.88,74.0,69.25,70.69,11566400.0,0.0,1.0,70.88,74.0,69.25,70.69,11566400.0
AMZN,2000-03-23,69.5,70.94,67.5,67.69,5442100.0,0.0,1.0,69.5,70.94,67.5,67.69,5442100.0
AMZN,2000-03-24,74.62,75.25,71.31,72.69,9746000.0,0.0,1.0,74.62,75.25,71.31,72.69,9746000.0
AMZN,2000-03-27,72.25,75.13,71.75,73.13,4748600.0,0.0,1.0,72.25,75.13,71.75,73.13,4748600.0
AMZN,2000-03-28,72.38,72.75,69.47,70.13,5197600.0,0.0,1.0,72.38,72.75,69.47,70.13,5197600.0
AMZN,2000-03-29,69.5,69.88,65.0,66.25,5886500.0,0.0,1.0,69.5,69.88,65.0,66.25,5886500.0
AMZN,2000-03-30,64.5,67.38,64.0,66.5,5034000.0,0.0,1.0,64.5,67.38,64.0,66.5,5034000.0
AMZN,2000-03-31,66.75,67.13,63.0,67.0,5115500.0,0.0,1.0,66.75,67.13,63.0,67.0,5115500.0
AMZN,2000-04-03,65.44,65.69,62.0,63.56,4865400.0,0.0,1.0,65.44,65.69,62.0,63.56,4865400.0
AMZN,2000-04-04,62.88,65.44,55.75,63.94,14318000.0,0.0,1.0,62.88,65.44,55.75,63.94,14318000.0
AMZN,2000-04-05,61.75,64.94,60.5,62.19,4900000.0,0.0,1.0,61.75,64.94,60.5,62.19,4900000.0
AMZN,2000-04-06,63.44,65.5,61.88,64.25,6032700.0,0.0,1.0,63.44,65.5,61.88,64.25,6032700.0
AMZN,2000-04-07,65.13,68.63,64.13,67.56,6052300.0,0.0,1.0,65.13,68.63,64.13,67.56,6052300.0
AMZN,2000-04-10,67.25,68.44,63.25,63.38,4523600.0,0.0,1.0,67.25,68.44,63.25,63.38,4523600.0
AMZN,2000-04-11,62.5,66.0,61.25,63.38,4706600.0,0.0,1.0,62.5,66.0,61.25,63.38,4706600.0
AMZN,2000-04-12,64.0,64.38,56.25,56.38,8695500.0,0.0,1.0,64.0,64.38,56.25,56.38,8695500.0
AMZN,2000-04-13,57.88,58.75,47.94,48.0,10679000.0,0.0,1.0,57.88,58.75,47.94,48.0,10679000.0
AMZN,2000-04-14,47.88,52.38,40.81,46.88,20074500.0,0.0,1.0,47.88,52.38,40.81,46.88,20074500.0
AMZN,2000-04-17,45.25,52.0,44.63,47.06,12180900.0,0.0,1.0,45.25,52.0,44.63,47.06,12180900.0
AMZN,2000-04-18,47.63,56.25,47.13,54.94,10735000.0,0.0,1.0,47.63,56.25,47.13,54.94,10735000.0
AMZN,2000-04-19,55.31,55.31,51.69,53.44,5373800.0,0.0,1.0,55.31,55.31,51.69,53.44,5373800.0
AMZN,2000-04-20,53.38,53.69,49.88,52.38,4925300.0,0.0,1.0,53.38,53.69,49.88,52.38,4925300.0
AMZN,2000-04-24,49.38,51.56,44.88,49.81,6693300.0,0.0,1.0,49.38,51.56,44.88,49.81,6693300.0
AMZN,2000-04-25,51.81,54.13,50.25,52.44,7150400.0,0.0,1.0,51.81,54.13,50.25,52.44,7150400.0
AMZN,2000-04-26,53.31,57.44,52.45,53.5,12006400.0,0.0,1.0,53.31,57.44,52.45,53.5,12006400.0
AMZN,2000-04-27,49.31,55.25,48.5,52.88,11266000.0,0.0,1.0,49.31,55.25,48.5,52.88,11266000.0
AMZN,2000-04-28,54.0,55.63,53.13,55.19,6833800.0,0.0,1.0,54.0,55.63,53.13,55.19,6833800.0
AMZN,2000-05-01,56.0,60.31,55.25,59.94,8578500.0,0.0,1.0,56.0,60.31,55.25,59.94,8578500.0
AMZN,2000-05-02,59.19,60.0,55.88,56.13,7427900.0,0.0,1.0,59.19,60.0,55.88,56.13,7427900.0
AMZN,2000-05-03,55.25,56.56,53.0,54.13,5424800.0,0.0,1.0,55.25,56.56,53.0,54.13,5424800.0
AMZN,2000-05-04,54.25,56.5,53.13,55.06,4725200.0,0.0,1.0,54.25,56.5,53.13,55.06,4725200.0
AMZN,2000-05-05,54.63,58.63,54.13,58.5,4062100.0,0.0,1.0,54.63,58.63,54.13,58.5,4062100.0
AMZN,2000-05-08,56.81,59.25,55.44,56.02,3950000.0,0.0,1.0,56.81,59.25,55.44,56.02,3950000.0
AMZN,2000-05-09,56.5,57.75,53.0,56.25,4551800.0,0.0,1.0,56.5,57.75,53.0,56.25,4551800.0
AMZN,2000-05-10,54.53,55.38,49.0,53.31,8711500.0,0.0,1.0,54.53,55.38,49.0,53.31,8711500.0
AMZN,2000-05-11,53.94,55.75,50.94,54.88,5580800.0,0.0,1.0,53.94,55.75,50.94,54.88,5580800.0
AMZN,2000-05-12,54.69,56.5,53.13,53.75,3969600.0,0.0,1.0,54.69,56.5,53.13,53.75,3969600.0
AMZN,2000-05-15,53.63,56.5,50.88,56.06,4125400.0,0.0,1.0,53.63,56.5,50.88,56.06,4125400.0
AMZN,2000-05-16,57.13,59.88,56.0,59.06,6432200.0,0.0,1.0,57.13,59.88,56.0,59.06,6432200.0
AMZN,2000-05-17,57.19,62.38,57.0,61.0,6998600.0,0.0,1.0,57.19,62.38,57.0,61.0,6998600.0
AMZN,2000-05-18,60.38,60.88,55.13,55.38,4727000.0,0.0,1.0,60.38,60.88,55.13,55.38,4727000.0
AMZN,2000-05-19,54.63,55.75,52.25,52.63,4610900.0,0.0,1.0,54.63,55.75,52.25,52.63,4610900.0
AMZN,2000-05-22,53.0,53.13,46.88,51.88,8272800.0,0.0,1.0,53.0,53.13,46.88,51.88,8272800.0
AMZN,2000-05-23,50.5,51.88,46.5,46.69,5837200.0,0.0,1.0,50.5,51.88,46.5,46.69,5837200.0
AMZN,2000-05-24,46.44,49.75,40.44,48.56,11666600.0,0.0,1.0,46.44,49.75,40.44,48.56,11666600.0
AMZN,2000-05-25,49.5,50.0,45.5,45.5,4919500.0,0.0,1.0,49.5,50.0,45.5,45.5,4919500.0
AMZN,2000-05-26,46.25,47.75,44.0,46.5,3621000.0,0.0,1.0,46.25,47.75,44.0,46.5,3621000.0
AMZN,2000-05-30,47.31,51.88,47.31,51.75,5613200.0,0.0,1.0,47.31,51.88,47.31,51.75,5613200.0
AMZN,2000-05-31,50.75,52.25,49.63,49.94,6882000.0,0.0,1.0,50.75,52.25,49.63,49.94,6882000.0
AMZN,2000-06-01,48.88,51.13,46.38,50.19,7622200.0,0.0,1.0,48.88,51.13,46.38,50.19,7622200.0
AMZN,2000-06-02,52.38,58.13,52.25,57.88,8322500.0,0.0,1.0,52.38,58.13,52.25,57.88,8322500.0
AMZN,2000-06-05,55.03,56.25,52.5,54.5,6813200.0,0.0,1.0,55.03,56.25,52.5,54.5,6813200.0
AMZN,2000-06-06,54.0,54.56,50.25,50.56,4853100.0,0.0,1.0,54.0,54.56,50.25,50.56,4853100.0
AMZN,2000-06-07,51.88,52.19,50.13,51.81,3841200.0,0.0,1.0,51.88,52.19,50.13,51.81,3841200.0
AMZN,2000-06-08,52.56,53.44,51.63,51.88,3040300.0,0.0,1.0,52.56,53.44,51.63,51.88,3040300.0
AMZN,2000-06-09,51.94,53.25,51.88,52.19,1922300.0,0.0,1.0,51.94,53.25,51.88,52.19,1922300.0
AMZN,2000-06-12,52.19,52.19,47.0,48.44,3986000.0,0.0,1.0,52.19,52.19,47.0,48.44,3986000.0
AMZN,2000-06-13,48.19,49.5,46.25,49.0,4788500.0,0.0,1.0,48.19,49.5,46.25,49.0,4788500.0
AMZN,2000-06-14,49.31,49.88,46.0,46.44,5020500.0,0.0,1.0,49.31,49.88,46.0,46.44,5020500.0
AMZN,2000-06-15,47.0,47.94,45.31,46.31,3554700.0,0.0,1.0,47.0,47.94,45.31,46.31,3554700.0
AMZN,2000-06-16,47.25,47.44,45.38,46.0,3070900.0,0.0,1.0,47.25,47.44,45.38,46.0,3070900.0
AMZN,2000-06-19,45.5,45.88,43.5,45.31,5151500.0,0.0,1.0,45.5,45.88,43.5,45.31,5151500.0
AMZN,2000-06-20,45.88,48.63,45.13,46.13,6199100.0,0.0,1.0,45.88,48.63,45.13,46.13,6199100.0
AMZN,2000-06-21,45.44,46.94,45.06,46.06,3573300.0,0.0,1.0,45.44,46.94,45.06,46.06,3573300.0
AMZN,2000-06-22,46.19,46.44,41.63,42.0,10516100.0,0.0,1.0,46.19,46.44,41.63,42.0,10516100.0
AMZN,2000-06-23,36.63,37.0,32.47,33.88,51838200.0,0.0,1.0,36.63,37.0,32.47,33.88,51838200.0
AMZN,2000-06-26,35.31,35.33,32.81,33.94,21076400.0,0.0,1.0,35.31,35.33,32.81,33.94,21076400.0
AMZN,2000-06-27,33.75,38.5,33.5,36.5,17638200.0,0.0,1.0,33.75,38.5,33.5,36.5,17638200.0
AMZN,2000-06-28,36.88,39.94,36.13,37.88,14874300.0,0.0,1.0,36.88,39.94,36.13,37.88,14874300.0
AMZN,2000-06-29,37.13,38.5,36.13,37.13,8986500.0,0.0,1.0,37.13,38.5,36.13,37.13,8986500.0
AMZN,2000-06-30,37.0,37.25,35.5,36.31,6451900.0,0.0,1.0,37.0,37.25,35.5,36.31,6451900.0
AMZN,2000-07-03,36.69,37.5,36.5,37.0,1762400.0,0.0,1.0,36.69,37.5,36.5,37.0,1762400.0
AMZN,2000-07-05,37.0,38.5,36.38,36.5,4213600.0,0.0,1.0,37.0,38.5,36.38,36.5,4213600.0
AMZN,2000-07-06,36.88,37.38,34.75,36.06,6767100.0,0.0,1.0,36.88,37.38,34.75,36.06,6767100.0
AMZN,2000-07-07,36.13,37.0,35.25,36.13,3870600.0,0.0,1.0,36.13,37.0,35.25,36.13,3870600.0
AMZN,2000-07-10,36.38,36.38,35.0,35.06,4240600.0,0.0,1.0,36.38,36.38,35.0,35.06,4240600.0
AMZN,2000-07-11,35.19,35.25,32.63,33.13,9896500.0,0.0,1.0,35.19,35.25,32.63,33.13,9896500.0
AMZN,2000-07-12,35.44,36.13,34.25,35.06,11265900.0,0.0,1.0,35.44,36.13,34.25,35.06,11265900.0
AMZN,2000-07-13,35.63,36.0,34.88,35.0,8597500.0,0.0,1.0,35.63,36.0,34.88,35.0,8597500.0
AMZN,2000-07-14,36.38,43.2,36.31,42.63,22436100.0,0.0,1.0,36.38,43.2,36.31,42.63,22436100.0
AMZN,2000-07-17,42.88,43.94,40.25,41.13,6530000.0,0.0,1.0,42.88,43.94,40.25,41.13,6530000.0
AMZN,2000-07-18,40.13,43.63,39.5,41.75,7958400.0,0.0,1.0,40.13,43.63,39.5,41.75,7958400.0
AMZN,2000-07-19,41.5,41.56,39.0,40.88,4743700.0,0.0,1.0,41.5,41.56,39.0,40.88,4743700.0
AMZN,2000-07-20,40.94,43.38,39.5,40.31,6945700.0,0.0,1.0,40.94,43.38,39.5,40.31,6945700.0
AMZN,2000-07-21,40.44,42.5,40.44,41.13,4712900.0,0.0,1.0,40.44,42.5,40.44,41.13,4712900.0
AMZN,2000-07-24,41.06,41.38,38.06,38.75,5778200.0,0.0,1.0,41.06,41.38,38.06,38.75,5778200.0
AMZN,2000-07-25,36.75,38.75,33.25,37.63,27752500.0,0.0,1.0,36.75,38.75,33.25,37.63,27752500.0
AMZN,2000-07-26,35.06,36.72,34.06,36.06,15547800.0,0.0,1.0,35.06,36.72,34.06,36.06,15547800.0
AMZN,2000-07-27,31.44,32.0,29.75,31.38,23579300.0,0.0,1.0,31.44,32.0,29.75,31.38,23579300.0
AMZN,2000-07-28,31.44,32.13,29.0,30.0,12447000.0,0.0,1.0,31.44,32.13,29.0,30.0,12447000.0
AMZN,2000-07-31,30.06,30.25,27.88,30.13,9478800.0,0.0,1.0,30.06,30.25,27.88,30.13,9478800.0
AMZN,2000-08-01,30.63,32.25,30.25,30.25,8156400.0,0.0,1.0,30.63,32.25,30.25,30.25,8156400.0
AMZN,2000-08-02,30.25,32.0,30.22,30.81,4952900.0,0.0,1.0,30.25,32.0,30.22,30.81,4952900.0
AMZN,2000-08-03,29.44,31.75,29.31,31.5,5144100.0,0.0,1.0,29.44,31.75,29.31,31.5,5144100.0
AMZN,2000-08-04,31.94,34.19,31.5,32.5,4871100.0,0.0,1.0,31.94,34.19,31.5,32.5,4871100.0
AMZN,2000-08-07,32.0,34.25,31.63,33.81,4403100.0,0.0,1.0,32.0,34.25,31.63,33.81,4403100.0
AMZN,2000-08-08,33.25,33.38,32.44,32.94,5050600.0,0.0,1.0,33.25,33.38,32.44,32.94,5050600.0
AMZN,2000-08-09,32.38,32.38,30.38,30.88,8874400.0,0.0,1.0,32.38,32.38,30.38,30.88,8874400.0
AMZN,2000-08-10,31.5,31.75,29.75,30.44,6073000.0,0.0,1.0,31.5,31.75,29.75,30.44,6073000.0
AMZN,2000-08-11,30.5,34.0,30.31,33.69,9116200.0,0.0,1.0,30.5,34.0,30.31,33.69,9116200.0
AMZN,2000-08-14,33.5,35.19,32.69,34.88,6217200.0,0.0,1.0,33.5,35.19,32.69,34.88,6217200.0
AMZN,2000-08-15,34.63,38.31,34.38,37.56,8497200.0,0.0,1.0,34.63,38.31,34.38,37.56,8497200.0
AMZN,2000-08-16,37.56,39.88,37.56,38.75,9833200.0,0.0,1.0,37.56,39.88,37.56,38.75,9833200.0
AMZN,2000-08-17,38.0,39.06,36.88,38.25,4974100.0,0.0,1.0,38.0,39.06,36.88,38.25,4974100.0
AMZN,2000-08-18,39.25,40.13,38.94,39.0,7371100.0,0.0,1.0,39.25,40.13,38.94,39.0,7371100.0
AMZN,2000-08-21,39.09,39.88,36.5,37.5,4037500.0,0.0,1.0,39.09,39.88,36.5,37.5,4037500.0
AMZN,2000-08-22,38.13,38.19,36.06,36.5,3508200.0,0.0,1.0,38.13,38.19,36.06,36.5,3508200.0
AMZN,2000-08-23,36.38,39.5,35.0,38.81,4721300.0,0.0,1.0,36.38,39.5,35.0,38.81,4721300.0
AMZN,2000-08-24,39.56,40.5,38.81,39.38,4719000.0,0.0,1.0,39.56,40.5,38.81,39.38,4719000.0
AMZN,2000-08-25,39.13,40.06,38.56,39.94,2708600.0,0.0,1.0,39.13,40.06,38.56,39.94,2708600.0
AMZN,2000-08-28,38.81,42.5,38.56,39.13,9178500.0,0.0,1.0,38.81,42.5,38.56,39.13,9178500.0
AMZN,2000-08-29,39.5,40.88,38.88,39.63,4521100.0,0.0,1.0,39.5,40.88,38.88,39.63,4521100.0
AMZN,2000-08-30,42.38,43.97,42.0,42.94,12919600.0,0.0,1.0,42.38,43.97,42.0,42.94,12919600.0
AMZN,2000-08-31,43.13,43.19,41.44,41.5,4616300.0,0.0,1.0,43.13,43.19,41.44,41.5,4616300.0
AMZN,2000-09-01,42.13,42.5,41.0,41.5,3347100.0,0.0,1.0,42.13,42.5,41.0,41.5,3347100.0
AMZN,2000-09-05,40.94,46.31,40.25,45.69,10168200.0,0.0,1.0,40.94,46.31,40.25,45.69,10168200.0
AMZN,2000-09-06,47.25,49.63,45.69,45.88,14263200.0,0.0,1.0,47.25,49.63,45.69,45.88,14263200.0
AMZN,2000-09-07,46.81,47.0,43.0,43.5,7406200.0,0.0,1.0,46.81,47.0,43.0,43.5,7406200.0
AMZN,2000-09-08,44.06,45.0,42.5,42.94,5088900.0,0.0,1.0,44.06,45.0,42.5,42.94,5088900.0
AMZN,2000-09-11,42.63,45.22,42.19,42.38,5447100.0,0.0,1.0,42.63,45.22,42.19,42.38,5447100.0
AMZN,2000-09-12,43.38,44.19,42.25,42.69,3821500.0,0.0,1.0,43.38,44.19,42.25,42.69,3821500.0
AMZN,2000-09-13,41.31,43.13,41.0,42.44,4085000.0,0.0,1.0,41.31,43.13,41.0,42.44,4085000.0
AMZN,2000-09-14,44.19,46.0,43.75,44.88,6963500.0,0.0,1.0,44.19,46.0,43.75,44.88,6963500.0
AMZN,2000-09-15,45.38,45.44,42.88,43.63,6180200.0,0.0,1.0,45.38,45.44,42.88,43.63,6180200.0
AMZN,2000-09-18,43.5,44.63,41.88,42.81,4445200.0,0.0,1.0,43.5,44.63,41.88,42.81,4445200.0
AMZN,2000-09-19,42.06,42.75,39.13,40.75,7230800.0,0.0,1.0,42.06,42.75,39.13,40.75,7230800.0
AMZN,2000-09-20,40.44,40.5,37.38,37.5,9744800.0,0.0,1.0,40.44,40.5,37.38,37.5,9744800.0
AMZN,2000-09-21,37.44,40.5,37.25,40.06,7425600.0,0.0,1.0,37.44,40.5,37.25,40.06,7425600.0
AMZN,2000-09-22,38.38,42.13,38.31,41.44,5996200.0,0.0,1.0,38.38,42.13,38.31,41.44,5996200.0
AMZN,2000-09-25,41.22,42.56,40.0,40.38,5459900.0,0.0,1.0,41.22,42.56,40.0,40.38,5459900.0
AMZN,2000-09-26,40.63,41.13,39.56,39.75,4260400.0,0.0,1.0,40.63,41.13,39.56,39.75,4260400.0
AMZN,2000-09-27,38.69,39.63,35.5,37.88,10030900.0,0.0,1.0,38.69,39.63,35.5,37.88,10030900.0
AMZN,2000-09-28,37.31,40.25,37.13,40.0,5857900.0,0.0,1.0,37.31,40.25,37.13,40.0,5857900.0
AMZN,2000-09-29,39.0,41.25,37.63,38.44,6517100.0,0.0,1.0,39.0,41.25,37.63,38.44,6517100.0
AMZN,2000-10-02,38.19,38.44,35.25,35.88,5477700.0,0.0,1.0,38.19,38.44,35.25,35.88,5477700.0
AMZN,2000-10-03,36.75,37.25,35.0,35.06,5379900.0,0.0,1.0,36.75,37.25,35.0,35.06,5379900.0
AMZN,2000-10-04,33.44,37.06,32.5,36.0,7841100.0,0.0,1.0,33.44,37.06,32.5,36.0,7841100.0
AMZN,2000-10-05,35.19,36.63,32.0,33.56,6966300.0,0.0,1.0,35.19,36.63,32.0,33.56,6966300.0
AMZN,2000-10-06,32.5,33.25,30.19,31.56,8871100.0,0.0,1.0,32.5,33.25,30.19,31.56,8871100.0
AMZN,2000-10-09,30.25,30.56,27.38,30.06,12727500.0,0.0,1.0,30.25,30.56,27.38,30.06,12727500.0
AMZN,2000-10-10,29.75,32.72,28.88,30.44,7265500.0,0.0,1.0,29.75,32.72,28.88,30.44,7265500.0
AMZN,2000-10-11,27.94,30.25,27.63,27.81,7889700.0,0.0,1.0,27.94,30.25,27.63,27.81,7889700.0
AMZN,2000-10-12,28.38,28.81,24.63,25.13,8032600.0,0.0,1.0,28.38,28.81,24.63,25.13,8032600.0
AMZN,2000-10-13,24.25,28.88,23.5,28.44,7633400.0,0.0,1.0,24.25,28.88,23.5,28.44,7633400.0
AMZN,2000-10-16,28.13,28.31,24.13,24.31,7147700.0,0.0,1.0,28.13,28.31,24.13,24.31,7147700.0
AMZN,2000-10-17,24.88,25.19,20.88,21.94,15140500.0,0.0,1.0,24.88,25.19,20.88,21.94,15140500.0
AMZN,2000-10-18,19.88,25.38,19.38,25.13,18788700.0,0.0,1.0,19.88,25.38,19.38,25.13,18788700.0
AMZN,2000-10-19,26.56,28.13,24.19,27.75,10874900.0,0.0,1.0,26.56,28.13,24.19,27.75,10874900.0
AMZN,2000-10-20,27.69,31.25,27.13,30.81,11621900.0,0.0,1.0,27.69,31.25,27.13,30.81,11621900.0
AMZN,2000-10-23,29.69,30.38,27.63,30.0,10199600.0,0.0,1.0,29.69,30.38,27.63,30.0,10199600.0
AMZN,2000-10-24,29.88,33.88,28.81,29.56,13676600.0,0.0,1.0,29.88,33.88,28.81,29.56,13676600.0
AMZN,2000-10-25,34.0,36.5,31.75,31.88,28572900.0,0.0,1.0,34.0,36.5,31.75,31.88,28572900.0
AMZN,2000-10-26,32.19,37.5,31.0,36.88,17825500.0,0.0,1.0,32.19,37.5,31.0,36.88,17825500.0
AMZN,2000-10-27,33.94,37.5,33.88,35.63,12370700.0,0.0,1.0,33.94,37.5,33.88,35.63,12370700.0
AMZN,2000-10-30,33.06,34.38,30.27,32.88,12510200.0,0.0,1.0,33.06,34.38,30.27,32.88,12510200.0
AMZN,2000-10-31,32.69,36.88,32.06,36.63,9919500.0,0.0,1.0,32.69,36.88,32.06,36.63,9919500.0
AMZN,2000-11-01,35.81,40.0,35.69,37.38,11099200.0,0.0,1.0,35.81,40.0,35.69,37.38,11099200.0
AMZN,2000-11-02,38.06,39.88,37.5,39.75,6989700.0,0.0,1.0,38.06,39.88,37.5,39.75,6989700.0
AMZN,2000-11-03,39.0,40.88,36.88,37.56,5962400.0,0.0,1.0,39.0,40.88,36.88,37.56,5962400.0
AMZN,2000-11-06,38.56,38.63,34.75,36.56,6444600.0,0.0,1.0,38.56,38.63,34.75,36.56,6444600.0
AMZN,2000-11-07,36.5,39.44,35.56,36.94,5495300.0,0.0,1.0,36.5,39.44,35.56,36.94,5495300.0
AMZN,2000-11-08,36.0,37.0,33.25,33.88,5835300.0,0.0,1.0,36.0,37.0,33.25,33.88,5835300.0
AMZN,2000-11-09,32.69,33.0,29.88,31.25,7169600.0,0.0,1.0,32.69,33.0,29.88,31.25,7169600.0
AMZN,2000-11-10,30.75,31.88,30.0,30.06,5255600.0,0.0,1.0,30.75,31.88,30.0,30.06,5255600.0
AMZN,2000-11-13,28.81,30.11,27.44,27.81,8377500.0,0.0,1.0,28.81,30.11,27.44,27.81,8377500.0
AMZN,2000-11-14,28.75,29.88,25.75,28.94,7837900.0,0.0,1.0,28.75,29.88,25.75,28.94,7837900.0
AMZN,2000-11-15,28.63,30.81,28.44,29.5,5263200.0,0.0,1.0,28.63,30.81,28.44,29.5,5263200.0
AMZN,2000-11-16,28.69,30.5,27.75,27.81,4134800.0,0.0,1.0,28.69,30.5,27.75,27.81,4134800.0
AMZN,2000-11-17,28.0,29.63,26.88,27.44,4996000.0,0.0,1.0,28.0,29.63,26.88,27.44,4996000.0
AMZN,2000-11-20,26.0,27.94,25.0,25.81,6438300.0,0.0,1.0,26.0,27.94,25.0,25.81,6438300.0
AMZN,2000-11-21,26.63,26.88,23.63,24.25,6197500.0,0.0,1.0,26.63,26.88,23.63,24.25,6197500.0
AMZN,2000-11-22,23.88,27.5,22.13,25.19,11877100.0,0.0,1.0,23.88,27.5,22.13,25.19,11877100.0
AMZN,2000-11-24,26.42,29.13,26.06,28.94,7639300.0,0.0,1.0,26.42,29.13,26.06,28.94,7639300.0
AMZN,2000-11-27,29.75,30.75,27.0,28.0,6411400.0,0.0,1.0,29.75,30.75,27.0,28.0,6411400.0
AMZN,2000-11-28,26.0,26.19,24.63,25.03,11327500.0,0.0,1.0,26.0,26.19,24.63,25.03,11327500.0
AMZN,2000-11-29,25.13,27.5,24.25,26.94,11463200.0,0.0,1.0,25.13,27.5,24.25,26.94,11463200.0
AMZN,2000-11-30,24.75,26.19,22.88,24.69,13123500.0,0.0,1.0,24.75,26.19,22.88,24.69,13123500.0
AMZN,2000-12-01,24.94,26.75,23.0,24.63,7757400.0,0.0,1.0,24.94,26.75,23.0,24.63,7757400.0
AMZN,2000-12-04,25.19,27.19,23.25,26.56,8255500.0,0.0,1.0,25.19,27.19,23.25,26.56,8255500.0
AMZN,2000-12-05,27.13,27.63,24.75,25.38,9969900.0,0.0,1.0,27.13,27.63,24.75,25.38,9969900.0
AMZN,2000-12-06,24.69,26.0,23.63,23.63,8825800.0,0.0,1.0,24.69,26.0,23.63,23.63,8825800.0
AMZN,2000-12-07,23.06,23.44,20.13,21.38,10647500.0,0.0,1.0,23.06,23.44,20.13,21.38,10647500.0
AMZN,2000-12-08,23.31,24.69,21.25,23.44,12969800.0,0.0,1.0,23.31,24.69,21.25,23.44,12969800.0
AMZN,2000-12-11,22.88,26.13,21.75,25.31,10904200.0,0.0,1.0,22.88,26.13,21.75,25.31,10904200.0
AMZN,2000-12-12,24.5,27.5,24.31,25.88,7306800.0,0.0,1.0,24.5,27.5,24.31,25.88,7306800.0
AMZN,2000-12-13,26.56,26.63,23.5,23.75,6281800.0,0.0,1.0,26.56,26.63,23.5,23.75,6281800.0
AMZN,2000-12-14,24.06,24.69,22.59,22.69,7020800.0,0.0,1.0,24.06,24.69,22.59,22.69,7020800.0
AMZN,2000-12-15,22.25,24.25,22.0,22.88,8713700.0,0.0,1.0,22.25,24.25,22.0,22.88,8713700.0
AMZN,2000-12-18,20.75,21.19,18.94,19.88,16035200.0,0.0,1.0,20.75,21.19,18.94,19.88,16035200.0
AMZN,2000-12-19,20.31,20.88,17.38,18.25,13218500.0,0.0,1.0,20.31,20.88,17.38,18.25,13218500.0
AMZN,2000-12-20,16.19,17.88,15.63,16.69,22050700.0,0.0,1.0,16.19,17.88,15.63,16.69,22050700.0
AMZN,2000-12-21,16.38,17.75,14.88,15.19,8851400.0,0.0,1.0,16.38,17.75,14.88,15.19,8851400.0
AMZN,2000-12-22,15.31,16.55,15.25,15.56,9387000.0,0.0,1.0,15.31,16.55,15.25,15.56,9387000.0
AMZN,2000-12-26,16.31,18.5,16.25,16.94,9012800.0,0.0,1.0,16.31,18.5,16.25,16.94,9012800.0
AMZN,2000-12-27,16.0,17.44,15.56,16.88,6598800.0,0.0,1.0,16.0,17.44,15.56,16.88,6598800.0
AMZN,2000-12-28,16.63,18.25,16.63,17.38,8455600.0,0.0,1.0,16.63,18.25,16.63,17.38,8455600.0
AMZN,2000-12-29,16.75,17.13,15.0,15.56,9849700.0,0.0,1.0,16.75,17.13,15.0,15.56,9849700.0
AMZN,2001-01-02,15.81,16.0,13.63,13.88,9203500.0,0.0,1.0,15.81,16.0,13.63,13.88,9203500.0
AMZN,2001-01-03,13.63,17.88,13.56,17.56,14680400.0,0.0,1.0,13.63,17.88,13.56,17.56,14680400.0
AMZN,2001-01-04,17.0,17.56,15.44,15.5,10620500.0,0.0,1.0,17.0,17.56,15.44,15.5,10620500.0
AMZN,2001-01-05,15.5,15.88,13.56,14.56,8798800.0,0.0,1.0,15.5,15.88,13.56,14.56,8798800.0
AMZN,2001-01-08,14.44,15.56,13.75,14.94,10444700.0,0.0,1.0,14.44,15.56,13.75,14.94,10444700.0
AMZN,2001-01-09,14.56,16.63,14.56,16.38,23455200.0,0.0,1.0,14.56,16.63,14.56,16.38,23455200.0
AMZN,2001-01-10,15.84,17.0,15.56,16.5,11002500.0,0.0,1.0,15.84,17.0,15.56,16.5,11002500.0
AMZN,2001-01-11,15.75,17.31,15.63,17.0,12756600.0,0.0,1.0,15.75,17.31,15.63,17.0,12756600.0
AMZN,2001-01-12,17.34,18.5,17.13,17.69,8434200.0,0.0,1.0,17.34,18.5,17.13,17.69,8434200.0
AMZN,2001-01-16,18.31,18.38,17.25,18.06,6017000.0,0.0,1.0,18.31,18.38,17.25,18.06,6017000.0
AMZN,2001-01-17,18.88,19.56,17.75,18.38,9166000.0,0.0,1.0,18.88,19.56,17.75,18.38,9166000.0
AMZN,2001-01-18,18.38,19.5,17.94,19.5,4115800.0,0.0,1.0,18.38,19.5,17.94,19.5,4115800.0
AMZN,2001-01-19,20.38,20.38,18.69,19.94,6177500.0,0.0,1.0,20.38,20.38,18.69,19.94,6177500.0
AMZN,2001-01-22,19.5,19.94,18.5,18.5,4398600.0,0.0,1.0,19.5,19.94,18.5,18.5,4398600.0
AMZN,2001-01-23,18.38,19.31,18.25,18.95,4744300.0,0.0,1.0,18.38,19.31,18.25,18.95,4744300.0
AMZN,2001-01-24,19.19,22.38,19.0,21.88,13848100.0,0.0,1.0,19.19,22.38,19.0,21.88,13848100.0
AMZN,2001-01-25,21.69,21.75,19.0,19.0,7066400.0,0.0,1.0,21.69,21.75,19.0,19.0,7066400.0
AMZN,2001-01-26,18.94,20.5,18.88,19.5,5094600.0,0.0,1.0,18.94,20.5,18.88,19.5,5094600.0
AMZN,2001-01-29,19.13,20.75,18.81,20.13,7713000.0,0.0,1.0,19.13,20.75,18.81,20.13,7713000.0
AMZN,2001-01-30,20.56,20.69,18.67,18.94,12273300.0,0.0,1.0,20.56,20.69,18.67,18.94,12273300.0
AMZN,2001-01-31,18.94,19.56,17.06,17.31,20475800.0,0.0,1.0,18.94,19.56,17.06,17.31,20475800.0
AMZN,2001-02-01,17.19,17.19,15.75,16.25,9468700.0,0.0,1.0,17.19,17.19,15.75,16.25,9468700.0
AMZN,2001-02-02,16.13,16.19,14.25,14.38,12101100.0,0.0,1.0,16.13,16.19,14.25,14.38,12101100.0
AMZN,2001-02-05,14.63,14.94,14.31,14.44,9189800.0,0.0,1.0,14.63,14.94,14.31,14.44,9189800.0
AMZN,2001-02-06,13.81,15.88,13.56,15.81,19075900.0,0.0,1.0,13.81,15.88,13.56,15.81,19075900.0
AMZN,2001-02-07,15.19,15.81,14.56,15.0,7567900.0,0.0,1.0,15.19,15.81,14.56,15.0,7567900.0
AMZN,2001-02-08,15.31,15.88,14.38,14.38,5295200.0,0.0,1.0,15.31,15.88,14.38,14.38,5295200.0
AMZN,2001-02-09,14.31,14.75,13.38,13.38,7454000.0,0.0,1.0,14.31,14.75,13.38,13.38,7454000.0
AMZN,2001-02-12,14.13,15.0,13.7,14.5,5295300.0,0.0,1.0,14.13,15.0,13.7,14.5,5295300.0
AMZN,2001-02-13,15.0,15.06,13.75,13.75,4795400.0,0.0,1.0,15.0,15.06,13.75,13.75,4795400.0
AMZN,2001-02-14,14.13,14.75,13.5,14.44,8123400.0,0.0,1.0,14.13,14.75,13.5,14.44,8123400.0
AMZN,2001-02-15,13.5,14.63,13.5,14.5,16384500.0,0.0,1.0,13.5,14.63,13.5,14.5,16384500.0
AMZN,2001-02-16,13.63,14.13,13.31,13.69,6490600.0,0.0,1.0,13.63,14.13,13.31,13.69,6490600.0
AMZN,2001-02-20,13.63,13.69,12.44,12.5,6589100.0,0.0,1.0,13.63,13.69,12.44,12.5,6589100.0
AMZN,2001-02-21,12.25,12.5,11.31,11.94,7552600.0,0.0,1.0,12.25,12.5,11.31,11.94,7552600.0
AMZN,2001-02-22,12.0,12.13,11.38,11.94,8249200.0,0.0,1.0,12.0,12.13,11.38,11.94,8249200.0
AMZN,2001-02-23,11.88,12.06,11.06,11.81,5149900.0,0.0,1.0,11.88,12.06,11.06,11.81,5149900.0
AMZN,2001-02-26,12.06,12.25,11.5,11.94,6229100.0,0.0,1.0,12.06,12.25,11.5,11.94,6229100.0
AMZN,2001-02-27,11.81,12.13,11.63,11.75,7732600.0,0.0,1.0,11.81,12.13,11.63,11.75,7732600.0
AMZN,2001-02-28,11.25,11.75,9.938,10.19,14629800.0,0.0,1.0,11.25,11.75,9.938,10.19,14629800.0
AMZN,2001-03-01,9.875,10.69,9.594,10.44,10996700.0,0.0,1.0,9.875,10.69,9.594,10.44,10996700.0
AMZN,2001-03-02,10.03,10.63,10.0,10.0,7545600.0,0.0,1.0,10.03,10.63,10.0,10.0,7545600.0
AMZN,2001-03-05,12.38,13.06,11.5,12.63,23500700.0,0.0,1.0,12.38,13.06,11.5,12.63,23500700.0
AMZN,2001-03-06,13.08,14.0,11.25,11.88,23191500.0,0.0,1.0,13.08,14.0,11.25,11.88,23191500.0
AMZN,2001-03-07,11.94,12.56,11.44,12.25,10644100.0,0.0,1.0,11.94,12.56,11.44,12.25,10644100.0
AMZN,2001-03-08,11.94,12.0,11.63,11.69,4957600.0,0.0,1.0,11.94,12.0,11.63,11.69,4957600.0
AMZN,2001-03-09,11.44,12.5,11.38,12.25,8856700.0,0.0,1.0,11.44,12.5,11.38,12.25,8856700.0
AMZN,2001-03-12,11.38,11.69,10.5,10.63,5716500.0,0.0,1.0,11.38,11.69,10.5,10.63,5716500.0
AMZN,2001-03-13,10.81,11.06,10.5,11.0,3330700.0,0.0,1.0,10.81,11.06,10.5,11.0,3330700.0
AMZN,2001-03-14,10.25,10.94,10.13,10.63,3124400.0,0.0,1.0,10.25,10.94,10.13,10.63,3124400.0
AMZN,2001-03-15,11.38,11.44,10.81,10.88,5824900.0,0.0,1.0,11.38,11.44,10.81,10.88,5824900.0
AMZN,2001-03-16,10.63,11.06,10.25,11.0,6984200.0,0.0,1.0,10.63,11.06,10.25,11.0,6984200.0
AMZN,2001-03-19,11.19,11.31,10.13,10.5,6774500.0,0.0,1.0,11.19,11.31,10.13,10.5,6774500.0
AMZN,2001-03-20,10.56,11.5,10.13,10.25,6294700.0,0.0,1.0,10.56,11.5,10.13,10.25,6294700.0
AMZN,2001-03-21,10.38,10.44,10.0,10.0,5506600.0,0.0,1.0,10.38,10.44,10.0,10.0,5506600.0
AMZN,2001-03-22,10.06,10.25,9.563,10.19,6594600.0,0.0,1.0,10.06,10.25,9.563,10.19,6594600.0
AMZN,2001-03-23,10.56,10.81,9.938,10.19,3754400.0,0.0,1.0,10.56,10.81,9.938,10.19,3754400.0
AMZN,2001-03-26,10.7,11.29,10.62,10.94,6850600.0,0.0,1.0,10.7,11.29,10.62,10.94,6850600.0
AMZN,2001-03-27,10.92,11.8,10.51,11.64,5603200.0,0.0,1.0,10.92,11.8,10.51,11.64,5603200.0
AMZN,2001-03-28,11.1,11.16,10.75,10.8,3386900.0,0.0,1.0,11.1,11.16,10.75,10.8,3386900.0
AMZN,2001-03-29,10.57,11.03,10.0,10.0,4638400.0,0.0,1.0,10.57,11.03,10.0,10.0,4638400.0
AMZN,2001-03-30,10.12,10.84,9.91,10.23,3558400.0,0.0,1.0,10.12,10.84,9.91,10.23,3558400.0
AMZN,2001-04-02,10.33,10.53,8.5,9.1,8803900.0,0.0,1.0,10.33,10.53,8.5,9.1,8803900.0
AMZN,2001-04-03,8.71,9.15,8.5,8.63,4865700.0,0.0,1.0,8.71,9.15,8.5,8.63,4865700.0
AMZN,2001-04-04,8.57,9.0,8.1,8.4,5708100.0,0.0,1.0,8.57,9.0,8.1,8.4,5708100.0
AMZN,2001-04-05,9.02,9.3,8.72,9.12,5424200.0,0.0,1.0,9.02,9.3,8.72,9.12,5424200.0
AMZN,2001-04-06,8.9,8.9,8.2,8.37,5281100.0,0.0,1.0,8.9,8.9,8.2,8.37,5281100.0
AMZN,2001-04-09,11.84,11.9,10.7,11.18,23405700.0,0.0,1.0,11.84,11.9,10.7,11.18,23405700.0
AMZN,2001-04-10,11.24,13.5,11.2,12.01,18860400.0,0.0,1.0,11.24,13.5,11.2,12.01,18860400.0
AMZN,2001-04-11,13.1,13.65,12.18,13.32,13421800.0,0.0,1.0,13.1,13.65,12.18,13.32,13421800.0
AMZN,2001-04-12,13.05,15.01,13.0,14.67,11530000.0,0.0,1.0,13.05,15.01,13.0,14.67,11530000.0
AMZN,2001-04-16,14.5,14.54,13.65,14.03,6310100.0,0.0,1.0,14.5,14.54,13.65,14.03,6310100.0
AMZN,2001-04-17,13.81,14.87,13.75,14.74,5073500.0,0.0,1.0,13.81,14.87,13.75,14.74,5073500.0
AMZN,2001-04-18,15.66,18.16,15.55,16.54,19555000.0,0.0,1.0,15.66,18.16,15.55,16.54,19555000.0
AMZN,2001-04-19,16.9,16.9,15.69,15.99,8742600.0,0.0,1.0,16.9,16.9,15.69,15.99,8742600.0
AMZN,2001-04-20,15.62,16.2,14.97,15.78,8522100.0,0.0,1.0,15.62,16.2,14.97,15.78,8522100.0
AMZN,2001-04-23,16.39,17.46,16.02,16.2,11689600.0,0.0,1.0,16.39,17.46,16.02,16.2,11689600.0
AMZN,2001-04-24,16.44,16.8,15.48,15.68,7082600.0,0.0,1.0,16.44,16.8,15.48,15.68,7082600.0
AMZN,2001-04-25,15.69,16.1,14.6,16.09,9317100.0,0.0,1.0,15.69,16.1,14.6,16.09,9317100.0
AMZN,2001-04-26,16.25,16.5,15.0,15.43,5960600.0,0.0,1.0,16.25,16.5,15.0,15.43,5960600.0
AMZN,2001-04-27,15.72,15.73,15.02,15.27,4446000.0,0.0,1.0,15.72,15.73,15.02,15.27,4446000.0
AMZN,2001-04-30,15.63,16.9,15.59,15.78,5780300.0,0.0,1.0,15.63,16.9,15.59,15.78,5780300.0
AMZN,2001-05-01,15.9,17.0,15.8,16.89,5107900.0,0.0,1.0,15.9,17.0,15.8,16.89,5107900.0
AMZN,2001-05-02,17.14,17.43,16.84,17.11,7497200.0,0.0,1.0,17.14,17.43,16.84,17.11,7497200.0
AMZN,2001-05-03,16.83,17.0,16.25,16.75,5010000.0,0.0,1.0,16.83,17.0,16.25,16.75,5010000.0
AMZN,2001-05-04,16.35,17.6,15.93,17.56,6584500.0,0.0,1.0,16.35,17.6,15.93,17.56,6584500.0
AMZN,2001-05-07,17.36,17.53,16.51,16.92,5083700.0,0.0,1.0,17.36,17.53,16.51,16.92,5083700.0
AMZN,2001-05-08,16.28,16.49,15.6,16.18,7191500.0,0.0,1.0,16.28,16.49,15.6,16.18,7191500.0
AMZN,2001-05-09,15.55,15.66,15.0,15.01,4671000.0,0.0,1.0,15.55,15.66,15.0,15.01,4671000.0
AMZN,2001-05-10,15.4,15.64,14.6,14.62,5012600.0,0.0,1.0,15.4,15.64,14.6,14.62,5012600.0
AMZN,2001-05-11,14.55,14.8,14.0,14.68,3486900.0,0.0,1.0,14.55,14.8,14.0,14.68,3486900.0
AMZN,2001-05-14,14.53,14.53,13.16,13.33,6194200.0,0.0,1.0,14.53,14.53,13.16,13.33,6194200.0
AMZN,2001-05-15,13.35,14.3,13.14,13.54,6131200.0,0.0,1.0,13.35,14.3,13.14,13.54,6131200.0
AMZN,2001-05-16,13.45,14.38,13.1,14.13,7279000.0,0.0,1.0,13.45,14.38,13.1,14.13,7279000.0
AMZN,2001-05-17,14.09,15.0,14.03,14.78,6755400.0,0.0,1.0,14.09,15.0,14.03,14.78,6755400.0
AMZN,2001-05-18,14.83,15.0,14.5,14.72,5071800.0,0.0,1.0,14.83,15.0,14.5,14.72,5071800.0
AMZN,2001-05-21,14.95,16.42,14.75,16.38,7232400.0,0.0,1.0,14.95,16.42,14.75,16.38,7232400.0
AMZN,2001-05-22,16.79,17.0,15.9,16.25,7309000.0,0.0,1.0,16.79,17.0,15.9,16.25,7309000.0
AMZN,2001-05-23,16.2,16.8,15.12,15.6,8926500.0,0.0,1.0,16.2,16.8,15.12,15.6,8926500.0
AMZN,2001-05-24,15.71,16.75,15.25,16.75,5334900.0,0.0,1.0,15.71,16.75,15.25,16.75,5334900.0
AMZN,2001-05-25,16.65,17.53,16.37,17.09,6928700.0,0.0,1.0,16.65,17.53,16.37,17.09,6928700.0
AMZN,2001-05-29,17.21,17.54,16.7,17.22,9394900.0,0.0,1.0,17.21,17.54,16.7,17.22,9394900.0
AMZN,2001-05-30,16.54,17.0,15.62,15.66,8851400.0,0.0,1.0,16.54,17.0,15.62,15.66,8851400.0
AMZN,2001-05-31,15.84,17.2,15.75,16.69,9632000.0,0.0,1.0,15.84,17.2,15.75,16.69,9632000.0
AMZN,2001-06-01,17.22,17.31,16.39,16.95,6468600.0,0.0,1.0,17.22,17.31,16.39,16.95,6468600.0
AMZN,2001-06-04,17.32,17.4,16.15,16.91,6141000.0,0.0,1.0,17.32,17.4,16.15,16.91,6141000.0
AMZN,2001-06-05,17.06,17.92,16.0,16.44,12758100.0,0.0,1.0,17.06,17.92,16.0,16.44,12758100.0
AMZN,2001-06-06,16.67,16.72,15.48,15.99,9736100.0,0.0,1.0,16.67,16.72,15.48,15.99,9736100.0
AMZN,2001-06-07,15.82,16.23,15.69,16.13,3445200.0,0.0,1.0,15.82,16.23,15.69,16.13,3445200.0
AMZN,2001-06-08,16.25,16.33,15.65,15.7,2508300.0,0.0,1.0,16.25,16.33,15.65,15.7,2508300.0
AMZN,2001-06-11,15.5,15.55,14.45,14.86,4971000.0,0.0,1.0,15.5,15.55,14.45,14.86,4971000.0
AMZN,2001-06-12,14.6,14.79,14.32,14.64,4333700.0,0.0,1.0,14.6,14.79,14.32,14.64,4333700.0
AMZN,2001-06-13,14.96,15.15,14.11,14.12,3784400.0,0.0,1.0,14.96,15.15,14.11,14.12,3784400.0
AMZN,2001-06-14,14.12,14.12,13.16,13.29,5088300.0,0.0,1.0,14.12,14.12,13.16,13.29,5088300.0
AMZN,2001-06-15,13.01,13.46,12.3,12.49,7671600.0,0.0,1.0,13.01,13.46,12.3,12.49,7671600.0
AMZN,2001-06-18,12.45,12.7,11.67,11.83,5717100.0,0.0,1.0,12.45,12.7,11.67,11.83,5717100.0
AMZN,2001-06-19,12.45,12.65,11.2,11.36,6109500.0,0.0,1.0,12.45,12.65,11.2,11.36,6109500.0
AMZN,2001-06-20,11.27,12.7,11.2,12.53,10652300.0,0.0,1.0,11.27,12.7,11.2,12.53,10652300.0
AMZN,2001-06-21,12.68,13.2,12.59,13.08,9777400.0,0.0,1.0,12.68,13.2,12.59,13.08,9777400.0
AMZN,2001-06-22,13.13,13.28,12.38,12.4,6316700.0,0.0,1.0,13.13,13.28,12.38,12.4,6316700.0
AMZN,2001-06-25,12.71,13.14,12.57,12.81,6947000.0,0.0,1.0,12.71,13.14,12.57,12.81,6947000.0
AMZN,2001-06-26,12.54,13.74,12.04,13.25,6639500.0,0.0,1.0,12.54,13.74,12.04,13.25,6639500.0
AMZN,2001-06-27,13.81,14.25,13.65,14.04,7624400.0,0.0,1.0,13.81,14.25,13.65,14.04,7624400.0
AMZN,2001-06-28,14.23,14.59,13.77,14.36,5516700.0,0.0,1.0,14.23,14.59,13.77,14.36,5516700.0
AMZN,2001-06-29,14.31,14.65,13.72,14.15,4489000.0,0.0,1.0,14.31,14.65,13.72,14.15,4489000.0
AMZN,2001-07-02,14.1,14.71,13.85,14.53,6334500.0,0.0,1.0,14.1,14.71,13.85,14.53,6334500.0
AMZN,2001-07-03,14.49,14.5,14.0,14.13,2701100.0,0.0,1.0,14.49,14.5,14.0,14.13,2701100.0
AMZN,2001-07-05,14.56,15.45,14.2,15.27,12083200.0,0.0,1.0,14.56,15.45,14.2,15.27,12083200.0
AMZN,2001-07-06,15.0,15.72,14.8,15.27,9091200.0,0.0,1.0,15.0,15.72,14.8,15.27,9091200.0
AMZN,2001-07-09,15.35,15.9,15.11,15.81,8001000.0,0.0,1.0,15.35,15.9,15.11,15.81,8001000.0
AMZN,2001-07-10,16.08,16.12,14.82,15.61,8642700.0,0.0,1.0,16.08,16.12,14.82,15.61,8642700.0
AMZN,2001-07-11,15.43,15.8,14.95,15.34,5821800.0,0.0,1.0,15.43,15.8,14.95,15.34,5821800.0
AMZN,2001-07-12,15.7,16.54,15.7,16.49,5976500.0,0.0,1.0,15.7,16.54,15.7,16.49,5976500.0
AMZN,2001-07-13,16.26,17.0,16.1,16.98,6848300.0,0.0,1.0,16.26,17.0,16.1,16.98,6848300.0
AMZN,2001-07-16,16.94,17.42,16.01,16.01,7315800.0,0.0,1.0,16.94,17.42,16.01,16.01,7315800.0
AMZN,2001-07-17,15.84,16.49,15.83,16.35,3706200.0,0.0,1.0,15.84,16.49,15.83,16.35,3706200.0
AMZN,2001-07-18,16.07,16.65,15.88,15.96,3673100.0,0.0,1.0,16.07,16.65,15.88,15.96,3673100.0
AMZN,2001-07-19,16.15,16.8,16.14,16.49,5212800.0,0.0,1.0,16.15,16.8,16.14,16.49,5212800.0
AMZN,2001-07-20,16.53,17.25,16.45,16.98,3735700.0,0.0,1.0,16.53,17.25,16.45,16.98,3735700.0
AMZN,2001-07-23,17.02,17.13,15.96,16.03,8663900.0,0.0,1.0,17.02,17.13,15.96,16.03,8663900.0
AMZN,2001-07-24,13.61,14.0,11.9,12.06,32572900.0,0.0,1.0,13.61,14.0,11.9,12.06,32572900.0
AMZN,2001-07-25,12.29,12.31,11.07,11.51,12559700.0,0.0,1.0,12.29,12.31,11.07,11.51,12559700.0
AMZN,2001-07-26,11.67,12.75,11.23,12.33,10502500.0,0.0,1.0,11.67,12.75,11.23,12.33,10502500.0
AMZN,2001-07-27,12.33,12.43,11.7,12.25,9075900.0,0.0,1.0,12.33,12.43,11.7,12.25,9075900.0
AMZN,2001-07-30,12.21,12.75,11.98,12.55,5181000.0,0.0,1.0,12.21,12.75,11.98,12.55,5181000.0
AMZN,2001-07-31,12.64,12.86,12.23,12.49,4378900.0,0.0,1.0,12.64,12.86,12.23,12.49,4378900.0
AMZN,2001-08-01,12.73,12.86,12.17,12.5,5510600.0,0.0,1.0,12.73,12.86,12.17,12.5,5510600.0
AMZN,2001-08-02,12.59,12.6,12.1,12.19,3872500.0,0.0,1.0,12.59,12.6,12.1,12.19,3872500.0
AMZN,2001-08-03,12.24,12.39,12.11,12.15,3084900.0,0.0,1.0,12.24,12.39,12.11,12.15,3084900.0
AMZN,2001-08-06,12.18,12.2,11.85,11.9,2661800.0,0.0,1.0,12.18,12.2,11.85,11.9,2661800.0
AMZN,2001-08-07,11.89,11.9,11.52,11.6,2560200.0,0.0,1.0,11.89,11.9,11.52,11.6,2560200.0
AMZN,2001-08-08,11.51,11.55,11.03,11.11,3373400.0,0.0,1.0,11.51,11.55,11.03,11.11,3373400.0
AMZN,2001-08-09,11.14,11.17,10.25,10.46,6049000.0,0.0,1.0,11.14,11.17,10.25,10.46,6049000.0
AMZN,2001-08-10,10.58,10.65,9.94,9.95,9187300.0,0.0,1.0,10.58,10.65,9.94,9.95,9187300.0
AMZN,2001-08-13,10.1,10.3,9.77,10.12,4831500.0,0.0,1.0,10.1,10.3,9.77,10.12,4831500.0
AMZN,2001-08-14,10.32,11.04,10.27,10.53,4807100.0,0.0,1.0,10.32,11.04,10.27,10.53,4807100.0
AMZN,2001-08-15,10.54,10.83,10.0,10.08,3358500.0,0.0,1.0,10.54,10.83,10.0,10.08,3358500.0
AMZN,2001-08-16,10.08,10.15,9.4,9.81,6227100.0,0.0,1.0,10.08,10.15,9.4,9.81,6227100.0
AMZN,2001-08-17,9.51,10.09,9.45,9.99,5360600.0,0.0,1.0,9.51,10.09,9.45,9.99,5360600.0
AMZN,2001-08-20,10.19,10.41,9.95,10.4,3614000.0,0.0,1.0,10.19,10.41,9.95,10.4,3614000.0
AMZN,2001-08-21,10.7,10.79,9.88,9.89,5138300.0,0.0,1.0,10.7,10.79,9.88,9.89,5138300.0
AMZN,2001-08-22,10.16,10.23,9.588,10.2,4126200.0,0.0,1.0,10.16,10.23,9.588,10.2,4126200.0
AMZN,2001-08-23,10.13,10.16,9.57,9.63,4000700.0,0.0,1.0,10.13,10.16,9.57,9.63,4000700.0
AMZN,2001-08-24,9.84,10.3,9.72,10.23,3779900.0,0.0,1.0,9.84,10.3,9.72,10.23,3779900.0
AMZN,2001-08-27,10.09,10.27,9.91,10.13,2618000.0,0.0,1.0,10.09,10.27,9.91,10.13,2618000.0
AMZN,2001-08-28,10.12,10.15,9.56,9.97,3229100.0,0.0,1.0,10.12,10.15,9.56,9.97,3229100.0
AMZN,2001-08-29,10.04,10.05,9.01,9.19,3803600.0,0.0,1.0,10.04,10.05,9.01,9.19,3803600.0
AMZN,2001-08-30,9.06,9.49,8.55,8.69,5851400.0,0.0,1.0,9.06,9.49,8.55,8.69,5851400.0
AMZN,2001-08-31,8.7,9.3,8.69,8.94,3641600.0,0.0,1.0,8.7,9.3,8.69,8.94,3641600.0
AMZN,2001-09-04,8.95,9.19,8.52,8.59,4857700.0,0.0,1.0,8.95,9.19,8.52,8.59,4857700.0
AMZN,2001-09-05,8.66,8.68,6.85,7.65,21073400.0,0.0,1.0,8.66,8.68,6.85,7.65,21073400.0
AMZN,2001-09-06,7.84,8.19,7.67,8.15,7131600.0,0.0,1.0,7.84,8.19,7.67,8.15,7131600.0
AMZN,2001-09-07,7.96,8.61,7.85,8.51,7122100.0,0.0,1.0,7.96,8.61,7.85,8.51,7122100.0
AMZN,2001-09-10,8.4,8.65,8.06,8.63,5833600.0,0.0,1.0,8.4,8.65,8.06,8.63,5833600.0
AMZN,2001-09-17,7.3,8.05,7.05,7.49,10573500.0,0.0,1.0,7.3,8.05,7.05,7.49,10573500.0
AMZN,2001-09-18,7.59,7.75,7.25,7.29,6270900.0,0.0,1.0,7.59,7.75,7.25,7.29,6270900.0
AMZN,2001-09-19,7.45,7.45,6.64,7.31,9436500.0,0.0,1.0,7.45,7.45,6.64,7.31,9436500.0
AMZN,2001-09-20,7.64,7.64,7.05,7.48,8630900.0,0.0,1.0,7.64,7.64,7.05,7.48,8630900.0
AMZN,2001-09-21,7.72,7.72,6.69,7.48,12866100.0,0.0,1.0,7.72,7.72,6.69,7.48,12866100.0
AMZN,2001-09-24,7.7,7.83,7.34,7.46,5102700.0,0.0,1.0,7.7,7.83,7.34,7.46,5102700.0
AMZN,2001-09-25,7.49,7.569,7.02,7.09,4863100.0,0.0,1.0,7.49,7.569,7.02,7.09,4863100.0
AMZN,2001-09-26,7.2,7.23,6.0,6.35,7839100.0,0.0,1.0,7.2,7.23,6.0,6.35,7839100.0
AMZN,2001-09-27,6.47,6.64,5.67,6.2,8275000.0,0.0,1.0,6.47,6.64,5.67,6.2,8275000.0
AMZN,2001-09-28,6.25,6.47,5.83,5.97,6967200.0,0.0,1.0,6.25,6.47,5.83,5.97,6967200.0
AMZN,2001-10-01,5.91,6.1,5.51,6.01,7994400.0,0.0,1.0,5.91,6.1,5.51,6.01,7994400.0
AMZN,2001-10-02,6.17,6.17,5.95,6.08,5677700.0,0.0,1.0,6.17,6.17,5.95,6.08,5677700.0
AMZN,2001-10-03,7.21,7.21,6.02,6.76,5323500.0,0.0,1.0,7.21,7.21,6.02,6.76,5323500.0
AMZN,2001-10-04,7.87,7.87,6.68,7.04,6217200.0,0.0,1.0,7.87,7.87,6.68,7.04,6217200.0
AMZN,2001-10-05,7.9,7.9,6.74,7.2,5900900.0,0.0,1.0,7.9,7.9,6.74,7.2,5900900.0
AMZN,2001-10-08,7.3,7.3,6.91,7.12,3934400.0,0.0,1.0,7.3,7.3,6.91,7.12,3934400.0
AMZN,2001-10-09,7.11,7.12,6.67,6.91,2766800.0,0.0,1.0,7.11,7.12,6.67,6.91,2766800.0
AMZN,2001-10-10,6.9,7.31,6.8,7.26,3083000.0,0.0,1.0,6.9,7.31,6.8,7.26,3083000.0
AMZN,2001-10-11,7.54,8.16,7.5,7.85,6665300.0,0.0,1.0,7.54,8.16,7.5,7.85,6665300.0
AMZN,2001-10-12,7.76,8.15,7.47,8.07,3629600.0,0.0,1.0,7.76,8.15,7.47,8.07,3629600.0
AMZN,2001-10-15,8.24,9.2,8.23,8.88,8601800.0,0.0,1.0,8.24,9.2,8.23,8.88,8601800.0
AMZN,2001-10-16,9.23,9.75,9.11,9.56,8299600.0,0.0,1.0,9.23,9.75,9.11,9.56,8299600.0
AMZN,2001-10-17,9.98,9.99,8.85,8.92,8944500.0,0.0,1.0,9.98,9.99,8.85,8.92,8944500.0
AMZN,2001-10-18,8.91,9.23,8.38,8.47,4353300.0,0.0,1.0,8.91,9.23,8.38,8.47,4353300.0
AMZN,2001-10-19,8.49,8.52,7.5,8.01,7007300.0,0.0,1.0,8.49,8.52,7.5,8.01,7007300.0
AMZN,2001-10-22,8.07,8.83,8.04,8.77,4231000.0,0.0,1.0,8.07,8.83,8.04,8.77,4231000.0
AMZN,2001-10-23,9.25,9.6,8.85,9.55,12226400.0,0.0,1.0,9.25,9.6,8.85,9.55,12226400.0
AMZN,2001-10-24,8.05,8.15,7.4,7.64,26692400.0,0.0,1.0,8.05,8.15,7.4,7.64,26692400.0
AMZN,2001-10-25,7.39,7.78,7.15,7.77,9267800.0,0.0,1.0,7.39,7.78,7.15,7.77,9267800.0
AMZN,2001-10-26,7.63,8.011,7.51,7.56,6107100.0,0.0,1.0,7.63,8.011,7.51,7.56,6107100.0
AMZN,2001-10-29,7.61,7.66,7.04,7.05,5161800.0,0.0,1.0,7.61,7.66,7.04,7.05,5161800.0
AMZN,2001-10-30,7.03,7.03,6.32,6.42,10055500.0,0.0,1.0,7.03,7.03,6.32,6.42,10055500.0
AMZN,2001-10-31,6.79,7.02,6.55,6.98,7741500.0,0.0,1.0,6.79,7.02,6.55,6.98,7741500.0
AMZN,2001-11-01,7.08,7.1,6.6,6.95,5053500.0,0.0,1.0,7.08,7.1,6.6,6.95,5053500.0
AMZN,2001-11-02,6.95,6.95,6.67,6.71,3697100.0,0.0,1.0,6.95,6.95,6.67,6.71,3697100.0
AMZN,2001-11-05,7.1,7.2,6.96,6.99,6287800.0,0.0,1.0,7.1,7.2,6.96,6.99,6287800.0
AMZN,2001-11-06,7.08,7.13,6.91,7.05,5607800.0,0.0,1.0,7.08,7.13,6.91,7.05,5607800.0
AMZN,2001-11-07,7.68,7.68,7.0,7.43,9715600.0,0.0,1.0,7.68,7.68,7.0,7.43,9715600.0
AMZN,2001-11-08,7.66,7.67,6.74,6.97,9489700.0,0.0,1.0,7.66,7.67,6.74,6.97,9489700.0
AMZN,2001-11-09,7.05,7.22,6.97,7.12,4400400.0,0.0,1.0,7.05,7.22,6.97,7.12,4400400.0
AMZN,2001-11-12,7.16,7.24,6.8,7.05,3827300.0,0.0,1.0,7.16,7.24,6.8,7.05,3827300.0
AMZN,2001-11-13,7.44,7.53,7.2,7.29,6136300.0,0.0,1.0,7.44,7.53,7.2,7.29,6136300.0
AMZN,2001-11-14,7.63,9.49,7.6,9.49,29529800.0,0.0,1.0,7.63,9.49,7.6,9.49,29529800.0
AMZN,2001-11-15,9.22,9.9,8.75,9.05,20948200.0,0.0,1.0,9.22,9.9,8.75,9.05,20948200.0
AMZN,2001-11-16,9.21,9.35,8.75,8.95,13062000.0,0.0,1.0,9.21,9.35,8.75,8.95,13062000.0
AMZN,2001-11-19,9.35,9.5,9.0,9.19,10011400.0,0.0,1.0,9.35,9.5,9.0,9.19,10011400.0
AMZN,2001-11-20,9.07,9.3,8.6,8.6,7452000.0,0.0,1.0,9.07,9.3,8.6,8.6,7452000.0
AMZN,2001-11-21,8.97,8.97,8.04,8.8,8996600.0,0.0,1.0,8.97,8.97,8.04,8.8,8996600.0
AMZN,2001-11-23,9.14,9.14,8.56,9.08,4072800.0,0.0,1.0,9.14,9.14,8.56,9.08,4072800.0
AMZN,2001-11-26,9.83,12.22,9.8,12.21,50689200.0,0.0,1.0,9.83,12.22,9.8,12.21,50689200.0
AMZN,2001-11-27,12.05,12.25,11.22,11.48,34308800.0,0.0,1.0,12.05,12.25,11.22,11.48,34308800.0
AMZN,2001-11-28,12.4,12.4,11.18,11.59,48516200.0,0.0,1.0,12.4,12.4,11.18,11.59,48516200.0
AMZN,2001-11-29,11.89,11.9,10.79,11.15,20274000.0,0.0,1.0,11.89,11.9,10.79,11.15,20274000.0
AMZN,2001-11-30,11.3,11.55,10.8,11.32,8888800.0,0.0,1.0,11.3,11.55,10.8,11.32,8888800.0
AMZN,2001-12-03,11.08,11.08,10.48,10.49,9525900.0,0.0,1.0,11.08,11.08,10.48,10.49,9525900.0
AMZN,2001-12-04,10.93,12.05,10.71,11.93,14499700.0,0.0,1.0,10.93,12.05,10.71,11.93,14499700.0
AMZN,2001-12-05,12.4,12.8,11.75,11.76,23912200.0,0.0,1.0,12.4,12.8,11.75,11.76,23912200.0
AMZN,2001-12-06,12.4,12.4,11.85,12.1,12484600.0,0.0,1.0,12.4,12.4,11.85,12.1,12484600.0
AMZN,2001-12-07,12.3,12.3,11.5,11.71,7088000.0,0.0,1.0,12.3,12.3,11.5,11.71,7088000.0
AMZN,2001-12-10,11.55,12.15,11.44,11.65,8515900.0,0.0,1.0,11.55,12.15,11.44,11.65,8515900.0
AMZN,2001-12-11,12.0,12.43,11.78,12.24,14134000.0,0.0,1.0,12.0,12.43,11.78,12.24,14134000.0
AMZN,2001-12-12,12.43,12.5,11.63,11.91,8075100.0,0.0,1.0,12.43,12.5,11.63,11.91,8075100.0
AMZN,2001-12-13,11.54,11.8,10.85,10.89,7874100.0,0.0,1.0,11.54,11.8,10.85,10.89,7874100.0
AMZN,2001-12-14,11.1,11.2,10.07,11.0,10024600.0,0.0,1.0,11.1,11.2,10.07,11.0,10024600.0
AMZN,2001-12-17,11.1,11.14,10.18,10.81,8599300.0,0.0,1.0,11.1,11.14,10.18,10.81,8599300.0
AMZN,2001-12-18,11.05,11.36,10.62,10.86,7354200.0,0.0,1.0,11.05,11.36,10.62,10.86,7354200.0
AMZN,2001-12-19,10.73,11.15,10.51,10.71,7003700.0,0.0,1.0,10.73,11.15,10.51,10.71,7003700.0
AMZN,2001-12-20,10.57,10.83,10.14,10.15,7851200.0,0.0,1.0,10.57,10.83,10.14,10.15,7851200.0
AMZN,2001-12-21,10.31,11.06,10.0,10.0,13944900.0,0.0,1.0,10.31,11.06,10.0,10.0,13944900.0
AMZN,2001-12-24,10.15,10.22,9.51,9.83,6236900.0,0.0,1.0,10.15,10.22,9.51,9.83,6236900.0
AMZN,2001-12-26,10.97,11.29,10.87,11.1,18198500.0,0.0,1.0,10.97,11.29,10.87,11.1,18198500.0
AMZN,2001-12-27,11.33,11.49,10.57,10.6,10840100.0,0.0,1.0,11.33,11.49,10.57,10.6,10840100.0
AMZN,2001-12-28,10.91,11.08,10.69,10.9,10257900.0,0.0,1.0,10.91,11.08,10.69,10.9,10257900.0
AMZN,2001-12-31,11.07,11.19,10.74,10.82,6034700.0,0.0,1.0,11.07,11.19,10.74,10.82,6034700.0
AMZN,2002-01-02,10.94,11.0,10.49,10.96,6519600.0,0.0,1.0,10.94,11.0,10.49,10.96,6519600.0
AMZN,2002-01-03,11.94,11.94,11.05,11.9,10875700.0,0.0,1.0,11.94,11.94,11.05,11.9,10875700.0
AMZN,2002-01-04,12.02,12.4,11.95,12.25,12687300.0,0.0,1.0,12.02,12.4,11.95,12.25,12687300.0
AMZN,2002-01-07,12.08,12.52,12.08,12.34,12182900.0,0.0,1.0,12.08,12.52,12.08,12.34,12182900.0
AMZN,2002-01-08,12.27,12.32,11.75,11.85,6041100.0,0.0,1.0,12.27,12.32,11.75,11.85,6041100.0
AMZN,2002-01-09,11.96,12.17,11.3,11.53,10879600.0,0.0,1.0,11.96,12.17,11.3,11.53,10879600.0
AMZN,2002-01-10,11.66,11.67,10.87,11.04,8125900.0,0.0,1.0,11.66,11.67,10.87,11.04,8125900.0
AMZN,2002-01-11,11.03,11.34,10.93,11.03,4276800.0,0.0,1.0,11.03,11.34,10.93,11.03,4276800.0
AMZN,2002-01-14,10.8,10.83,10.09,10.11,5973300.0,0.0,1.0,10.8,10.83,10.09,10.11,5973300.0
AMZN,2002-01-15,10.34,10.42,10.16,10.29,5092300.0,0.0,1.0,10.34,10.42,10.16,10.29,5092300.0
AMZN,2002-01-16,10.01,10.01,9.03,9.13,15039900.0,0.0,1.0,10.01,10.01,9.03,9.13,15039900.0
AMZN,2002-01-17,9.82,9.85,9.4,9.74,16630700.0,0.0,1.0,9.82,9.85,9.4,9.74,16630700.0
AMZN,2002-01-18,9.6,10.55,9.39,10.16,11493500.0,0.0,1.0,9.6,10.55,9.39,10.16,11493500.0
AMZN,2002-01-22,12.74,12.8,12.15,12.6,56645900.0,0.0,1.0,12.74,12.8,12.15,12.6,56645900.0
AMZN,2002-01-23,12.6,12.6,11.9,12.47,18031600.0,0.0,1.0,12.6,12.6,11.9,12.47,18031600.0
AMZN,2002-01-24,12.75,14.06,12.71,14.01,23468600.0,0.0,1.0,12.75,14.06,12.71,14.01,23468600.0
AMZN,2002-01-25,13.56,15.39,13.39,14.44,30276500.0,0.0,1.0,13.56,15.39,13.39,14.44,30276500.0
AMZN,2002-01-28,14.86,15.77,14.76,15.5,23016000.0,0.0,1.0,14.86,15.77,14.76,15.5,23016000.0
AMZN,2002-01-29,15.54,15.55,13.97,14.22,20244900.0,0.0,1.0,15.54,15.55,13.97,14.22,20244900.0
AMZN,2002-01-30,13.98,14.25,13.2,13.9,14751800.0,0.0,1.0,13.98,14.25,13.2,13.9,14751800.0
AMZN,2002-01-31,14.12,14.49,13.41,14.19,10485300.0,0.0,1.0,14.12,14.49,13.41,14.19,10485300.0
AMZN,2002-02-01,14.09,14.09,13.35,13.73,7801400.0,0.0,1.0,14.09,14.09,13.35,13.73,7801400.0
AMZN,2002-02-04,12.91,13.09,12.43,12.53,19135800.0,0.0,1.0,12.91,13.09,12.43,12.53,19135800.0
AMZN,2002-02-05,11.98,12.29,11.16,11.5,14315700.0,0.0,1.0,11.98,12.29,11.16,11.5,14315700.0
AMZN,2002-02-06,11.9,12.0,11.2,11.26,8859400.0,0.0,1.0,11.9,12.0,11.2,11.26,8859400.0
AMZN,2002-02-07,11.25,11.85,11.06,11.24,7172400.0,0.0,1.0,11.25,11.85,11.06,11.24,7172400.0
AMZN,2002-02-08,11.51,12.67,11.5,12.52,6085600.0,0.0,1.0,11.51,12.67,11.5,12.52,6085600.0
AMZN,2002-02-11,12.64,13.5,12.54,13.3,9469700.0,0.0,1.0,12.64,13.5,12.54,13.3,9469700.0
AMZN,2002-02-12,13.03,13.24,12.5,12.9,7463400.0,0.0,1.0,13.03,13.24,12.5,12.9,7463400.0
AMZN,2002-02-13,13.1,13.33,13.06,13.29,6040800.0,0.0,1.0,13.1,13.33,13.06,13.29,6040800.0
AMZN,2002-02-14,13.34,14.26,13.3,13.88,9281500.0,0.0,1.0,13.34,14.26,13.3,13.88,9281500.0
AMZN,2002-02-15,14.04,14.04,13.27,13.41,7265400.0,0.0,1.0,14.04,14.04,13.27,13.41,7265400.0
AMZN,2002-02-19,12.95,13.84,12.8,13.01,8291900.0,0.0,1.0,12.95,13.84,12.8,13.01,8291900.0
AMZN,2002-02-20,13.4,13.4,12.15,12.96,8016100.0,0.0,1.0,13.4,13.4,12.15,12.96,8016100.0
AMZN,2002-02-21,12.91,13.65,12.9,13.26,8276200.0,0.0,1.0,12.91,13.65,12.9,13.26,8276200.0
AMZN,2002-02-22,13.05,13.23,12.7,13.07,7865400.0,0.0,1.0,13.05,13.23,12.7,13.07,7865400.0
AMZN,2002-02-25,13.09,13.74,13.0,13.73,5734700.0,0.0,1.0,13.09,13.74,13.0,13.73,5734700.0
AMZN,2002-02-26,13.51,14.49,13.45,14.4,8310500.0,0.0,1.0,13.51,14.49,13.45,14.4,8310500.0
AMZN,2002-02-27,14.55,14.73,14.12,14.27,8550600.0,0.0,1.0,14.55,14.73,14.12,14.27,8550600.0
AMZN,2002-02-28,14.29,14.75,13.93,14.1,6052400.0,0.0,1.0,14.29,14.75,13.93,14.1,6052400.0
AMZN,2002-03-01,14.13,15.4,14.12,15.39,9839200.0,0.0,1.0,14.13,15.4,14.12,15.39,9839200.0
AMZN,2002-03-04,15.42,16.49,15.4,16.48,13928200.0,0.0,1.0,15.42,16.49,15.4,16.48,13928200.0
AMZN,2002-03-05,16.0,16.68,15.53,15.97,8809700.0,0.0,1.0,16.0,16.68,15.53,15.97,8809700.0
AMZN,2002-03-06,14.82,16.59,14.82,16.33,14262700.0,0.0,1.0,14.82,16.59,14.82,16.33,14262700.0
AMZN,2002-03-07,16.41,16.95,15.4,15.62,9272300.0,0.0,1.0,16.41,16.95,15.4,15.62,9272300.0
AMZN,2002-03-08,16.25,16.96,15.93,16.35,9434800.0,0.0,1.0,16.25,16.96,15.93,16.35,9434800.0
AMZN,2002-03-11,16.04,16.88,15.86,16.71,6624700.0,0.0,1.0,16.04,16.88,15.86,16.71,6624700.0
AMZN,2002-03-12,16.59,16.59,16.04,16.31,5619100.0,0.0,1.0,16.59,16.59,16.04,16.31,5619100.0
AMZN,2002-03-13,16.05,16.34,15.64,15.74,5559400.0,0.0,1.0,16.05,16.34,15.64,15.74,5559400.0
AMZN,2002-03-14,15.5,15.5,14.28,14.48,15169300.0,0.0,1.0,15.5,15.5,14.28,14.48,15169300.0
AMZN,2002-03-15,14.27,14.29,13.55,14.03,12320700.0,0.0,1.0,14.27,14.29,13.55,14.03,12320700.0
AMZN,2002-03-18,14.15,15.28,14.14,15.01,9831800.0,0.0,1.0,14.15,15.28,14.14,15.01,9831800.0
AMZN,2002-03-19,15.15,15.4,14.56,14.66,4893700.0,0.0,1.0,15.15,15.4,14.56,14.66,4893700.0
AMZN,2002-03-20,14.48,15.13,14.3,14.5,7179300.0,0.0,1.0,14.48,15.13,14.3,14.5,7179300.0
AMZN,2002-03-21,15.24,15.24,14.56,15.17,5577900.0,0.0,1.0,15.24,15.24,14.56,15.17,5577900.0
AMZN,2002-03-22,15.12,15.6,15.1,15.53,5185000.0,0.0,1.0,15.12,15.6,15.1,15.53,5185000.0
AMZN,2002-03-25,15.47,15.73,14.72,14.74,5116100.0,0.0,1.0,15.47,15.73,14.72,14.74,5116100.0
AMZN,2002-03-26,14.64,15.45,14.55,14.83,4925100.0,0.0,1.0,14.64,15.45,14.55,14.83,4925100.0
AMZN,2002-03-27,13.9,14.35,13.7,14.25,8146300.0,0.0,1.0,13.9,14.35,13.7,14.25,8146300.0
AMZN,2002-03-28,14.4,14.65,14.25,14.3,3122500.0,0.0,1.0,14.4,14.65,14.25,14.3,3122500.0
AMZN,2002-04-01,14.8,14.8,14.14,14.8,4767900.0,0.0,1.0,14.8,14.8,14.14,14.8,4767900.0
AMZN,2002-04-02,14.64,15.09,14.19,14.25,4771400.0,0.0,1.0,14.64,15.09,14.19,14.25,4771400.0
AMZN,2002-04-03,14.37,14.45,13.6,13.67,4534100.0,0.0,1.0,14.37,14.45,13.6,13.67,4534100.0
AMZN,2002-04-04,13.73,13.8,13.23,13.54,5731700.0,0.0,1.0,13.73,13.8,13.23,13.54,5731700.0
AMZN,2002-04-05,13.67,14.04,13.31,13.5,4500000.0,0.0,1.0,13.67,14.04,13.31,13.5,4500000.0
AMZN,2002-04-08,12.97,13.96,12.96,13.95,5277800.0,0.0,1.0,12.97,13.96,12.96,13.95,5277800.0
AMZN,2002-04-09,14.07,14.59,13.56,13.6,6459000.0,0.0,1.0,14.07,14.59,13.56,13.6,6459000.0
AMZN,2002-04-10,13.76,14.0,13.05,13.55,5256700.0,0.0,1.0,13.76,14.0,13.05,13.55,5256700.0
AMZN,2002-04-11,13.28,13.28,12.52,12.74,5957600.0,0.0,1.0,13.28,13.28,12.52,12.74,5957600.0
AMZN,2002-04-12,12.9,13.61,12.85,13.31,5379100.0,0.0,1.0,12.9,13.61,12.85,13.31,5379100.0
AMZN,2002-04-15,13.42,14.1,13.35,13.89,4753700.0,0.0,1.0,13.42,14.1,13.35,13.89,4753700.0
AMZN,2002-04-16,14.18,14.29,13.72,14.01,3681000.0,0.0,1.0,14.18,14.29,13.72,14.01,3681000.0
AMZN,2002-04-17,14.24,15.0,14.24,14.82,7756100.0,0.0,1.0,14.24,15.0,14.24,14.82,7756100.0
AMZN,2002-04-18,14.7,14.86,13.95,14.26,3876400.0,0.0,1.0,14.7,14.86,13.95,14.26,3876400.0
AMZN,2002-04-19,14.38,14.74,14.15,14.53,3727600.0,0.0,1.0,14.38,14.74,14.15,14.53,3727600.0
AMZN,2002-04-22,14.58,14.85,14.15,14.31,5290300.0,0.0,1.0,14.58,14.85,14.15,14.31,5290300.0
AMZN,2002-04-23,14.35,14.75,13.88,14.06,8076900.0,0.0,1.0,14.35,14.75,13.88,14.06,8076900.0
AMZN,2002-04-24,15.23,16.85,15.05,16.79,34459400.0,0.0,1.0,15.23,16.85,15.05,16.79,34459400.0
AMZN,2002-04-25,16.51,17.05,16.41,16.82,11730200.0,0.0,1.0,16.51,17.05,16.41,16.82,11730200.0
AMZN,2002-04-26,16.86,16.95,16.32,16.91,8135700.0,0.0,1.0,16.86,16.95,16.32,16.91,8135700.0
AMZN,2002-04-29,16.75,17.0,15.9,16.18,8415200.0,0.0,1.0,16.75,17.0,15.9,16.18,8415200.0
AMZN,2002-04-30,16.13,16.76,15.93,16.69,6420800.0,0.0,1.0,16.13,16.76,15.93,16.69,6420800.0
AMZN,2002-05-01,16.55,17.05,16.42,16.49,7701300.0,0.0,1.0,16.55,17.05,16.42,16.49,7701300.0
AMZN,2002-05-02,16.43,16.65,16.25,16.32,4819000.0,0.0,1.0,16.43,16.65,16.25,16.32,4819000.0
AMZN,2002-05-03,16.23,16.4,15.75,16.05,5161000.0,0.0,1.0,16.23,16.4,15.75,16.05,5161000.0
AMZN,2002-05-06,15.94,16.49,15.75,16.12,5352600.0,0.0,1.0,15.94,16.49,15.75,16.12,5352600.0
AMZN,2002-05-07,16.11,16.35,16.03,16.11,5543700.0,0.0,1.0,16.11,16.35,16.03,16.11,5543700.0
AMZN,2002-05-08,16.55,17.46,16.5,17.32,7888400.0,0.0,1.0,16.55,17.46,16.5,17.32,7888400.0
AMZN,2002-05-09,17.12,18.23,17.1,17.73,11002300.0,0.0,1.0,17.12,18.23,17.1,17.73,11002300.0
AMZN,2002-05-10,17.89,17.96,16.8,16.94,7572800.0,0.0,1.0,17.89,17.96,16.8,16.94,7572800.0
AMZN,2002-05-13,17.17,17.63,16.85,17.32,6700100.0,0.0,1.0,17.17,17.63,16.85,17.32,6700100.0
AMZN,2002-05-14,18.04,19.45,18.02,18.81,14659700.0,0.0,1.0,18.04,19.45,18.02,18.81,14659700.0
AMZN,2002-05-15,19.39,20.4,18.35,19.94,12898100.0,0.0,1.0,19.39,20.4,18.35,19.94,12898100.0
AMZN,2002-05-16,19.51,19.95,19.29,19.61,7815700.0,0.0,1.0,19.51,19.95,19.29,19.61,7815700.0
AMZN,2002-05-17,19.97,20.0,18.81,19.16,6446900.0,0.0,1.0,19.97,20.0,18.81,19.16,6446900.0
AMZN,2002-05-20,18.8,19.48,18.77,19.39,8460800.0,0.0,1.0,18.8,19.48,18.77,19.39,8460800.0
AMZN,2002-05-21,19.54,19.8,18.55,18.76,7763500.0,0.0,1.0,19.54,19.8,18.55,18.76,7763500.0
AMZN,2002-05-22,18.67,19.13,18.22,18.75,5075200.0,0.0,1.0,18.67,19.13,18.22,18.75,5075200.0
AMZN,2002-05-23,18.84,19.55,18.61,19.45,5648200.0,0.0,1.0,18.84,19.55,18.61,19.45,5648200.0
AMZN,2002-05-24,19.4,19.69,19.06,19.47,4250300.0,0.0,1.0,19.4,19.69,19.06,19.47,4250300.0
AMZN,2002-05-28,19.57,19.61,18.77,19.06,3953300.0,0.0,1.0,19.57,19.61,18.77,19.06,3953300.0
AMZN,2002-05-29,18.82,19.1,18.8,18.91,3614100.0,0.0,1.0,18.82,19.1,18.8,18.91,3614100.0
AMZN,2002-05-30,18.7,18.94,18.08,18.37,7432100.0,0.0,1.0,18.7,18.94,18.08,18.37,7432100.0
AMZN,2002-05-31,18.5,18.89,18.2,18.23,5081400.0,0.0,1.0,18.5,18.89,18.2,18.23,5081400.0
AMZN,2002-06-03,18.31,18.5,17.93,17.96,3716400.0,0.0,1.0,18.31,18.5,17.93,17.96,3716400.0
AMZN,2002-06-04,17.8,18.14,17.47,17.97,6849700.0,0.0,1.0,17.8,18.14,17.47,17.97,6849700.0
AMZN,2002-06-05,17.98,18.18,17.45,17.99,4372500.0,0.0,1.0,17.98,18.18,17.45,17.99,4372500.0
AMZN,2002-06-06,17.89,18.41,17.76,18.17,5250000.0,0.0,1.0,17.89,18.41,17.76,18.17,5250000.0
AMZN,2002-06-07,17.89,18.65,17.85,18.58,5358000.0,0.0,1.0,17.89,18.65,17.85,18.58,5358000.0
AMZN,2002-06-10,17.9,18.12,17.02,17.3,11082400.0,0.0,1.0,17.9,18.12,17.02,17.3,11082400.0
AMZN,2002-06-11,17.31,17.79,17.13,17.14,5520800.0,0.0,1.0,17.31,17.79,17.13,17.14,5520800.0
AMZN,2002-06-12,17.05,17.15,16.26,17.08,7331200.0,0.0,1.0,17.05,17.15,16.26,17.08,7331200.0
AMZN,2002-06-13,17.0,17.5,16.74,17.43,4892900.0,0.0,1.0,17.0,17.5,16.74,17.43,4892900.0
AMZN,2002-06-14,17.14,17.4,16.26,16.82,7973200.0,0.0,1.0,17.14,17.4,16.26,16.82,7973200.0
AMZN,2002-06-17,16.95,18.48,16.86,18.41,9051600.0,0.0,1.0,16.95,18.48,16.86,18.41,9051600.0
AMZN,2002-06-18,18.13,19.16,18.09,18.78,7962100.0,0.0,1.0,18.13,19.16,18.09,18.78,7962100.0
AMZN,2002-06-19,18.49,19.1,18.27,18.3,7420300.0,0.0,1.0,18.49,19.1,18.27,18.3,7420300.0
AMZN,2002-06-20,18.32,18.38,17.34,17.55,8697000.0,0.0,1.0,18.32,18.38,17.34,17.55,8697000.0
AMZN,2002-06-21,17.6,17.79,17.34,17.53,5176800.0,0.0,1.0,17.6,17.79,17.34,17.53,5176800.0
AMZN,2002-06-24,17.43,17.78,16.94,17.51,5956800.0,0.0,1.0,17.43,17.78,16.94,17.51,5956800.0
AMZN,2002-06-25,16.89,16.95,15.04,15.34,15304000.0,0.0,1.0,16.89,16.95,15.04,15.34,15304000.0
AMZN,2002-06-26,14.69,15.93,14.68,15.85,8272200.0,0.0,1.0,14.69,15.93,14.68,15.85,8272200.0
AMZN,2002-06-27,16.11,16.47,15.3,15.86,6192000.0,0.0,1.0,16.11,16.47,15.3,15.86,6192000.0
AMZN,2002-06-28,15.69,16.36,15.4,16.25,6237900.0,0.0,1.0,15.69,16.36,15.4,16.25,6237900.0
AMZN,2002-07-01,16.17,16.17,13.52,13.55,13536500.0,0.0,1.0,16.17,16.17,13.52,13.55,13536500.0
AMZN,2002-07-02,13.6,14.16,13.0,13.32,8669900.0,0.0,1.0,13.6,14.16,13.0,13.32,8669900.0
AMZN,2002-07-03,13.38,14.46,12.89,14.25,7703700.0,0.0,1.0,13.38,14.46,12.89,14.25,7703700.0
AMZN,2002-07-05,14.39,15.23,14.37,15.21,3366900.0,0.0,1.0,14.39,15.23,14.37,15.21,3366900.0
AMZN,2002-07-08,14.95,15.85,14.68,14.94,5890000.0,0.0,1.0,14.95,15.85,14.68,14.94,5890000.0
AMZN,2002-07-09,15.05,16.03,14.99,15.6,7528600.0,0.0,1.0,15.05,16.03,14.99,15.6,7528600.0
AMZN,2002-07-10,15.65,15.94,14.65,14.96,6761200.0,0.0,1.0,15.65,15.94,14.65,14.96,6761200.0
AMZN,2002-07-11,14.66,15.84,14.0,15.55,7317100.0,0.0,1.0,14.66,15.84,14.0,15.55,7317100.0
AMZN,2002-07-12,15.75,16.19,15.25,15.43,7000000.0,0.0,1.0,15.75,16.19,15.25,15.43,7000000.0
AMZN,2002-07-15,15.47,15.98,15.0,15.94,6026100.0,0.0,1.0,15.47,15.98,15.0,15.94,6026100.0
AMZN,2002-07-16,15.69,17.08,15.66,16.29,10790700.0,0.0,1.0,15.69,17.08,15.66,16.29,10790700.0
AMZN,2002-07-17,16.84,17.16,15.32,16.16,7322100.0,0.0,1.0,16.84,17.16,15.32,16.16,7322100.0
AMZN,2002-07-18,15.92,16.59,15.53,15.55,6856700.0,0.0,1.0,15.92,16.59,15.53,15.55,6856700.0
AMZN,2002-07-19,15.36,15.72,15.07,15.29,6105800.0,0.0,1.0,15.36,15.72,15.07,15.29,6105800.0
AMZN,2002-07-22,15.15,15.65,15.0,15.5,9332900.0,0.0,1.0,15.15,15.65,15.0,15.5,9332900.0
AMZN,2002-07-23,15.54,15.88,14.4,14.55,11291400.0,0.0,1.0,15.54,15.88,14.4,14.55,11291400.0
AMZN,2002-07-24,12.37,14.16,12.26,14.1,19766300.0,0.0,1.0,12.37,14.16,12.26,14.1,19766300.0
AMZN,2002-07-25,13.71,14.01,12.4,12.49,9360200.0,0.0,1.0,13.71,14.01,12.4,12.49,9360200.0
AMZN,2002-07-26,12.72,13.11,12.5,12.93,5556700.0,0.0,1.0,12.72,13.11,12.5,12.93,5556700.0
AMZN,2002-07-29,13.25,14.46,13.23,14.33,7049500.0,0.0,1.0,13.25,14.46,13.23,14.33,7049500.0
AMZN,2002-07-30,14.19,14.9,14.08,14.77,5558900.0,0.0,1.0,14.19,14.9,14.08,14.77,5558900.0
AMZN,2002-07-31,14.45,14.66,14.14,14.46,3801000.0,0.0,1.0,14.45,14.66,14.14,14.46,3801000.0
AMZN,2002-08-01,14.31,14.5,13.99,14.16,6066800.0,0.0,1.0,14.31,14.5,13.99,14.16,6066800.0
AMZN,2002-08-02,14.13,14.14,13.45,13.84,4178600.0,0.0,1.0,14.13,14.14,13.45,13.84,4178600.0
AMZN,2002-08-05,13.65,13.79,12.78,12.87,3857300.0,0.0,1.0,13.65,13.79,12.78,12.87,3857300.0
AMZN,2002-08-06,13.27,13.9,13.14,13.74,4701900.0,0.0,1.0,13.27,13.9,13.14,13.74,4701900.0
AMZN,2002-08-07,13.93,13.94,12.85,13.6,5555700.0,0.0,1.0,13.93,13.94,12.85,13.6,5555700.0
AMZN,2002-08-08,13.24,14.1,13.06,13.9,5470800.0,0.0,1.0,13.24,14.1,13.06,13.9,5470800.0
AMZN,2002-08-09,13.61,14.75,13.6,14.26,4777900.0,0.0,1.0,13.61,14.75,13.6,14.26,4777900.0
AMZN,2002-08-12,14.14,14.49,13.95,14.46,3503300.0,0.0,1.0,14.14,14.49,13.95,14.46,3503300.0
AMZN,2002-08-13,14.3,14.67,13.91,13.93,5234400.0,0.0,1.0,14.3,14.67,13.91,13.93,5234400.0
AMZN,2002-08-14,13.93,14.06,13.32,13.91,6935200.0,0.0,1.0,13.93,14.06,13.32,13.91,6935200.0
AMZN,2002-08-15,14.05,14.75,13.92,14.62,5046600.0,0.0,1.0,14.05,14.75,13.92,14.62,5046600.0
AMZN,2002-08-16,14.39,15.01,14.31,14.9,3652100.0,0.0,1.0,14.39,15.01,14.31,14.9,3652100.0
AMZN,2002-08-19,14.84,15.52,14.67,15.5,4277100.0,0.0,1.0,14.84,15.52,14.67,15.5,4277100.0
AMZN,2002-08-20,15.38,15.99,15.31,15.98,7701300.0,0.0,1.0,15.38,15.99,15.31,15.98,7701300.0
AMZN,2002-08-21,15.95,15.97,15.2,15.38,7284200.0,0.0,1.0,15.95,15.97,15.2,15.38,7284200.0
AMZN,2002-08-22,15.33,15.95,14.92,15.73,6854100.0,0.0,1.0,15.33,15.95,14.92,15.73,6854100.0
AMZN,2002-08-23,15.6,15.72,14.95,15.17,5038800.0,0.0,1.0,15.6,15.72,14.95,15.17,5038800.0
AMZN,2002-08-26,15.29,15.44,14.68,14.93,6409600.0,0.0,1.0,15.29,15.44,14.68,14.93,6409600.0
AMZN,2002-08-27,15.04,15.27,14.5,14.52,3578900.0,0.0,1.0,15.04,15.27,14.5,14.52,3578900.0
AMZN,2002-08-28,14.48,14.97,14.35,14.57,4985500.0,0.0,1.0,14.48,14.97,14.35,14.57,4985500.0
AMZN,2002-08-29,14.43,15.19,14.21,15.14,6791800.0,0.0,1.0,14.43,15.19,14.21,15.14,6791800.0
AMZN,2002-08-30,14.91,15.38,14.75,14.94,3439700.0,0.0,1.0,14.91,15.38,14.75,14.94,3439700.0
AMZN,2002-09-03,14.71,15.03,14.49,14.6,4680200.0,0.0,1.0,14.71,15.03,14.49,14.6,4680200.0
AMZN,2002-09-04,14.66,14.96,14.26,14.83,4430400.0,0.0,1.0,14.66,14.96,14.26,14.83,4430400.0
AMZN,2002-09-05,14.58,14.72,14.24,14.25,5320200.0,0.0,1.0,14.58,14.72,14.24,14.25,5320200.0
AMZN,2002-09-06,14.56,15.48,14.56,15.31,4995300.0,0.0,1.0,14.56,15.48,14.56,15.31,4995300.0
AMZN,2002-09-09,15.12,16.65,15.06,16.51,8822500.0,0.0,1.0,15.12,16.65,15.06,16.51,8822500.0
AMZN,2002-09-10,16.53,17.35,16.42,17.13,11248800.0,0.0,1.0,16.53,17.35,16.42,17.13,11248800.0
AMZN,2002-09-11,17.15,17.85,17.04,17.11,6663200.0,0.0,1.0,17.15,17.85,17.04,17.11,6663200.0
AMZN,2002-09-12,16.83,17.13,16.61,16.75,7065100.0,0.0,1.0,16.83,17.13,16.61,16.75,7065100.0
AMZN,2002-09-13,16.69,16.99,16.5,16.61,3654900.0,0.0,1.0,16.69,16.99,16.5,16.61,3654900.0
AMZN,2002-09-16,16.51,16.93,16.45,16.71,2962500.0,0.0,1.0,16.51,16.93,16.45,16.71,2962500.0
AMZN,2002-09-17,17.0,17.75,16.77,17.35,8621200.0,0.0,1.0,17.0,17.75,16.77,17.35,8621200.0
AMZN,2002-09-18,17.22,17.93,16.95,17.73,8391000.0,0.0,1.0,17.22,17.93,16.95,17.73,8391000.0
AMZN,2002-09-19,17.4,17.64,17.17,17.21,4841100.0,0.0,1.0,17.4,17.64,17.17,17.21,4841100.0
AMZN,2002-09-20,17.45,17.64,15.45,15.86,12605600.0,0.0,1.0,17.45,17.64,15.45,15.86,12605600.0
AMZN,2002-09-23,15.6,16.44,15.59,16.05,7404500.0,0.0,1.0,15.6,16.44,15.59,16.05,7404500.0
AMZN,2002-09-24,15.87,16.37,15.6,15.93,7072900.0,0.0,1.0,15.87,16.37,15.6,15.93,7072900.0
AMZN,2002-09-25,16.17,16.39,15.29,15.73,9339000.0,0.0,1.0,16.17,16.39,15.29,15.73,9339000.0
AMZN,2002-09-26,15.93,17.35,15.71,17.15,11635000.0,0.0,1.0,15.93,17.35,15.71,17.15,11635000.0
AMZN,2002-09-27,16.85,17.4,16.82,17.01,7033700.0,0.0,1.0,16.85,17.4,16.82,17.01,7033700.0
AMZN,2002-09-30,16.64,16.85,15.85,15.93,9239900.0,0.0,1.0,16.64,16.85,15.85,15.93,9239900.0
AMZN,2002-10-01,16.23,17.06,16.01,16.95,9217300.0,0.0,1.0,16.23,17.06,16.01,16.95,9217300.0
AMZN,2002-10-02,16.81,17.64,16.7,17.01,8223600.0,0.0,1.0,16.81,17.64,16.7,17.01,8223600.0
AMZN,2002-10-03,16.79,17.25,16.66,16.75,6354100.0,0.0,1.0,16.79,17.25,16.66,16.75,6354100.0
AMZN,2002-10-04,16.95,17.15,16.38,16.55,7649400.0,0.0,1.0,16.95,17.15,16.38,16.55,7649400.0
AMZN,2002-10-07,16.55,16.96,16.37,16.64,5748100.0,0.0,1.0,16.55,16.96,16.37,16.64,5748100.0
AMZN,2002-10-08,16.88,17.06,16.46,16.94,6098000.0,0.0,1.0,16.88,17.06,16.46,16.94,6098000.0
AMZN,2002-10-09,16.7,17.13,16.6,16.86,6083500.0,0.0,1.0,16.7,17.13,16.6,16.86,6083500.0
AMZN,2002-10-10,17.16,17.97,17.15,17.96,10528600.0,0.0,1.0,17.16,17.97,17.15,17.96,10528600.0
AMZN,2002-10-11,18.18,18.74,18.1,18.46,9628500.0,0.0,1.0,18.18,18.74,18.1,18.46,9628500.0
AMZN,2002-10-14,18.18,19.23,18.17,19.2,9872400.0,0.0,1.0,18.18,19.23,18.17,19.2,9872400.0
AMZN,2002-10-15,19.84,20.14,18.65,18.94,14009200.0,0.0,1.0,19.84,20.14,18.65,18.94,14009200.0
AMZN,2002-10-16,18.27,19.66,18.25,19.49,8742100.0,0.0,1.0,18.27,19.66,18.25,19.49,8742100.0
AMZN,2002-10-17,20.1,20.22,18.43,18.74,14180900.0,0.0,1.0,20.1,20.22,18.43,18.74,14180900.0
AMZN,2002-10-18,18.48,19.29,18.36,19.04,6568300.0,0.0,1.0,18.48,19.29,18.36,19.04,6568300.0
AMZN,2002-10-21,18.89,19.53,18.73,19.26,6757700.0,0.0,1.0,18.89,19.53,18.73,19.26,6757700.0
AMZN,2002-10-22,19.01,19.91,18.9,19.38,8645700.0,0.0,1.0,19.01,19.91,18.9,19.38,8645700.0
AMZN,2002-10-23,19.52,19.82,19.37,19.75,6648100.0,0.0,1.0,19.52,19.82,19.37,19.75,6648100.0
AMZN,2002-10-24,19.95,20.26,19.8,19.86,12929900.0,0.0,1.0,19.95,20.26,19.8,19.86,12929900.0
AMZN,2002-10-25,18.84,19.36,18.49,19.3,15900000.0,0.0,1.0,18.84,19.36,18.49,19.3,15900000.0
AMZN,2002-10-28,19.27,19.73,18.4,18.59,8799800.0,0.0,1.0,19.27,19.73,18.4,18.59,8799800.0
AMZN,2002-10-29,18.51,18.92,18.07,18.57,7242000.0,0.0,1.0,18.51,18.92,18.07,18.57,7242000.0
AMZN,2002-10-30,19.27,19.73,18.4,18.59,6888800.0,0.0,1.0,19.27,19.73,18.4,18.59,6888800.0
AMZN,2002-10-31,19.03,19.48,18.85,19.35,6822600.0,0.0,1.0,19.03,19.48,18.85,19.35,6822600.0
AMZN,2002-11-01,19.29,19.9,19.09,19.8,5549400.0,0.0,1.0,19.29,19.9,19.09,19.8,5549400.0
AMZN,2002-11-04,19.4,19.81,18.59,18.78,12963500.0,0.0,1.0,19.4,19.81,18.59,18.78,12963500.0
AMZN,2002-11-05,18.63,18.87,18.2,18.72,7942400.0,0.0,1.0,18.63,18.87,18.2,18.72,7942400.0
AMZN,2002-11-06,18.77,19.39,18.26,19.34,7973400.0,0.0,1.0,18.77,19.39,18.26,19.34,7973400.0
AMZN,2002-11-07,18.85,19.3,18.77,19.12,6419700.0,0.0,1.0,18.85,19.3,18.77,19.12,6419700.0
AMZN,2002-11-08,19.04,19.67,18.81,19.51,7032100.0,0.0,1.0,19.04,19.67,18.81,19.51,7032100.0
AMZN,2002-11-11,19.4,19.55,18.8,19.0,5749600.0,0.0,1.0,19.4,19.55,18.8,19.0,5749600.0
AMZN,2002-11-12,19.01,19.99,19.01,19.82,10462200.0,0.0,1.0,19.01,19.99,19.01,19.82,10462200.0
AMZN,2002-11-13,19.61,21.0,19.61,20.41,18206200.0,0.0,1.0,19.61,21.0,19.61,20.41,18206200.0
AMZN,2002-11-14,20.99,21.49,20.95,21.21,13177300.0,0.0,1.0,20.99,21.49,20.95,21.21,13177300.0
AMZN,2002-11-15,21.15,22.35,21.09,22.21,12258400.0,0.0,1.0,21.15,22.35,21.09,22.21,12258400.0
AMZN,2002-11-18,22.65,23.74,22.15,22.42,25333500.0,0.0,1.0,22.65,23.74,22.15,22.42,25333500.0
AMZN,2002-11-19,21.88,21.89,21.23,21.29,12258900.0,0.0,1.0,21.88,21.89,21.23,21.29,12258900.0
AMZN,2002-11-20,21.35,23.0,21.22,22.9,13294400.0,0.0,1.0,21.35,23.0,21.22,22.9,13294400.0
AMZN,2002-11-21,23.33,23.85,23.21,23.4,11288500.0,0.0,1.0,23.33,23.85,23.21,23.4,11288500.0
AMZN,2002-11-22,23.2,24.28,23.1,23.99,11686600.0,0.0,1.0,23.2,24.28,23.1,23.99,11686600.0
AMZN,2002-11-25,24.03,24.5,23.82,24.25,10091100.0,0.0,1.0,24.03,24.5,23.82,24.25,10091100.0
AMZN,2002-11-26,24.02,24.21,23.38,23.4,6405800.0,0.0,1.0,24.02,24.21,23.38,23.4,6405800.0
AMZN,2002-11-27,23.72,24.24,23.71,24.08,5666000.0,0.0,1.0,23.72,24.24,23.71,24.08,5666000.0
AMZN,2002-11-29,24.15,24.38,23.33,23.35,2577300.0,0.0,1.0,24.15,24.38,23.33,23.35,2577300.0
AMZN,2002-12-02,24.15,25.0,24.0,24.11,11152500.0,0.0,1.0,24.15,25.0,24.0,24.11,11152500.0
AMZN,2002-12-03,23.83,23.98,23.38,23.74,5901100.0,0.0,1.0,23.83,23.98,23.38,23.74,5901100.0
AMZN,2002-12-04,23.48,23.8,22.96,23.39,7878900.0,0.0,1.0,23.48,23.8,22.96,23.39,7878900.0
AMZN,2002-12-05,23.66,23.68,22.2,22.58,10642600.0,0.0,1.0,23.66,23.68,22.2,22.58,10642600.0
AMZN,2002-12-06,21.7,22.69,21.51,22.61,9393500.0,0.0,1.0,21.7,22.69,21.51,22.61,9393500.0
AMZN,2002-12-09,22.23,22.35,21.6,21.68,7454700.0,0.0,1.0,22.23,22.35,21.6,21.68,7454700.0
AMZN,2002-12-10,21.96,21.99,21.24,21.86,7093700.0,0.0,1.0,21.96,21.99,21.24,21.86,7093700.0
AMZN,2002-12-11,21.67,22.38,21.62,22.12,6387300.0,0.0,1.0,21.67,22.38,21.62,22.12,6387300.0
AMZN,2002-12-12,22.47,22.62,21.81,22.24,5977500.0,0.0,1.0,22.47,22.62,21.81,22.24,5977500.0
AMZN,2002-12-13,21.95,22.35,21.87,22.18,3859200.0,0.0,1.0,21.95,22.35,21.87,22.18,3859200.0
AMZN,2002-12-16,22.23,22.53,22.04,22.51,4940700.0,0.0,1.0,22.23,22.53,22.04,22.51,4940700.0
AMZN,2002-12-17,22.33,22.56,22.32,22.46,3419500.0,0.0,1.0,22.33,22.56,22.32,22.46,3419500.0
AMZN,2002-12-18,22.25,22.26,21.98,22.1,3992800.0,0.0,1.0,22.25,22.26,21.98,22.1,3992800.0
AMZN,2002-12-19,21.63,22.2,21.53,21.69,5814400.0,0.0,1.0,21.63,22.2,21.53,21.69,5814400.0
AMZN,2002-12-20,21.79,22.01,21.61,21.8,4935300.0,0.0,1.0,21.79,22.01,21.61,21.8,4935300.0
AMZN,2002-12-23,21.78,22.47,21.78,22.24,4424500.0,0.0,1.0,21.78,22.47,21.78,22.24,4424500.0
AMZN,2002-12-24,22.18,22.28,21.88,21.88,2348600.0,0.0,1.0,22.18,22.28,21.88,21.88,2348600.0
AMZN,2002-12-26,21.59,21.6,20.0,20.3,14199300.0,0.0,1.0,21.59,21.6,20.0,20.3,14199300.0
AMZN,2002-12-27,19.97,20.1,18.43,18.86,21972800.0,0.0,1.0,19.97,20.1,18.43,18.86,21972800.0
AMZN,2002-12-30,18.85,19.4,18.74,19.25,8284700.0,0.0,1.0,18.85,19.4,18.74,19.25,8284700.0
AMZN,2002-12-31,19.25,19.56,18.83,18.89,5537000.0,0.0,1.0,19.25,19.56,18.83,18.89,5537000.0
AMZN,2003-01-02,19.19,19.68,18.55,19.57,6484000.0,0.0,1.0,19.19,19.68,18.55,19.57,6484000.0
AMZN,2003-01-03,19.59,20.53,19.41,20.52,8757000.0,0.0,1.0,19.59,20.53,19.41,20.52,8757000.0
AMZN,2003-01-06,20.4,21.17,20.3,20.7,7698100.0,0.0,1.0,20.4,21.17,20.3,20.7,7698100.0
AMZN,2003-01-07,20.83,21.75,20.6,21.55,9568200.0,0.0,1.0,20.83,21.75,20.6,21.55,9568200.0
AMZN,2003-01-08,21.44,21.6,20.82,21.02,6981500.0,0.0,1.0,21.44,21.6,20.82,21.02,6981500.0
AMZN,2003-01-09,21.08,21.7,20.9,21.45,6154800.0,0.0,1.0,21.08,21.7,20.9,21.45,6154800.0
AMZN,2003-01-10,20.96,21.67,20.81,21.32,7579300.0,0.0,1.0,20.96,21.67,20.81,21.32,7579300.0
AMZN,2003-01-13,21.33,22.1,21.25,22.04,7121300.0,0.0,1.0,21.33,22.1,21.25,22.04,7121300.0
AMZN,2003-01-14,21.85,22.76,21.66,22.74,7048800.0,0.0,1.0,21.85,22.76,21.66,22.74,7048800.0
AMZN,2003-01-15,22.59,22.61,21.94,22.27,6989400.0,0.0,1.0,22.59,22.61,21.94,22.27,6989400.0
AMZN,2003-01-16,21.69,22.1,21.45,21.8,7911600.0,0.0,1.0,21.69,22.1,21.45,21.8,7911600.0
AMZN,2003-01-17,21.46,21.71,21.23,21.4,5786200.0,0.0,1.0,21.46,21.71,21.23,21.4,5786200.0
AMZN,2003-01-21,21.25,21.61,20.36,21.08,6293100.0,0.0,1.0,21.25,21.61,20.36,21.08,6293100.0
AMZN,2003-01-22,20.77,21.7,20.75,21.17,6683600.0,0.0,1.0,20.77,21.7,20.75,21.17,6683600.0
AMZN,2003-01-23,21.54,22.04,21.15,21.79,10998000.0,0.0,1.0,21.54,22.04,21.15,21.79,10998000.0
AMZN,2003-01-24,22.59,23.29,21.9,22.11,21681800.0,0.0,1.0,22.59,23.29,21.9,22.11,21681800.0
AMZN,2003-01-27,21.68,22.37,21.64,21.78,8207000.0,0.0,1.0,21.68,22.37,21.64,21.78,8207000.0
AMZN,2003-01-28,21.91,21.97,21.23,21.62,7968400.0,0.0,1.0,21.91,21.97,21.23,21.62,7968400.0
AMZN,2003-01-29,21.91,21.97,21.23,21.62,7056900.0,0.0,1.0,21.91,21.97,21.23,21.62,7056900.0
AMZN,2003-01-30,22.2,22.4,21.74,21.82,5965700.0,0.0,1.0,22.2,22.4,21.74,21.82,5965700.0
AMZN,2003-01-31,21.64,22.27,21.56,21.85,6262500.0,0.0,1.0,21.64,22.27,21.56,21.85,6262500.0
AMZN,2003-02-03,21.94,22.44,21.82,22.16,5195500.0,0.0,1.0,21.94,22.44,21.82,22.16,5195500.0
AMZN,2003-02-04,21.94,22.14,21.57,22.05,4817600.0,0.0,1.0,21.94,22.14,21.57,22.05,4817600.0
AMZN,2003-02-05,22.18,22.5,22.03,22.17,5343100.0,0.0,1.0,22.18,22.5,22.03,22.17,5343100.0
AMZN,2003-02-06,22.16,22.48,21.93,22.09,4037700.0,0.0,1.0,22.16,22.48,21.93,22.09,4037700.0
AMZN,2003-02-07,22.1,22.11,21.2,21.44,6942900.0,0.0,1.0,22.1,22.11,21.2,21.44,6942900.0
AMZN,2003-02-10,21.4,21.41,20.57,21.4,8096500.0,0.0,1.0,21.4,21.41,20.57,21.4,8096500.0
AMZN,2003-02-11,21.56,21.6,20.69,20.78,6679000.0,0.0,1.0,21.56,21.6,20.69,20.78,6679000.0
AMZN,2003-02-12,20.79,21.2,20.66,21.03,5433900.0,0.0,1.0,20.79,21.2,20.66,21.03,5433900.0
AMZN,2003-02-13,20.95,21.0,19.61,20.06,11576800.0,0.0,1.0,20.95,21.0,19.61,20.06,11576800.0
AMZN,2003-02-14,19.99,20.23,19.71,20.06,6625300.0,0.0,1.0,19.99,20.23,19.71,20.06,6625300.0
AMZN,2003-02-18,20.15,21.41,20.15,21.39,7899900.0,0.0,1.0,20.15,21.41,20.15,21.39,7899900.0
AMZN,2003-02-19,21.15,21.25,21.02,21.19,5470800.0,0.0,1.0,21.15,21.25,21.02,21.19,5470800.0
AMZN,2003-02-20,21.19,21.5,21.09,21.36,4169800.0,0.0,1.0,21.19,21.5,21.09,21.36,4169800.0
AMZN,2003-02-21,21.35,21.83,21.04,21.78,7207800.0,0.0,1.0,21.35,21.83,21.04,21.78,7207800.0
AMZN,2003-02-24,21.64,22.18,21.64,21.78,6936600.0,0.0,1.0,21.64,22.18,21.64,21.78,6936600.0
AMZN,2003-02-25,21.5,22.0,21.4,21.88,5624000.0,0.0,1.0,21.5,22.0,21.4,21.88,5624000.0
AMZN,2003-02-26,21.63,21.98,21.62,21.64,4121300.0,0.0,1.0,21.63,21.98,21.62,21.64,4121300.0
AMZN,2003-02-27,21.66,21.77,20.25,21.62,5076300.0,0.0,1.0,21.66,21.77,20.25,21.62,5076300.0
AMZN,2003-02-28,21.57,22.02,21.43,22.01,4687100.0,0.0,1.0,21.57,22.02,21.43,22.01,4687100.0
AMZN,2003-03-03,22.15,22.61,21.74,21.81,4480300.0,0.0,1.0,22.15,22.61,21.74,21.81,4480300.0
AMZN,2003-03-04,21.7,22.35,21.36,22.27,5434300.0,0.0,1.0,21.7,22.35,21.36,22.27,5434300.0
AMZN,2003-03-05,22.08,22.62,22.02,22.42,5160400.0,0.0,1.0,22.08,22.62,22.02,22.42,5160400.0
AMZN,2003-03-06,22.32,22.85,22.12,22.69,5427400.0,0.0,1.0,22.32,22.85,22.12,22.69,5427400.0
AMZN,2003-03-07,22.32,23.04,22.26,22.97,5848400.0,0.0,1.0,22.32,23.04,22.26,22.97,5848400.0
AMZN,2003-03-10,22.6,22.96,22.55,22.88,4406000.0,0.0,1.0,22.6,22.96,22.55,22.88,4406000.0
AMZN,2003-03-11,22.75,22.92,22.52,22.78,4034100.0,0.0,1.0,22.75,22.92,22.52,22.78,4034100.0
AMZN,2003-03-12,22.51,23.38,22.49,23.36,5573100.0,0.0,1.0,22.51,23.38,22.49,23.36,5573100.0
AMZN,2003-03-13,23.68,24.59,23.13,24.42,11208900.0,0.0,1.0,23.68,24.59,23.13,24.42,11208900.0
AMZN,2003-03-14,24.54,24.9,24.2,24.71,8907800.0,0.0,1.0,24.54,24.9,24.2,24.71,8907800.0
AMZN,2003-03-17,24.47,26.84,24.4,26.55,15124900.0,0.0,1.0,24.47,26.84,24.4,26.55,15124900.0
AMZN,2003-03-18,26.46,26.84,26.1,26.78,8749800.0,0.0,1.0,26.46,26.84,26.1,26.78,8749800.0
AMZN,2003-03-19,26.33,26.69,26.17,26.54,8481000.0,0.0,1.0,26.33,26.69,26.17,26.54,8481000.0
AMZN,2003-03-20,26.31,27.63,26.13,27.45,9376200.0,0.0,1.0,26.31,27.63,26.13,27.45,9376200.0
AMZN,2003-03-21,27.71,27.95,27.04,27.93,10657700.0,0.0,1.0,27.71,27.95,27.04,27.93,10657700.0
AMZN,2003-03-24,27.08,27.27,26.2,26.23,10340500.0,0.0,1.0,27.08,27.27,26.2,26.23,10340500.0
AMZN,2003-03-25,26.25,27.09,26.21,26.9,7213200.0,0.0,1.0,26.25,27.09,26.21,26.9,7213200.0
AMZN,2003-03-26,26.88,27.87,26.71,27.76,7375700.0,0.0,1.0,26.88,27.87,26.71,27.76,7375700.0
AMZN,2003-03-27,27.59,28.04,27.45,27.77,10642100.0,0.0,1.0,27.59,28.04,27.45,27.77,10642100.0
AMZN,2003-03-28,27.59,27.95,27.1,27.18,6437000.0,0.0,1.0,27.59,27.95,27.1,27.18,6437000.0
AMZN,2003-03-31,26.57,26.74,25.96,26.03,9214800.0,0.0,1.0,26.57,26.74,25.96,26.03,9214800.0
AMZN,2003-04-01,25.55,25.59,25.06,25.54,9774000.0,0.0,1.0,25.55,25.59,25.06,25.54,9774000.0
AMZN,2003-04-02,25.98,26.48,25.846,26.38,6623000.0,0.0,1.0,25.98,26.48,25.846,26.38,6623000.0
AMZN,2003-04-03,26.51,27.09,26.02,26.65,7324400.0,0.0,1.0,26.51,27.09,26.02,26.65,7324400.0
AMZN,2003-04-04,26.71,26.83,25.95,26.22,6072800.0,0.0,1.0,26.71,26.83,25.95,26.22,6072800.0
AMZN,2003-04-07,27.21,27.56,26.75,26.82,7230400.0,0.0,1.0,27.21,27.56,26.75,26.82,7230400.0
AMZN,2003-04-08,26.79,26.8,26.45,26.52,5403600.0,0.0,1.0,26.79,26.8,26.45,26.52,5403600.0
AMZN,2003-04-09,26.351,26.37,24.84,25.06,11958900.0,0.0,1.0,26.351,26.37,24.84,25.06,11958900.0
AMZN,2003-04-10,25.43,25.94,24.78,25.67,9311200.0,0.0,1.0,25.43,25.94,24.78,25.67,9311200.0
AMZN,2003-04-11,25.85,26.24,25.42,25.75,6899000.0,0.0,1.0,25.85,26.24,25.42,25.75,6899000.0
AMZN,2003-04-14,24.8,25.15,24.5,25.05,10417100.0,0.0,1.0,24.8,25.15,24.5,25.05,10417100.0
AMZN,2003-04-15,24.89,25.43,24.82,25.13,6341400.0,0.0,1.0,24.89,25.43,24.82,25.13,6341400.0
AMZN,2003-04-16,25.3,25.5,24.13,24.38,9294500.0,0.0,1.0,25.3,25.5,24.13,24.38,9294500.0
AMZN,2003-04-17,24.47,25.01,24.35,24.99,6789900.0,0.0,1.0,24.47,25.01,24.35,24.99,6789900.0
AMZN,2003-04-21,25.03,26.17,24.9,25.25,7132300.0,0.0,1.0,25.03,26.17,24.9,25.25,7132300.0
AMZN,2003-04-22,25.09,25.69,24.82,25.58,6868600.0,0.0,1.0,25.09,25.69,24.82,25.58,6868600.0
AMZN,2003-04-23,26.4,26.55,25.36,25.43,8850100.0,0.0,1.0,26.4,26.55,25.36,25.43,8850100.0
AMZN,2003-04-24,25.4,25.629,24.77,25.12,17603300.0,0.0,1.0,25.4,25.629,24.77,25.12,17603300.0
AMZN,2003-04-25,28.0,29.0,27.82,28.97,39972400.0,0.0,1.0,28.0,29.0,27.82,28.97,39972400.0
AMZN,2003-04-28,28.64,29.19,28.6,29.11,15801000.0,0.0,1.0,28.64,29.19,28.6,29.11,15801000.0
AMZN,2003-04-29,28.91,29.04,28.61,28.89,10526400.0,0.0,1.0,28.91,29.04,28.61,28.89,10526400.0
AMZN,2003-04-30,28.6,29.0,28.38,28.69,9450000.0,0.0,1.0,28.6,29.0,28.38,28.69,9450000.0
AMZN,2003-05-01,28.68,28.7,28.15,28.66,7689200.0,0.0,1.0,28.68,28.7,28.15,28.66,7689200.0
AMZN,2003-05-02,28.63,29.4599,28.55,29.43,9884400.0,0.0,1.0,28.63,29.4599,28.55,29.43,9884400.0
AMZN,2003-05-05,29.47,30.05,29.01,29.96,11136300.0,0.0,1.0,29.47,30.05,29.01,29.96,11136300.0
AMZN,2003-05-06,29.83,31.18,29.8,30.88,13962400.0,0.0,1.0,29.83,31.18,29.8,30.88,13962400.0
AMZN,2003-05-07,30.66,30.86,30.03,30.7,10351800.0,0.0,1.0,30.66,30.86,30.03,30.7,10351800.0
AMZN,2003-05-08,30.36,30.764,30.22,30.45,8513500.0,0.0,1.0,30.36,30.764,30.22,30.45,8513500.0
AMZN,2003-05-09,30.46,30.99,30.2,30.965,5981700.0,0.0,1.0,30.46,30.99,30.2,30.965,5981700.0
AMZN,2003-05-12,30.83,31.8,30.67,31.7,7246900.0,0.0,1.0,30.83,31.8,30.67,31.7,7246900.0
AMZN,2003-05-13,31.55,33.49,31.44,32.95,15844500.0,0.0,1.0,31.55,33.49,31.44,32.95,15844500.0
AMZN,2003-05-14,33.14,33.19,32.44,32.6,7993200.0,0.0,1.0,33.14,33.19,32.44,32.6,7993200.0
AMZN,2003-05-15,32.64,32.75,32.2,32.63,5192300.0,0.0,1.0,32.64,32.75,32.2,32.63,5192300.0
AMZN,2003-05-16,32.51,33.161,32.38,33.05,7644100.0,0.0,1.0,32.51,33.161,32.38,33.05,7644100.0
AMZN,2003-05-19,32.7,32.97,31.4,31.56,9763500.0,0.0,1.0,32.7,32.97,31.4,31.56,9763500.0
AMZN,2003-05-20,31.56,32.13,31.17,31.48,8066200.0,0.0,1.0,31.56,32.13,31.17,31.48,8066200.0
AMZN,2003-05-21,31.34,31.84,31.16,31.75,5200300.0,0.0,1.0,31.34,31.84,31.16,31.75,5200300.0
AMZN,2003-05-22,31.75,33.299,31.29,33.0,8489900.0,0.0,1.0,31.75,33.299,31.29,33.0,8489900.0
AMZN,2003-05-23,33.03,33.05,32.47,32.72,7063200.0,0.0,1.0,33.03,33.05,32.47,32.72,7063200.0
AMZN,2003-05-27,32.55,35.03,32.45,34.85,12225400.0,0.0,1.0,32.55,35.03,32.45,34.85,12225400.0
AMZN,2003-05-28,34.88,35.73,34.65,34.86,9053100.0,0.0,1.0,34.88,35.73,34.65,34.86,9053100.0
AMZN,2003-05-29,34.89,35.97,34.7,35.55,9341600.0,0.0,1.0,34.89,35.97,34.7,35.55,9341600.0
AMZN,2003-05-30,35.61,36.09,34.999,35.89,10190300.0,0.0,1.0,35.61,36.09,34.999,35.89,10190300.0
AMZN,2003-06-02,36.5,36.678,35.35,35.4,9552700.0,0.0,1.0,36.5,36.678,35.35,35.4,9552700.0
AMZN,2003-06-03,34.94,35.309,34.68,35.23,10095900.0,0.0,1.0,34.94,35.309,34.68,35.23,10095900.0
AMZN,2003-06-04,35.0,35.6,34.7,35.39,9333400.0,0.0,1.0,35.0,35.6,34.7,35.39,9333400.0
AMZN,2003-06-05,35.16,35.84,34.61,35.52,7193700.0,0.0,1.0,35.16,35.84,34.61,35.52,7193700.0
AMZN,2003-06-06,36.04,36.26,33.25,33.35,11380900.0,0.0,1.0,36.04,36.26,33.25,33.35,11380900.0
AMZN,2003-06-09,34.47,34.47,33.08,33.68,8438400.0,0.0,1.0,34.47,34.47,33.08,33.68,8438400.0
AMZN,2003-06-10,34.02,34.38,32.83,34.07,9663600.0,0.0,1.0,34.02,34.38,32.83,34.07,9663600.0
AMZN,2003-06-11,33.97,34.81,33.6,34.65,7746400.0,0.0,1.0,33.97,34.81,33.6,34.65,7746400.0
AMZN,2003-06-12,35.4,35.4,34.71,35.201,7032500.0,0.0,1.0,35.4,35.4,34.71,35.201,7032500.0
AMZN,2003-06-13,35.4,35.45,34.05,34.13,6011800.0,0.0,1.0,35.4,35.45,34.05,34.13,6011800.0
AMZN,2003-06-16,34.57,35.85,34.08,35.84,7127900.0,0.0,1.0,34.57,35.85,34.08,35.84,7127900.0
AMZN,2003-06-17,35.93,36.37,35.25,35.84,8249900.0,0.0,1.0,35.93,36.37,35.25,35.84,8249900.0
AMZN,2003-06-18,35.5,37.24,35.35,35.85,11206800.0,0.0,1.0,35.5,37.24,35.35,35.85,11206800.0
AMZN,2003-06-19,35.8,36.75,35.38,35.5,5988100.0,0.0,1.0,35.8,36.75,35.38,35.5,5988100.0
AMZN,2003-06-20,35.8,35.875,34.84,35.04,7012500.0,0.0,1.0,35.8,35.875,34.84,35.04,7012500.0
AMZN,2003-06-23,35.48,35.86,35.03,35.58,8407300.0,0.0,1.0,35.48,35.86,35.03,35.58,8407300.0
AMZN,2003-06-24,35.37,35.82,34.54,35.4,8177200.0,0.0,1.0,35.37,35.82,34.54,35.4,8177200.0
AMZN,2003-06-25,35.3,36.13,35.15,35.39,6659000.0,0.0,1.0,35.3,36.13,35.15,35.39,6659000.0
AMZN,2003-06-26,35.21,36.84,35.06,36.72,10292400.0,0.0,1.0,35.21,36.84,35.06,36.72,10292400.0
AMZN,2003-06-27,36.69,37.09,36.18,36.3,6756500.0,0.0,1.0,36.69,37.09,36.18,36.3,6756500.0
AMZN,2003-06-30,36.63,36.821,36.02,36.32,5143900.0,0.0,1.0,36.63,36.821,36.02,36.32,5143900.0
AMZN,2003-07-01,36.33,37.29,35.7,37.25,7242800.0,0.0,1.0,36.33,37.29,35.7,37.25,7242800.0
AMZN,2003-07-02,37.66,37.89,37.14,37.85,6086100.0,0.0,1.0,37.66,37.89,37.14,37.85,6086100.0
AMZN,2003-07-03,37.02,38.16,37.02,37.68,3846000.0,0.0,1.0,37.02,38.16,37.02,37.68,3846000.0
AMZN,2003-07-07,38.3,39.1,37.95,39.05,6697300.0,0.0,1.0,38.3,39.1,37.95,39.05,6697300.0
AMZN,2003-07-08,38.76,40.83,38.75,40.51,12145400.0,0.0,1.0,38.76,40.83,38.75,40.51,12145400.0
AMZN,2003-07-09,40.54,40.73,39.87,40.5,7832200.0,0.0,1.0,40.54,40.73,39.87,40.5,7832200.0
AMZN,2003-07-10,39.12,39.5,38.2,38.25,8825600.0,0.0,1.0,39.12,39.5,38.2,38.25,8825600.0
AMZN,2003-07-11,38.3,38.3,37.1,37.65,11559900.0,0.0,1.0,38.3,38.3,37.1,37.65,11559900.0
AMZN,2003-07-14,38.5,39.61,38.24,39.27,8690300.0,0.0,1.0,38.5,39.61,38.24,39.27,8690300.0
AMZN,2003-07-15,39.61,39.61,37.62,38.43,5851500.0,0.0,1.0,39.61,39.61,37.62,38.43,5851500.0
AMZN,2003-07-16,38.52,38.52,37.32,37.68,5625600.0,0.0,1.0,38.52,38.52,37.32,37.68,5625600.0
AMZN,2003-07-17,37.15,37.3,36.04,36.32,7642000.0,0.0,1.0,37.15,37.3,36.04,36.32,7642000.0
AMZN,2003-07-18,36.32,36.85,34.79,34.9798,13402900.0,0.0,1.0,36.32,36.85,34.79,34.9798,13402900.0
AMZN,2003-07-21,34.71,36.0,34.6,35.33,9825700.0,0.0,1.0,34.71,36.0,34.6,35.33,9825700.0
AMZN,2003-07-22,35.7,36.0,34.0,34.87,15896800.0,0.0,1.0,35.7,36.0,34.0,34.87,15896800.0
AMZN,2003-07-23,37.75,40.25,37.35,40.11,32178100.0,0.0,1.0,37.75,40.25,37.35,40.11,32178100.0
AMZN,2003-07-24,41.0,43.1,40.58,41.31,23828000.0,0.0,1.0,41.0,43.1,40.58,41.31,23828000.0
AMZN,2003-07-25,40.74,41.65,39.75,41.6,10647600.0,0.0,1.0,40.74,41.65,39.75,41.6,10647600.0
AMZN,2003-07-28,41.49,42.18,40.87,42.08,7453200.0,0.0,1.0,41.49,42.18,40.87,42.08,7453200.0
AMZN,2003-07-29,41.99,42.5,41.06,41.39,7825500.0,0.0,1.0,41.99,42.5,41.06,41.39,7825500.0
AMZN,2003-07-30,41.15,41.27,40.45,40.66,7166300.0,0.0,1.0,41.15,41.27,40.45,40.66,7166300.0
AMZN,2003-07-31,41.35,41.97,40.67,41.64,8970700.0,0.0,1.0,41.35,41.97,40.67,41.64,8970700.0
AMZN,2003-08-01,41.41,41.63,39.78,40.03,8805200.0,0.0,1.0,41.41,41.63,39.78,40.03,8805200.0
AMZN,2003-08-04,39.7,40.29,38.95,39.65,7054400.0,0.0,1.0,39.7,40.29,38.95,39.65,7054400.0
AMZN,2003-08-05,39.24,39.85,38.63,38.67,6816200.0,0.0,1.0,39.24,39.85,38.63,38.67,6816200.0
AMZN,2003-08-06,38.63,39.95,38.28,38.94,9192600.0,0.0,1.0,38.63,39.95,38.28,38.94,9192600.0
AMZN,2003-08-07,39.0,39.34,38.59,39.01,6395500.0,0.0,1.0,39.0,39.34,38.59,39.01,6395500.0
AMZN,2003-08-08,39.13,39.4,38.63,39.15,4810900.0,0.0,1.0,39.13,39.4,38.63,39.15,4810900.0
AMZN,2003-08-11,38.99,39.04,38.35,38.93,5239100.0,0.0,1.0,38.99,39.04,38.35,38.93,5239100.0
AMZN,2003-08-12,38.95,39.96,38.31,39.85,6128500.0,0.0,1.0,38.95,39.96,38.31,39.85,6128500.0
AMZN,2003-08-13,40.25,40.47,39.71,40.21,7154500.0,0.0,1.0,40.25,40.47,39.71,40.21,7154500.0
AMZN,2003-08-14,39.92,40.37,39.65,40.3,4850300.0,0.0,1.0,39.92,40.37,39.65,40.3,4850300.0
AMZN,2003-08-15,40.23,40.38,39.97,40.1,2486500.0,0.0,1.0,40.23,40.38,39.97,40.1,2486500.0
AMZN,2003-08-18,40.5,43.24,40.38,43.02,11174200.0,0.0,1.0,40.5,43.24,40.38,43.02,11174200.0
AMZN,2003-08-19,43.43,44.19,42.92,43.57,10489300.0,0.0,1.0,43.43,44.19,42.92,43.57,10489300.0
AMZN,2003-08-20,43.06,43.939,43.01,43.76,6724700.0,0.0,1.0,43.06,43.939,43.01,43.76,6724700.0
AMZN,2003-08-21,44.22,45.91,43.87,45.7,11592500.0,0.0,1.0,44.22,45.91,43.87,45.7,11592500.0
AMZN,2003-08-22,46.4,46.95,44.81,45.22,10473300.0,0.0,1.0,46.4,46.95,44.81,45.22,10473300.0
AMZN,2003-08-25,44.85,46.16,44.53,45.85,7103500.0,0.0,1.0,44.85,46.16,44.53,45.85,7103500.0
AMZN,2003-08-26,45.65,46.14,45.11,45.93,6542400.0,0.0,1.0,45.65,46.14,45.11,45.93,6542400.0
AMZN,2003-08-27,45.77,46.07,45.26,45.88,4539400.0,0.0,1.0,45.77,46.07,45.26,45.88,4539400.0
AMZN,2003-08-28,45.94,46.0,44.81,45.94,6987500.0,0.0,1.0,45.94,46.0,44.81,45.94,6987500.0
AMZN,2003-08-29,45.82,46.44,45.72,46.32,6158400.0,0.0,1.0,45.82,46.44,45.72,46.32,6158400.0
AMZN,2003-09-02,46.52,47.45,46.01,47.33,9459400.0,0.0,1.0,46.52,47.45,46.01,47.33,9459400.0
AMZN,2003-09-03,47.58,47.75,45.86,46.19,10697900.0,0.0,1.0,47.58,47.75,45.86,46.19,10697900.0
AMZN,2003-09-04,46.12,47.39,46.04,47.29,10255000.0,0.0,1.0,46.12,47.39,46.04,47.29,10255000.0
AMZN,2003-09-05,46.95,47.48,46.1,46.52,8102900.0,0.0,1.0,46.95,47.48,46.1,46.52,8102900.0
AMZN,2003-09-08,46.5,47.35,46.06,47.28,7408200.0,0.0,1.0,46.5,47.35,46.06,47.28,7408200.0
AMZN,2003-09-09,47.1,47.38,46.3,46.68,8100800.0,0.0,1.0,47.1,47.38,46.3,46.68,8100800.0
AMZN,2003-09-10,46.26,47.23,46.06,46.22,8002900.0,0.0,1.0,46.26,47.23,46.06,46.22,8002900.0
AMZN,2003-09-11,46.2,46.35,44.77,45.19,11613100.0,0.0,1.0,46.2,46.35,44.77,45.19,11613100.0
AMZN,2003-09-12,44.85,45.781,44.73,45.68,6750100.0,0.0,1.0,44.85,45.781,44.73,45.68,6750100.0
AMZN,2003-09-15,45.36,45.77,45.23,45.51,4427000.0,0.0,1.0,45.36,45.77,45.23,45.51,4427000.0
AMZN,2003-09-16,45.4,46.25,45.05,46.24,7755200.0,0.0,1.0,45.4,46.25,45.05,46.24,7755200.0
AMZN,2003-09-17,46.21,46.86,45.545,46.16,7334100.0,0.0,1.0,46.21,46.86,45.545,46.16,7334100.0
AMZN,2003-09-18,46.16,48.24,45.94,47.89,9038500.0,0.0,1.0,46.16,48.24,45.94,47.89,9038500.0
AMZN,2003-09-19,47.87,47.97,47.35,47.58,6249500.0,0.0,1.0,47.87,47.97,47.35,47.58,6249500.0
AMZN,2003-09-22,46.56,47.53,46.2,47.468,9240000.0,0.0,1.0,46.56,47.53,46.2,47.468,9240000.0
AMZN,2003-09-23,47.41,50.92,47.35,50.44,20295900.0,0.0,1.0,47.41,50.92,47.35,50.44,20295900.0
AMZN,2003-09-24,50.35,51.3,49.6,49.61,15330200.0,0.0,1.0,50.35,51.3,49.6,49.61,15330200.0
AMZN,2003-09-25,49.66,50.95,49.28,50.05,11033300.0,0.0,1.0,49.66,50.95,49.28,50.05,11033300.0
AMZN,2003-09-26,49.9,50.46,48.3,48.56,13438500.0,0.0,1.0,49.9,50.46,48.3,48.56,13438500.0
AMZN,2003-09-29,48.88,49.97,48.4,49.86,9039300.0,0.0,1.0,48.88,49.97,48.4,49.86,9039300.0
AMZN,2003-09-30,49.65,49.76,48.35,48.43,9264600.0,0.0,1.0,49.65,49.76,48.35,48.43,9264600.0
AMZN,2003-10-01,48.37,49.28,47.51,49.12,12563800.0,0.0,1.0,48.37,49.28,47.51,49.12,12563800.0
AMZN,2003-10-02,48.94,50.2,48.68,50.09,8219900.0,0.0,1.0,48.94,50.2,48.68,50.09,8219900.0
AMZN,2003-10-03,51.13,53.22,51.03,52.89,14175600.0,0.0,1.0,51.13,53.22,51.03,52.89,14175600.0
AMZN,2003-10-06,52.89,54.24,52.59,54.15,7773100.0,0.0,1.0,52.89,54.24,52.59,54.15,7773100.0
AMZN,2003-10-07,54.0,56.25,53.95,54.91,20299900.0,0.0,1.0,54.0,56.25,53.95,54.91,20299900.0
AMZN,2003-10-08,55.44,56.28,55.12,55.7,13558000.0,0.0,1.0,55.44,56.28,55.12,55.7,13558000.0
AMZN,2003-10-09,57.41,59.1,57.4,57.86,21606900.0,0.0,1.0,57.41,59.1,57.4,57.86,21606900.0
AMZN,2003-10-10,57.7,58.33,57.439,58.06,11435400.0,0.0,1.0,57.7,58.33,57.439,58.06,11435400.0
AMZN,2003-10-13,57.94,58.69,57.44,58.3,8329000.0,0.0,1.0,57.94,58.69,57.44,58.3,8329000.0
AMZN,2003-10-14,58.1,59.98,57.8,59.91,9986600.0,0.0,1.0,58.1,59.98,57.8,59.91,9986600.0
AMZN,2003-10-15,60.39,60.41,58.43,58.54,10228900.0,0.0,1.0,60.39,60.41,58.43,58.54,10228900.0
AMZN,2003-10-16,58.16,59.91,58.09,59.91,10211100.0,0.0,1.0,58.16,59.91,58.09,59.91,10211100.0
AMZN,2003-10-17,59.3,59.9,58.65,59.69,11932900.0,0.0,1.0,59.3,59.9,58.65,59.69,11932900.0
AMZN,2003-10-20,59.56,60.24,58.92,59.59,11086100.0,0.0,1.0,59.56,60.24,58.92,59.59,11086100.0
AMZN,2003-10-21,59.73,61.15,59.01,59.35,17114900.0,0.0,1.0,59.73,61.15,59.01,59.35,17114900.0
AMZN,2003-10-22,56.05,56.15,53.73,54.03,32701900.0,0.0,1.0,56.05,56.15,53.73,54.03,32701900.0
AMZN,2003-10-23,52.98,54.52,52.91,54.32,14611700.0,0.0,1.0,52.98,54.52,52.91,54.32,14611700.0
AMZN,2003-10-24,54.55,54.94,53.0,54.509,10438200.0,0.0,1.0,54.55,54.94,53.0,54.509,10438200.0
AMZN,2003-10-27,54.9,55.25,54.5,54.82,6391900.0,0.0,1.0,54.9,55.25,54.5,54.82,6391900.0
AMZN,2003-10-28,55.19,56.9,54.549,56.73,9230900.0,0.0,1.0,55.19,56.9,54.549,56.73,9230900.0
AMZN,2003-10-29,56.65,57.15,56.0,56.69,8776500.0,0.0,1.0,56.65,57.15,56.0,56.69,8776500.0
AMZN,2003-10-30,57.4,57.52,55.57,55.84,9825400.0,0.0,1.0,57.4,57.52,55.57,55.84,9825400.0
AMZN,2003-10-31,55.9,56.13,54.38,54.43,7726700.0,0.0,1.0,55.9,56.13,54.38,54.43,7726700.0
AMZN,2003-11-03,54.8,56.8,54.31,56.74,9131100.0,0.0,1.0,54.8,56.8,54.31,56.74,9131100.0
AMZN,2003-11-04,56.7,57.49,56.06,56.86,7009500.0,0.0,1.0,56.7,57.49,56.06,56.86,7009500.0
AMZN,2003-11-05,56.13,56.99,56.08,56.74,5307400.0,0.0,1.0,56.13,56.99,56.08,56.74,5307400.0
AMZN,2003-11-06,56.81,56.87,54.75,54.99,8791800.0,0.0,1.0,56.81,56.87,54.75,54.99,8791800.0
AMZN,2003-11-07,55.61,55.7,54.0,54.31,8500400.0,0.0,1.0,55.61,55.7,54.0,54.31,8500400.0
AMZN,2003-11-10,53.95,54.0,51.736,51.98,9120500.0,0.0,1.0,53.95,54.0,51.736,51.98,9120500.0
AMZN,2003-11-11,51.84,52.75,50.76,52.23,10920100.0,0.0,1.0,51.84,52.75,50.76,52.23,10920100.0
AMZN,2003-11-12,52.57,54.29,52.11,54.13,9259300.0,0.0,1.0,52.57,54.29,52.11,54.13,9259300.0
AMZN,2003-11-13,54.04,55.13,53.57,54.8,7073000.0,0.0,1.0,54.04,55.13,53.57,54.8,7073000.0
AMZN,2003-11-14,54.43,54.78,52.21,52.45,8365300.0,0.0,1.0,54.43,54.78,52.21,52.45,8365300.0
AMZN,2003-11-17,51.93,52.19,49.58,50.36,12996900.0,0.0,1.0,51.93,52.19,49.58,50.36,12996900.0
AMZN,2003-11-18,50.73,50.978,48.45,48.5,12600200.0,0.0,1.0,50.73,50.978,48.45,48.5,12600200.0
AMZN,2003-11-19,48.71,49.85,47.67,49.53,14079000.0,0.0,1.0,48.71,49.85,47.67,49.53,14079000.0
AMZN,2003-11-20,49.1,50.46,48.34,48.85,12337600.0,0.0,1.0,49.1,50.46,48.34,48.85,12337600.0
AMZN,2003-11-21,49.002,49.2,47.76,48.58,9193400.0,0.0,1.0,49.002,49.2,47.76,48.58,9193400.0
AMZN,2003-11-24,49.28,51.45,48.65,51.33,10631500.0,0.0,1.0,49.28,51.45,48.65,51.33,10631500.0
AMZN,2003-11-25,51.35,53.3,51.25,52.47,13771300.0,0.0,1.0,51.35,53.3,51.25,52.47,13771300.0
AMZN,2003-11-26,52.83,53.54,51.869,52.96,8907700.0,0.0,1.0,52.83,53.54,51.869,52.96,8907700.0
AMZN,2003-11-28,52.84,54.06,52.83,53.97,3983000.0,0.0,1.0,52.84,54.06,52.83,53.97,3983000.0
AMZN,2003-12-01,54.4,54.75,53.049,54.65,11522800.0,0.0,1.0,54.4,54.75,53.049,54.65,11522800.0
AMZN,2003-12-02,54.5,54.75,53.85,53.93,6237900.0,0.0,1.0,54.5,54.75,53.85,53.93,6237900.0
AMZN,2003-12-03,54.1,54.25,51.36,51.51,11570800.0,0.0,1.0,54.1,54.25,51.36,51.51,11570800.0
AMZN,2003-12-04,51.45,52.43,50.75,51.8,10216200.0,0.0,1.0,51.45,52.43,50.75,51.8,10216200.0
AMZN,2003-12-05,51.2,52.7,51.2,51.56,7501500.0,0.0,1.0,51.2,52.7,51.2,51.56,7501500.0
AMZN,2003-12-08,51.55,52.2,50.12,51.08,8376400.0,0.0,1.0,51.55,52.2,50.12,51.08,8376400.0
AMZN,2003-12-09,51.17,51.65,49.3,49.34,10460500.0,0.0,1.0,51.17,51.65,49.3,49.34,10460500.0
AMZN,2003-12-10,49.45,50.17,48.31,49.2,9254600.0,0.0,1.0,49.45,50.17,48.31,49.2,9254600.0
AMZN,2003-12-11,49.26,51.15,49.19,50.8,9405500.0,0.0,1.0,49.26,51.15,49.19,50.8,9405500.0
AMZN,2003-12-12,50.99,51.31,49.92,50.99,6190600.0,0.0,1.0,50.99,51.31,49.92,50.99,6190600.0
AMZN,2003-12-15,52.05,52.25,50.05,50.41,9676800.0,0.0,1.0,52.05,52.25,50.05,50.41,9676800.0
AMZN,2003-12-16,49.6,49.8,48.63,49.5,10549800.0,0.0,1.0,49.6,49.8,48.63,49.5,10549800.0
AMZN,2003-12-17,49.47,49.61,47.0,47.58,13856800.0,0.0,1.0,49.47,49.61,47.0,47.58,13856800.0
AMZN,2003-12-18,47.61,48.89,47.45,48.75,10750700.0,0.0,1.0,47.61,48.89,47.45,48.75,10750700.0
AMZN,2003-12-19,48.8,49.41,48.26,49.24,8045900.0,0.0,1.0,48.8,49.41,48.26,49.24,8045900.0
AMZN,2003-12-22,48.98,50.1,48.7,49.89,7799700.0,0.0,1.0,48.98,50.1,48.7,49.89,7799700.0
AMZN,2003-12-23,50.02,52.62,49.77,52.48,11004000.0,0.0,1.0,50.02,52.62,49.77,52.48,11004000.0
AMZN,2003-12-24,52.3,53.88,52.15,53.32,5659800.0,0.0,1.0,52.3,53.88,52.15,53.32,5659800.0
AMZN,2003-12-26,54.14,54.94,53.14,53.47,7078400.0,0.0,1.0,54.14,54.94,53.14,53.47,7078400.0
AMZN,2003-12-29,53.79,53.84,52.13,53.47,8056900.0,0.0,1.0,53.79,53.84,52.13,53.47,8056900.0
AMZN,2003-12-30,53.18,53.5,52.6,52.83,5152400.0,0.0,1.0,53.18,53.5,52.6,52.83,5152400.0
AMZN,2003-12-31,52.82,53.48,52.4,52.62,5307200.0,0.0,1.0,52.82,53.48,52.4,52.62,5307200.0
AMZN,2004-01-02,52.76,53.13,51.43,51.9,6639900.0,0.0,1.0,52.76,53.13,51.43,51.9,6639900.0
AMZN,2004-01-05,52.0,53.6,51.37,53.27,11284100.0,0.0,1.0,52.0,53.6,51.37,53.27,11284100.0
AMZN,2004-01-06,53.11,53.5,52.74,53.03,5985500.0,0.0,1.0,53.11,53.5,52.74,53.03,5985500.0
AMZN,2004-01-07,52.18,52.66,50.94,51.9,9242700.0,0.0,1.0,52.18,52.66,50.94,51.9,9242700.0
AMZN,2004-01-08,52.09,52.095,50.03,50.24,10320300.0,0.0,1.0,52.09,52.095,50.03,50.24,10320300.0
AMZN,2004-01-09,49.77,52.15,49.1,51.59,12779200.0,0.0,1.0,49.77,52.15,49.1,51.59,12779200.0
AMZN,2004-01-12,51.65,53.03,50.8,52.95,9450900.0,0.0,1.0,51.65,53.03,50.8,52.95,9450900.0
AMZN,2004-01-13,52.67,54.99,52.41,54.91,14522300.0,0.0,1.0,52.67,54.99,52.41,54.91,14522300.0
AMZN,2004-01-14,54.62,55.99,54.15,55.8,11134100.0,0.0,1.0,54.62,55.99,54.15,55.8,11134100.0
AMZN,2004-01-15,54.73,56.78,54.62,56.18,12217300.0,0.0,1.0,54.73,56.78,54.62,56.18,12217300.0
AMZN,2004-01-16,56.23,56.37,55.27,55.72,9114200.0,0.0,1.0,56.23,56.37,55.27,55.72,9114200.0
AMZN,2004-01-20,55.57,56.84,55.41,56.61,7748400.0,0.0,1.0,55.57,56.84,55.41,56.61,7748400.0
AMZN,2004-01-21,56.15,56.94,55.64,56.2,6783600.0,0.0,1.0,56.15,56.94,55.64,56.2,6783600.0
AMZN,2004-01-22,56.81,57.82,56.24,57.18,10672200.0,0.0,1.0,56.81,57.82,56.24,57.18,10672200.0
AMZN,2004-01-23,57.1,57.61,56.62,57.11,6039000.0,0.0,1.0,57.1,57.61,56.62,57.11,6039000.0
AMZN,2004-01-26,56.81,57.2,56.3,57.03,5566000.0,0.0,1.0,56.81,57.2,56.3,57.03,5566000.0
AMZN,2004-01-27,56.75,57.74,55.66,55.74,12964100.0,0.0,1.0,56.75,57.74,55.66,55.74,12964100.0
AMZN,2004-01-28,53.74,54.45,51.62,51.96,21581300.0,0.0,1.0,53.74,54.45,51.62,51.96,21581300.0
AMZN,2004-01-29,52.03,52.06,48.6,49.22,22485100.0,0.0,1.0,52.03,52.06,48.6,49.22,22485100.0
AMZN,2004-01-30,49.3,51.37,49.3,50.4,11404500.0,0.0,1.0,49.3,51.37,49.3,50.4,11404500.0
AMZN,2004-02-02,50.56,50.65,47.95,48.27,11588900.0,0.0,1.0,50.56,50.65,47.95,48.27,11588900.0
AMZN,2004-02-03,48.19,48.28,44.52,44.94,27071400.0,0.0,1.0,48.19,48.28,44.52,44.94,27071400.0
AMZN,2004-02-04,44.8,45.91,44.3,45.39,21600700.0,0.0,1.0,44.8,45.91,44.3,45.39,21600700.0
AMZN,2004-02-05,46.03,47.09,45.904,46.04,13189500.0,0.0,1.0,46.03,47.09,45.904,46.04,13189500.0
AMZN,2004-02-06,46.2,46.73,45.51,46.35,6508100.0,0.0,1.0,46.2,46.73,45.51,46.35,6508100.0
AMZN,2004-02-09,46.75,46.8,45.7,45.86,6146100.0,0.0,1.0,46.75,46.8,45.7,45.86,6146100.0
AMZN,2004-02-10,45.85,46.25,45.51,45.59,4949000.0,0.0,1.0,45.85,46.25,45.51,45.59,4949000.0
AMZN,2004-02-11,45.85,47.363,45.54,47.14,7881700.0,0.0,1.0,45.85,47.363,45.54,47.14,7881700.0
AMZN,2004-02-12,47.0,48.1,46.71,47.06,6757200.0,0.0,1.0,47.0,48.1,46.71,47.06,6757200.0
AMZN,2004-02-13,47.29,47.7,46.24,46.38,5431700.0,0.0,1.0,47.29,47.7,46.24,46.38,5431700.0
AMZN,2004-02-17,46.14,46.45,44.8,45.53,11038200.0,0.0,1.0,46.14,46.45,44.8,45.53,11038200.0
AMZN,2004-02-18,45.36,45.37,44.64,44.87,7953500.0,0.0,1.0,45.36,45.37,44.64,44.87,7953500.0
AMZN,2004-02-19,45.15,46.16,44.65,44.65,7442500.0,0.0,1.0,45.15,46.16,44.65,44.65,7442500.0
AMZN,2004-02-20,44.8,45.38,44.73,45.17,7475300.0,0.0,1.0,44.8,45.38,44.73,45.17,7475300.0
AMZN,2004-02-23,45.19,45.253,43.35,43.969,9341900.0,0.0,1.0,45.19,45.253,43.35,43.969,9341900.0
AMZN,2004-02-24,43.9,43.94,42.23,42.32,11095300.0,0.0,1.0,43.9,43.94,42.23,42.32,11095300.0
AMZN,2004-02-25,42.5,43.29,42.5,42.94,7152800.0,0.0,1.0,42.5,43.29,42.5,42.94,7152800.0
AMZN,2004-02-26,43.0,43.85,43.0,43.65,5960300.0,0.0,1.0,43.0,43.85,43.0,43.65,5960300.0
AMZN,2004-02-27,43.43,43.6,42.52,43.01,7163600.0,0.0,1.0,43.43,43.6,42.52,43.01,7163600.0
AMZN,2004-03-01,42.88,43.48,42.58,42.97,4959500.0,0.0,1.0,42.88,43.48,42.58,42.97,4959500.0
AMZN,2004-03-02,42.73,43.49,41.86,42.01,6966600.0,0.0,1.0,42.73,43.49,41.86,42.01,6966600.0
AMZN,2004-03-03,41.72,43.38,41.65,43.17,9601600.0,0.0,1.0,41.72,43.38,41.65,43.17,9601600.0
AMZN,2004-03-04,43.16,44.47,43.1,44.39,7380100.0,0.0,1.0,43.16,44.47,43.1,44.39,7380100.0
AMZN,2004-03-05,43.72,44.83,43.53,44.09,6426500.0,0.0,1.0,43.72,44.83,43.53,44.09,6426500.0
AMZN,2004-03-08,43.99,45.06,43.13,43.5,6608500.0,0.0,1.0,43.99,45.06,43.13,43.5,6608500.0
AMZN,2004-03-09,43.28,43.89,42.27,42.71,6593100.0,0.0,1.0,43.28,43.89,42.27,42.71,6593100.0
AMZN,2004-03-10,42.72,43.2,41.46,41.55,6932700.0,0.0,1.0,42.72,43.2,41.46,41.55,6932700.0
AMZN,2004-03-11,41.09,42.37,41.04,41.28,7042600.0,0.0,1.0,41.09,42.37,41.04,41.28,7042600.0
AMZN,2004-03-12,41.35,42.61,41.3,42.44,6223800.0,0.0,1.0,41.35,42.61,41.3,42.44,6223800.0
AMZN,2004-03-15,42.26,42.8,40.92,41.08,6612200.0,0.0,1.0,42.26,42.8,40.92,41.08,6612200.0
AMZN,2004-03-16,41.46,42.36,41.26,42.13,6218200.0,0.0,1.0,41.46,42.36,41.26,42.13,6218200.0
AMZN,2004-03-17,43.0,43.45,42.59,42.8,5107300.0,0.0,1.0,43.0,43.45,42.59,42.8,5107300.0
AMZN,2004-03-18,42.53,43.2,42.21,43.01,5724300.0,0.0,1.0,42.53,43.2,42.21,43.01,5724300.0
AMZN,2004-03-19,43.08,43.75,42.63,42.8,5754900.0,0.0,1.0,43.08,43.75,42.63,42.8,5754900.0
AMZN,2004-03-22,41.75,41.85,40.51,40.85,8975100.0,0.0,1.0,41.75,41.85,40.51,40.85,8975100.0
AMZN,2004-03-23,41.21,41.74,39.85,40.23,11225700.0,0.0,1.0,41.21,41.74,39.85,40.23,11225700.0
AMZN,2004-03-24,40.35,40.38,39.15,39.63,7875900.0,0.0,1.0,40.35,40.38,39.15,39.63,7875900.0
AMZN,2004-03-25,40.0,42.2,40.0,41.99,7112700.0,0.0,1.0,40.0,42.2,40.0,41.99,7112700.0
AMZN,2004-03-26,42.01,42.49,41.29,41.7,5740400.0,0.0,1.0,42.01,42.49,41.29,41.7,5740400.0
AMZN,2004-03-29,42.07,42.8,41.97,42.76,5561000.0,0.0,1.0,42.07,42.8,41.97,42.76,5561000.0
AMZN,2004-03-30,42.71,43.93,42.56,43.8,5452900.0,0.0,1.0,42.71,43.93,42.56,43.8,5452900.0
AMZN,2004-03-31,43.85,44.0,42.95,43.28,4674900.0,0.0,1.0,43.85,44.0,42.95,43.28,4674900.0
AMZN,2004-04-01,43.44,44.84,43.3,44.74,6508500.0,0.0,1.0,43.44,44.84,43.3,44.74,6508500.0
AMZN,2004-04-02,45.87,46.25,45.25,46.09,8148100.0,0.0,1.0,45.87,46.25,45.25,46.09,8148100.0
AMZN,2004-04-05,45.67,47.09,45.59,46.96,5939100.0,0.0,1.0,45.67,47.09,45.59,46.96,5939100.0
AMZN,2004-04-06,46.31,46.97,45.75,46.44,5916300.0,0.0,1.0,46.31,46.97,45.75,46.44,5916300.0
AMZN,2004-04-07,46.2,46.8,45.39,45.85,4550600.0,0.0,1.0,46.2,46.8,45.39,45.85,4550600.0
AMZN,2004-04-08,47.83,48.15,47.0,48.1,8879700.0,0.0,1.0,47.83,48.15,47.0,48.1,8879700.0
AMZN,2004-04-12,48.05,48.37,47.57,47.96,4345900.0,0.0,1.0,48.05,48.37,47.57,47.96,4345900.0
AMZN,2004-04-13,48.0,48.34,46.36,46.58,5724400.0,0.0,1.0,48.0,48.34,46.36,46.58,5724400.0
AMZN,2004-04-14,45.98,47.66,45.98,46.79,6144100.0,0.0,1.0,45.98,47.66,45.98,46.79,6144100.0
AMZN,2004-04-15,46.94,47.6,46.0,46.99,5603500.0,0.0,1.0,46.94,47.6,46.0,46.99,5603500.0
AMZN,2004-04-16,47.07,47.1,45.3337,45.5,8393500.0,0.0,1.0,47.07,47.1,45.3337,45.5,8393500.0
AMZN,2004-04-19,45.36,47.27,45.12,47.11,5352500.0,0.0,1.0,45.36,47.27,45.12,47.11,5352500.0
AMZN,2004-04-20,47.62,47.81,45.18,45.2,9376100.0,0.0,1.0,47.62,47.81,45.18,45.2,9376100.0
AMZN,2004-04-21,45.25,46.49,44.91,45.72,6054200.0,0.0,1.0,45.25,46.49,44.91,45.72,6054200.0
AMZN,2004-04-22,45.95,49.1,45.89,48.86,15798200.0,0.0,1.0,45.95,49.1,45.89,48.86,15798200.0
AMZN,2004-04-23,45.9,46.8873,45.51,46.29,14599400.0,0.0,1.0,45.9,46.8873,45.51,46.29,14599400.0
AMZN,2004-04-26,46.2491,47.76,46.15,47.25,7314200.0,0.0,1.0,46.2491,47.76,46.15,47.25,7314200.0
AMZN,2004-04-27,47.59,48.8,46.79,48.0,8983700.0,0.0,1.0,47.59,48.8,46.79,48.0,8983700.0
AMZN,2004-04-28,47.62,48.35,46.64,46.97,6127600.0,0.0,1.0,47.62,48.35,46.64,46.97,6127600.0
AMZN,2004-04-29,46.93,47.08,45.51,46.19,9035700.0,0.0,1.0,46.93,47.08,45.51,46.19,9035700.0
AMZN,2004-04-30,46.06,46.35,43.31,43.6,9841300.0,0.0,1.0,46.06,46.35,43.31,43.6,9841300.0
AMZN,2004-05-03,43.45,45.15,43.41,44.41,6923400.0,0.0,1.0,43.45,45.15,43.41,44.41,6923400.0
AMZN,2004-05-04,44.41,44.57,43.7,43.95,7288900.0,0.0,1.0,44.41,44.57,43.7,43.95,7288900.0
AMZN,2004-05-05,43.97,45.05,43.95,44.26,4890500.0,0.0,1.0,43.97,45.05,43.95,44.26,4890500.0
AMZN,2004-05-06,43.59,44.25,42.77,43.14,7818400.0,0.0,1.0,43.59,44.25,42.77,43.14,7818400.0
AMZN,2004-05-07,42.96,44.18,41.68,41.9,9292600.0,0.0,1.0,42.96,44.18,41.68,41.9,9292600.0
AMZN,2004-05-10,41.25,42.147,40.57,41.26,10209000.0,0.0,1.0,41.25,42.147,40.57,41.26,10209000.0
AMZN,2004-05-11,41.91,43.04,41.9,42.7,7595600.0,0.0,1.0,41.91,43.04,41.9,42.7,7595600.0
AMZN,2004-05-12,42.34,43.15,41.25,43.02,7486200.0,0.0,1.0,42.34,43.15,41.25,43.02,7486200.0
AMZN,2004-05-13,42.46,44.13,42.25,43.61,8261200.0,0.0,1.0,42.46,44.13,42.25,43.61,8261200.0
AMZN,2004-05-14,43.7,43.92,42.76,43.05,5126600.0,0.0,1.0,43.7,43.92,42.76,43.05,5126600.0
AMZN,2004-05-17,42.24,42.59,41.7,42.08,6625700.0,0.0,1.0,42.24,42.59,41.7,42.08,6625700.0
AMZN,2004-05-18,42.24,42.4,41.83,41.99,5602000.0,0.0,1.0,42.24,42.4,41.83,41.99,5602000.0
AMZN,2004-05-19,42.3773,43.27,41.47,41.69,7379400.0,0.0,1.0,42.3773,43.27,41.47,41.69,7379400.0
AMZN,2004-05-20,41.65,41.97,40.8,40.98,5926300.0,0.0,1.0,41.65,41.97,40.8,40.98,5926300.0
AMZN,2004-05-21,41.28,41.48,40.55,41.17,5272900.0,0.0,1.0,41.28,41.48,40.55,41.17,5272900.0
AMZN,2004-05-24,41.29,42.3,41.17,41.63,5073900.0,0.0,1.0,41.29,42.3,41.17,41.63,5073900.0
AMZN,2004-05-25,41.75,43.86,41.39,43.62,7222000.0,0.0,1.0,41.75,43.86,41.39,43.62,7222000.0
AMZN,2004-05-26,43.86,45.0,43.67,44.69,7397600.0,0.0,1.0,43.86,45.0,43.67,44.69,7397600.0
AMZN,2004-05-27,45.26,47.83,44.85,47.62,14175200.0,0.0,1.0,45.26,47.83,44.85,47.62,14175200.0
AMZN,2004-05-28,47.27,48.68,46.88,48.5,10629100.0,0.0,1.0,47.27,48.68,46.88,48.5,10629100.0
AMZN,2004-06-01,47.88,50.45,47.7,50.23,12940300.0,0.0,1.0,47.88,50.45,47.7,50.23,12940300.0
AMZN,2004-06-02,50.45,51.21,49.77,50.35,12473500.0,0.0,1.0,50.45,51.21,49.77,50.35,12473500.0
AMZN,2004-06-03,49.93,50.35,49.32,49.4,8341400.0,0.0,1.0,49.93,50.35,49.32,49.4,8341400.0
AMZN,2004-06-04,50.13,51.51,50.0,50.95,12585600.0,0.0,1.0,50.13,51.51,50.0,50.95,12585600.0
AMZN,2004-06-07,51.69,51.99,50.65,51.76,7688000.0,0.0,1.0,51.69,51.99,50.65,51.76,7688000.0
AMZN,2004-06-08,51.4,52.12,51.1,51.94,5994700.0,0.0,1.0,51.4,52.12,51.1,51.94,5994700.0
AMZN,2004-06-09,51.6,51.83,50.01,50.24,6579400.0,0.0,1.0,51.6,51.83,50.01,50.24,6579400.0
AMZN,2004-06-10,50.36,50.47,49.26,49.94,7209000.0,0.0,1.0,50.36,50.47,49.26,49.94,7209000.0
AMZN,2004-06-14,49.36,49.99,49.04,49.25,5180900.0,0.0,1.0,49.36,49.99,49.04,49.25,5180900.0
AMZN,2004-06-15,49.74,50.6,49.49,50.11,6912500.0,0.0,1.0,49.74,50.6,49.49,50.11,6912500.0
AMZN,2004-06-16,50.11,50.75,49.91,50.57,4097600.0,0.0,1.0,50.11,50.75,49.91,50.57,4097600.0
AMZN,2004-06-17,50.49,50.91,49.41,49.77,5875500.0,0.0,1.0,50.49,50.91,49.41,49.77,5875500.0
AMZN,2004-06-18,49.5,50.28,49.4,49.6,4416700.0,0.0,1.0,49.5,50.28,49.4,49.6,4416700.0
AMZN,2004-06-21,49.46,50.3,49.25,49.77,4490300.0,0.0,1.0,49.46,50.3,49.25,49.77,4490300.0
AMZN,2004-06-22,49.7,49.79,48.24,49.0,8120500.0,0.0,1.0,49.7,49.79,48.24,49.0,8120500.0
AMZN,2004-06-23,48.78,51.0,48.35,50.81,7594700.0,0.0,1.0,48.78,51.0,48.35,50.81,7594700.0
AMZN,2004-06-24,51.0,51.94,50.69,51.02,6760100.0,0.0,1.0,51.0,51.94,50.69,51.02,6760100.0
AMZN,2004-06-25,51.02,51.93,50.87,51.8,6998100.0,0.0,1.0,51.02,51.93,50.87,51.8,6998100.0
AMZN,2004-06-28,52.5,54.04,52.2,53.39,11503900.0,0.0,1.0,52.5,54.04,52.2,53.39,11503900.0
AMZN,2004-06-29,53.25,53.94,52.65,53.71,8589400.0,0.0,1.0,53.25,53.94,52.65,53.71,8589400.0
AMZN,2004-06-30,53.7,54.7,53.42,54.4,6899100.0,0.0,1.0,53.7,54.7,53.42,54.4,6899100.0
AMZN,2004-07-01,53.73,54.04,52.05,52.56,7211900.0,0.0,1.0,53.73,54.04,52.05,52.56,7211900.0
AMZN,2004-07-02,52.6,53.24,51.83,52.59,4862400.0,0.0,1.0,52.6,53.24,51.83,52.59,4862400.0
AMZN,2004-07-06,52.55,52.6,50.49,51.24,6156900.0,0.0,1.0,52.55,52.6,50.49,51.24,6156900.0
AMZN,2004-07-07,50.79,52.03,50.24,51.0,6515600.0,0.0,1.0,50.79,52.03,50.24,51.0,6515600.0
AMZN,2004-07-08,48.52,49.97,48.47,49.5,10033900.0,0.0,1.0,48.52,49.97,48.47,49.5,10033900.0
AMZN,2004-07-09,49.82,50.001,47.82,48.32,8033500.0,0.0,1.0,49.82,50.001,47.82,48.32,8033500.0
AMZN,2004-07-12,48.15,49.35,48.03,49.05,7066900.0,0.0,1.0,48.15,49.35,48.03,49.05,7066900.0
AMZN,2004-07-13,49.15,49.98,48.87,49.6,4908800.0,0.0,1.0,49.15,49.98,48.87,49.6,4908800.0
AMZN,2004-07-14,49.06,50.4,48.89,49.5,5065600.0,0.0,1.0,49.06,50.4,48.89,49.5,5065600.0
AMZN,2004-07-15,49.57,49.67,48.12,48.67,5244100.0,0.0,1.0,49.57,49.67,48.12,48.67,5244100.0
AMZN,2004-07-16,48.99,49.06,46.78,47.1,9286900.0,0.0,1.0,48.99,49.06,46.78,47.1,9286900.0
AMZN,2004-07-19,47.22,47.26,45.15,46.02,9847100.0,0.0,1.0,47.22,47.26,45.15,46.02,9847100.0
AMZN,2004-07-20,46.14,47.85,46.12,46.99,7626300.0,0.0,1.0,46.14,47.85,46.12,46.99,7626300.0
AMZN,2004-07-21,47.32,47.6,44.52,44.76,9336500.0,0.0,1.0,47.32,47.6,44.52,44.76,9336500.0
AMZN,2004-07-22,43.7,46.07,43.64,45.82,16391000.0,0.0,1.0,43.7,46.07,43.64,45.82,16391000.0
AMZN,2004-07-23,42.47,42.76,39.56,39.98,35927200.0,0.0,1.0,42.47,42.76,39.56,39.98,35927200.0
AMZN,2004-07-26,40.1,40.24,38.33,38.78,13972400.0,0.0,1.0,40.1,40.24,38.33,38.78,13972400.0
AMZN,2004-07-27,39.18,39.91,38.8,39.11,10534900.0,0.0,1.0,39.18,39.91,38.8,39.11,10534900.0
AMZN,2004-07-28,39.21,39.57,37.38,37.97,10183600.0,0.0,1.0,39.21,39.57,37.38,37.97,10183600.0
AMZN,2004-07-29,38.29,38.96,38.02,38.58,8200000.0,0.0,1.0,38.29,38.96,38.02,38.58,8200000.0
AMZN,2004-07-30,38.5,39.42,38.23,38.92,6031500.0,0.0,1.0,38.5,39.42,38.23,38.92,6031500.0
AMZN,2004-08-02,38.32,38.76,37.81,38.3,5912200.0,0.0,1.0,38.32,38.76,37.81,38.3,5912200.0
AMZN,2004-08-03,38.28,39.08,37.23,37.61,7785600.0,0.0,1.0,38.28,39.08,37.23,37.61,7785600.0
AMZN,2004-08-04,36.86,37.46,36.4,37.12,9765600.0,0.0,1.0,36.86,37.46,36.4,37.12,9765600.0
AMZN,2004-08-05,37.398,37.48,35.38,35.61,8402400.0,0.0,1.0,37.398,37.48,35.38,35.61,8402400.0
AMZN,2004-08-06,35.25,36.67,34.85,35.49,11513100.0,0.0,1.0,35.25,36.67,34.85,35.49,11513100.0
AMZN,2004-08-09,35.34,36.3,34.85,35.32,9167200.0,0.0,1.0,35.34,36.3,34.85,35.32,9167200.0
AMZN,2004-08-10,35.68,37.2,35.55,37.1,10070400.0,0.0,1.0,35.68,37.2,35.55,37.1,10070400.0
AMZN,2004-08-11,36.4,36.9,35.6,36.56,9448100.0,0.0,1.0,36.4,36.9,35.6,36.56,9448100.0
AMZN,2004-08-12,36.21,37.35,36.17,36.29,9118100.0,0.0,1.0,36.21,37.35,36.17,36.29,9118100.0
AMZN,2004-08-13,36.56,37.0,35.87,36.13,4981100.0,0.0,1.0,36.56,37.0,35.87,36.13,4981100.0
AMZN,2004-08-16,36.14,38.4,35.98,37.95,8164300.0,0.0,1.0,36.14,38.4,35.98,37.95,8164300.0
AMZN,2004-08-17,38.49,39.44,37.9,38.23,11163000.0,0.0,1.0,38.49,39.44,37.9,38.23,11163000.0
AMZN,2004-08-18,37.92,39.54,37.42,39.36,9549800.0,0.0,1.0,37.92,39.54,37.42,39.36,9549800.0
AMZN,2004-08-19,40.26,40.48,36.35,38.63,12696100.0,0.0,1.0,40.26,40.48,36.35,38.63,12696100.0
AMZN,2004-08-20,38.45,39.91,38.11,39.51,6790800.0,0.0,1.0,38.45,39.91,38.11,39.51,6790800.0
AMZN,2004-08-23,39.84,40.0,39.11,39.45,5532600.0,0.0,1.0,39.84,40.0,39.11,39.45,5532600.0
AMZN,2004-08-24,39.71,39.93,38.32,39.05,7640400.0,0.0,1.0,39.71,39.93,38.32,39.05,7640400.0
AMZN,2004-08-25,39.01,40.49,38.16,40.3,7254800.0,0.0,1.0,39.01,40.49,38.16,40.3,7254800.0
AMZN,2004-08-26,40.18,40.83,39.7,40.19,6971700.0,0.0,1.0,40.18,40.83,39.7,40.19,6971700.0
AMZN,2004-08-27,40.31,40.39,39.6,39.9,4240400.0,0.0,1.0,40.31,40.39,39.6,39.9,4240400.0
AMZN,2004-08-30,39.85,39.95,38.25,38.31,7711500.0,0.0,1.0,39.85,39.95,38.25,38.31,7711500.0
AMZN,2004-08-31,38.49,38.85,37.86,38.14,6143200.0,0.0,1.0,38.49,38.85,37.86,38.14,6143200.0
AMZN,2004-09-01,38.23,39.01,38.02,38.24,5252500.0,0.0,1.0,38.23,39.01,38.02,38.24,5252500.0
AMZN,2004-09-02,38.03,39.64,37.91,39.18,5722300.0,0.0,1.0,38.03,39.64,37.91,39.18,5722300.0
AMZN,2004-09-03,39.01,40.01,38.64,38.74,5228900.0,0.0,1.0,39.01,40.01,38.64,38.74,5228900.0
AMZN,2004-09-07,39.03,39.36,38.11,38.51,5833000.0,0.0,1.0,39.03,39.36,38.11,38.51,5833000.0
AMZN,2004-09-08,38.42,38.81,37.71,38.01,6611300.0,0.0,1.0,38.42,38.81,37.71,38.01,6611300.0
AMZN,2004-09-09,38.23,38.31,37.36,38.07,6956700.0,0.0,1.0,38.23,38.31,37.36,38.07,6956700.0
AMZN,2004-09-10,38.2,38.8,37.9,38.57,4634500.0,0.0,1.0,38.2,38.8,37.9,38.57,4634500.0
AMZN,2004-09-13,39.131,40.04,38.82,40.01,8065200.0,0.0,1.0,39.131,40.04,38.82,40.01,8065200.0
AMZN,2004-09-14,40.21,42.75,39.9,42.67,15872100.0,0.0,1.0,40.21,42.75,39.9,42.67,15872100.0
AMZN,2004-09-15,42.0,43.18,41.87,42.21,11135800.0,0.0,1.0,42.0,43.18,41.87,42.21,11135800.0
AMZN,2004-09-16,42.45,44.28,42.35,42.57,11596600.0,0.0,1.0,42.45,44.28,42.35,42.57,11596600.0
AMZN,2004-09-17,42.85,43.26,42.39,42.96,7884200.0,0.0,1.0,42.85,43.26,42.39,42.96,7884200.0
AMZN,2004-09-20,42.76,43.99,42.61,43.27,9222400.0,0.0,1.0,42.76,43.99,42.61,43.27,9222400.0
AMZN,2004-09-21,43.57,43.77,42.77,43.293,6695500.0,0.0,1.0,43.57,43.77,42.77,43.293,6695500.0
AMZN,2004-09-22,43.15,43.24,41.17,41.38,12216800.0,0.0,1.0,43.15,43.24,41.17,41.38,12216800.0
AMZN,2004-09-23,41.33,42.2,41.11,41.83,7411000.0,0.0,1.0,41.33,42.2,41.11,41.83,7411000.0
AMZN,2004-09-24,41.81,41.91,40.85,40.94,6205700.0,0.0,1.0,41.81,41.91,40.85,40.94,6205700.0
AMZN,2004-09-27,40.71,41.01,39.75,39.93,8397400.0,0.0,1.0,40.71,41.01,39.75,39.93,8397400.0
AMZN,2004-09-28,40.27,40.33,38.97,39.43,11902900.0,0.0,1.0,40.27,40.33,38.97,39.43,11902900.0
AMZN,2004-09-29,39.45,40.92,39.36,40.84,9918800.0,0.0,1.0,39.45,40.92,39.36,40.84,9918800.0
AMZN,2004-09-30,40.55,41.28,40.21,40.86,9413300.0,0.0,1.0,40.55,41.28,40.21,40.86,9413300.0
AMZN,2004-10-01,41.25,41.3,40.39,40.47,11268900.0,0.0,1.0,41.25,41.3,40.39,40.47,11268900.0
AMZN,2004-10-04,41.3,41.68,40.74,41.01,8792600.0,0.0,1.0,41.3,41.68,40.74,41.01,8792600.0
AMZN,2004-10-05,40.84,41.25,40.57,40.96,5134000.0,0.0,1.0,40.84,41.25,40.57,40.96,5134000.0
AMZN,2004-10-06,40.73,41.41,40.4,41.36,5128100.0,0.0,1.0,40.73,41.41,40.4,41.36,5128100.0
AMZN,2004-10-07,41.43,42.7,40.85,41.15,9394400.0,0.0,1.0,41.43,42.7,40.85,41.15,9394400.0
AMZN,2004-10-08,40.94,41.19,39.63,40.0,8546200.0,0.0,1.0,40.94,41.19,39.63,40.0,8546200.0
AMZN,2004-10-11,39.82,40.75,39.41,40.15,7928300.0,0.0,1.0,39.82,40.75,39.41,40.15,7928300.0
AMZN,2004-10-12,39.55,40.58,39.47,40.22,6421000.0,0.0,1.0,39.55,40.58,39.47,40.22,6421000.0
AMZN,2004-10-13,41.43,41.55,39.75,39.98,9220200.0,0.0,1.0,41.43,41.55,39.75,39.98,9220200.0
AMZN,2004-10-14,39.47,39.55,38.73,39.1,9026200.0,0.0,1.0,39.47,39.55,38.73,39.1,9026200.0
AMZN,2004-10-15,39.3,39.67,37.88,38.55,8205600.0,0.0,1.0,39.3,39.67,37.88,38.55,8205600.0
AMZN,2004-10-18,38.28,39.47,37.89,39.27,8093200.0,0.0,1.0,38.28,39.47,37.89,39.27,8093200.0
AMZN,2004-10-19,39.74,39.85,38.17,38.33,8802600.0,0.0,1.0,39.74,39.85,38.17,38.33,8802600.0
AMZN,2004-10-20,38.11,38.59,37.79,38.35,6798500.0,0.0,1.0,38.11,38.59,37.79,38.35,6798500.0
AMZN,2004-10-21,39.48,40.19,38.5,39.47,19217100.0,0.0,1.0,39.48,40.19,38.5,39.47,19217100.0
AMZN,2004-10-22,36.22,36.8,33.0,34.6,33544300.0,0.0,1.0,36.22,36.8,33.0,34.6,33544300.0
AMZN,2004-10-25,34.02,34.41,33.72,33.97,10531800.0,0.0,1.0,34.02,34.41,33.72,33.97,10531800.0
AMZN,2004-10-26,34.15,34.26,33.51,33.83,9742500.0,0.0,1.0,34.15,34.26,33.51,33.83,9742500.0
AMZN,2004-10-27,33.63,34.63,33.62,34.23,9060700.0,0.0,1.0,33.63,34.63,33.62,34.23,9060700.0
AMZN,2004-10-28,34.34,34.77,34.14,34.45,7220600.0,0.0,1.0,34.34,34.77,34.14,34.45,7220600.0
AMZN,2004-10-29,34.36,34.45,34.0,34.13,6491600.0,0.0,1.0,34.36,34.45,34.0,34.13,6491600.0
AMZN,2004-11-01,34.23,35.1526,34.15,35.1,6181300.0,0.0,1.0,34.23,35.1526,34.15,35.1,6181300.0
AMZN,2004-11-02,35.46,36.49,35.14,36.24,11332500.0,0.0,1.0,35.46,36.49,35.14,36.24,11332500.0
AMZN,2004-11-03,37.21,37.62,35.56,35.92,10208200.0,0.0,1.0,37.21,37.62,35.56,35.92,10208200.0
AMZN,2004-11-04,35.7,37.29,35.52,36.91,7600300.0,0.0,1.0,35.7,37.29,35.52,36.91,7600300.0
AMZN,2004-11-05,37.36,37.39,36.02,36.56,7399100.0,0.0,1.0,37.36,37.39,36.02,36.56,7399100.0
AMZN,2004-11-08,36.75,37.58,36.72,37.32,6886500.0,0.0,1.0,36.75,37.58,36.72,37.32,6886500.0
AMZN,2004-11-09,36.95,37.81,36.7,37.4,6479900.0,0.0,1.0,36.95,37.81,36.7,37.4,6479900.0
AMZN,2004-11-10,38.02,38.84,37.83,38.09,10655200.0,0.0,1.0,38.02,38.84,37.83,38.09,10655200.0
AMZN,2004-11-11,38.09,39.0,37.64,38.83,6835000.0,0.0,1.0,38.09,39.0,37.64,38.83,6835000.0
AMZN,2004-11-12,39.1,40.94,39.0,40.46,11596000.0,0.0,1.0,39.1,40.94,39.0,40.46,11596000.0
AMZN,2004-11-15,40.34,41.5,40.18,40.89,10366200.0,0.0,1.0,40.34,41.5,40.18,40.89,10366200.0
AMZN,2004-11-16,40.35,40.66,39.75,40.07,6401300.0,0.0,1.0,40.35,40.66,39.75,40.07,6401300.0
AMZN,2004-11-17,40.4,40.59,39.54,39.9,6843600.0,0.0,1.0,40.4,40.59,39.54,39.9,6843600.0
AMZN,2004-11-18,39.73,40.96,39.59,40.37,6806800.0,0.0,1.0,39.73,40.96,39.59,40.37,6806800.0
AMZN,2004-11-19,39.15,39.44,38.19,38.55,11427500.0,0.0,1.0,39.15,39.44,38.19,38.55,11427500.0
AMZN,2004-11-22,38.37,38.53,37.58,38.05,8868600.0,0.0,1.0,38.37,38.53,37.58,38.05,8868600.0
AMZN,2004-11-23,38.18,39.68,38.03,38.31,7405600.0,0.0,1.0,38.18,39.68,38.03,38.31,7405600.0
AMZN,2004-11-24,38.87,39.16,38.1,38.75,5940900.0,0.0,1.0,38.87,39.16,38.1,38.75,5940900.0
AMZN,2004-11-26,38.95,39.34,38.89,39.09,2337700.0,0.0,1.0,38.95,39.34,38.89,39.09,2337700.0
AMZN,2004-11-29,39.575,39.62,37.71,38.94,9874100.0,0.0,1.0,39.575,39.62,37.71,38.94,9874100.0
AMZN,2004-11-30,38.99,39.8,38.95,39.68,7028600.0,0.0,1.0,38.99,39.8,38.95,39.68,7028600.0
AMZN,2004-12-01,40.0,40.0,39.25,39.98,7756000.0,0.0,1.0,40.0,40.0,39.25,39.98,7756000.0
AMZN,2004-12-02,39.64,40.74,39.28,40.17,6600900.0,0.0,1.0,39.64,40.74,39.28,40.17,6600900.0
AMZN,2004-12-03,40.36,40.46,39.54,40.09,8247700.0,0.0,1.0,40.36,40.46,39.54,40.09,8247700.0
AMZN,2004-12-06,39.85,39.98,39.15,39.49,6088000.0,0.0,1.0,39.85,39.98,39.15,39.49,6088000.0
AMZN,2004-12-07,39.42,39.75,38.05,38.2,7093400.0,0.0,1.0,39.42,39.75,38.05,38.2,7093400.0
AMZN,2004-12-08,38.32,39.1,37.99,38.72,6421700.0,0.0,1.0,38.32,39.1,37.99,38.72,6421700.0
AMZN,2004-12-09,38.4,39.95,38.17,39.82,7446700.0,0.0,1.0,38.4,39.95,38.17,39.82,7446700.0
AMZN,2004-12-10,39.69,40.1,39.0,39.05,5510700.0,0.0,1.0,39.69,40.1,39.0,39.05,5510700.0
AMZN,2004-12-13,39.31,40.28,38.82,39.83,6052100.0,0.0,1.0,39.31,40.28,38.82,39.83,6052100.0
AMZN,2004-12-14,40.15,40.47,39.94,40.44,5251500.0,0.0,1.0,40.15,40.47,39.94,40.44,5251500.0
AMZN,2004-12-15,40.33,41.0,40.21,41.0,6674200.0,0.0,1.0,40.33,41.0,40.21,41.0,6674200.0
AMZN,2004-12-16,40.88,41.0,39.71,40.05,5414900.0,0.0,1.0,40.88,41.0,39.71,40.05,5414900.0
AMZN,2004-12-17,40.16,40.22,39.87,40.01,5486000.0,0.0,1.0,40.16,40.22,39.87,40.01,5486000.0
AMZN,2004-12-20,39.87,40.49,38.81,38.95,7215700.0,0.0,1.0,39.87,40.49,38.81,38.95,7215700.0
AMZN,2004-12-21,38.84,39.42,38.64,39.39,5229400.0,0.0,1.0,38.84,39.42,38.64,39.39,5229400.0
AMZN,2004-12-22,38.61,39.59,38.55,39.52,5276300.0,0.0,1.0,38.61,39.59,38.55,39.52,5276300.0
AMZN,2004-12-23,39.35,39.52,38.92,38.93,3206800.0,0.0,1.0,39.35,39.52,38.92,38.93,3206800.0
AMZN,2004-12-27,39.52,42.93,39.47,42.25,22289200.0,0.0,1.0,39.52,42.93,39.47,42.25,22289200.0
AMZN,2004-12-28,43.94,45.12,43.5,44.63,25237800.0,0.0,1.0,43.94,45.12,43.5,44.63,25237800.0
AMZN,2004-12-29,44.75,45.68,44.44,44.82,11759200.0,0.0,1.0,44.75,45.68,44.44,44.82,11759200.0
AMZN,2004-12-30,45.01,45.53,44.55,44.97,6965900.0,0.0,1.0,45.01,45.53,44.55,44.97,6965900.0
AMZN,2004-12-31,45.16,45.49,44.16,44.29,4790700.0,0.0,1.0,45.16,45.49,44.16,44.29,4790700.0
AMZN,2005-01-03,44.95,45.44,44.21,44.52,10446500.0,0.0,1.0,44.95,45.44,44.21,44.52,10446500.0
AMZN,2005-01-04,42.62,43.26,41.5,42.14,19418500.0,0.0,1.0,42.62,43.26,41.5,42.14,19418500.0
AMZN,2005-01-05,41.57,42.76,41.56,41.77,8354200.0,0.0,1.0,41.57,42.76,41.56,41.77,8354200.0
AMZN,2005-01-06,41.81,42.25,40.9,41.05,8700900.0,0.0,1.0,41.81,42.25,40.9,41.05,8700900.0
AMZN,2005-01-07,41.33,42.69,41.16,42.32,9836600.0,0.0,1.0,41.33,42.69,41.16,42.32,9836600.0
AMZN,2005-01-10,42.05,42.96,41.71,41.84,7347900.0,0.0,1.0,42.05,42.96,41.71,41.84,7347900.0
AMZN,2005-01-11,41.4,42.16,41.01,41.64,7920300.0,0.0,1.0,41.4,42.16,41.01,41.64,7920300.0
AMZN,2005-01-12,41.49,42.48,40.82,42.3,8072300.0,0.0,1.0,41.49,42.48,40.82,42.3,8072300.0
AMZN,2005-01-13,42.45,44.58,42.34,42.6,17393600.0,0.0,1.0,42.45,44.58,42.34,42.6,17393600.0
AMZN,2005-01-14,42.9,44.66,42.36,44.55,12533000.0,0.0,1.0,42.9,44.66,42.36,44.55,12533000.0
AMZN,2005-01-18,44.24,45.0,44.15,44.58,7131600.0,0.0,1.0,44.24,45.0,44.15,44.58,7131600.0
AMZN,2005-01-19,44.44,44.74,43.43,43.96,7396700.0,0.0,1.0,44.44,44.74,43.43,43.96,7396700.0
AMZN,2005-01-20,41.69,42.68,41.64,42.36,12830600.0,0.0,1.0,41.69,42.68,41.64,42.36,12830600.0
AMZN,2005-01-21,41.96,42.55,41.02,41.16,10602700.0,0.0,1.0,41.96,42.55,41.02,41.16,10602700.0
AMZN,2005-01-24,41.32,41.95,40.31,40.38,9695900.0,0.0,1.0,41.32,41.95,40.31,40.38,9695900.0
AMZN,2005-01-25,40.6,41.44,40.45,40.94,9027900.0,0.0,1.0,40.6,41.44,40.45,40.94,9027900.0
AMZN,2005-01-26,41.18,41.8,40.26,41.34,7714900.0,0.0,1.0,41.18,41.8,40.26,41.34,7714900.0
AMZN,2005-01-27,41.27,42.4,41.14,42.31,8038400.0,0.0,1.0,41.27,42.4,41.14,42.31,8038400.0
AMZN,2005-01-28,42.09,43.0,41.53,42.22,6152400.0,0.0,1.0,42.09,43.0,41.53,42.22,6152400.0
AMZN,2005-01-31,42.52,43.42,42.43,43.22,6320300.0,0.0,1.0,42.52,43.42,42.43,43.22,6320300.0
AMZN,2005-02-01,43.0,43.27,42.38,42.48,6761500.0,0.0,1.0,43.0,43.27,42.38,42.48,6761500.0
AMZN,2005-02-02,43.05,43.59,40.86,41.88,26323600.0,0.0,1.0,43.05,43.59,40.86,41.88,26323600.0
AMZN,2005-02-03,34.9,35.89,34.53,35.75,60518600.0,0.0,1.0,34.9,35.89,34.53,35.75,60518600.0
AMZN,2005-02-04,35.65,35.98,35.19,35.72,17304700.0,0.0,1.0,35.65,35.98,35.19,35.72,17304700.0
AMZN,2005-02-07,35.81,35.84,35.55,35.69,7112400.0,0.0,1.0,35.81,35.84,35.55,35.69,7112400.0
AMZN,2005-02-08,35.54,36.52,35.53,36.3,9602500.0,0.0,1.0,35.54,36.52,35.53,36.3,9602500.0
AMZN,2005-02-09,36.45,36.8,35.87,35.89,7938800.0,0.0,1.0,36.45,36.8,35.87,35.89,7938800.0
AMZN,2005-02-10,36.07,36.11,35.53,35.78,7982400.0,0.0,1.0,36.07,36.11,35.53,35.78,7982400.0
AMZN,2005-02-11,35.57,35.95,35.0,35.78,7841700.0,0.0,1.0,35.57,35.95,35.0,35.78,7841700.0
AMZN,2005-02-14,36.1582,36.63,35.5,36.03,6983100.0,0.0,1.0,36.1582,36.63,35.5,36.03,6983100.0
AMZN,2005-02-15,36.21,36.45,35.75,36.14,5177700.0,0.0,1.0,36.21,36.45,35.75,36.14,5177700.0
AMZN,2005-02-16,35.93,36.35,35.58,35.66,5229800.0,0.0,1.0,35.93,36.35,35.58,35.66,5229800.0
AMZN,2005-02-17,35.74,35.85,35.25,35.69,5298100.0,0.0,1.0,35.74,35.85,35.25,35.69,5298100.0
AMZN,2005-02-18,35.57,35.75,35.1,35.31,4529700.0,0.0,1.0,35.57,35.75,35.1,35.31,4529700.0
AMZN,2005-02-22,35.02,35.39,34.51,34.72,6855700.0,0.0,1.0,35.02,35.39,34.51,34.72,6855700.0
AMZN,2005-02-23,34.95,34.97,33.2,34.14,10500400.0,0.0,1.0,34.95,34.97,33.2,34.14,10500400.0
AMZN,2005-02-24,33.73,34.85,33.66,34.69,8389200.0,0.0,1.0,33.73,34.85,33.66,34.69,8389200.0
AMZN,2005-02-25,34.72,35.23,34.48,34.99,5882300.0,0.0,1.0,34.72,35.23,34.48,34.99,5882300.0
AMZN,2005-02-28,34.68,35.66,34.665,35.18,8422900.0,0.0,1.0,34.68,35.66,34.665,35.18,8422900.0
AMZN,2005-03-01,35.06,35.41,34.82,35.39,5819000.0,0.0,1.0,35.06,35.41,34.82,35.39,5819000.0
AMZN,2005-03-02,35.39,35.93,35.07,35.5,4871700.0,0.0,1.0,35.39,35.93,35.07,35.5,4871700.0
AMZN,2005-03-03,35.56,35.96,35.4,35.65,5025600.0,0.0,1.0,35.56,35.96,35.4,35.65,5025600.0
AMZN,2005-03-04,35.84,36.31,35.7,35.85,5545700.0,0.0,1.0,35.84,36.31,35.7,35.85,5545700.0
AMZN,2005-03-07,35.94,36.4,35.81,36.32,3585900.0,0.0,1.0,35.94,36.4,35.81,36.32,3585900.0
AMZN,2005-03-08,36.31,36.4299,35.75,35.83,4792900.0,0.0,1.0,36.31,36.4299,35.75,35.83,4792900.0
AMZN,2005-03-09,35.8,36.5,34.9,35.399,7412300.0,0.0,1.0,35.8,36.5,34.9,35.399,7412300.0
AMZN,2005-03-10,35.31,35.71,34.57,34.91,5872300.0,0.0,1.0,35.31,35.71,34.57,34.91,5872300.0
AMZN,2005-03-11,34.81,34.87,34.05,34.75,8010300.0,0.0,1.0,34.81,34.87,34.05,34.75,8010300.0
AMZN,2005-03-14,34.67,34.75,34.0,34.6,5433500.0,0.0,1.0,34.67,34.75,34.0,34.6,5433500.0
AMZN,2005-03-15,34.58,34.85,33.9,34.18,5070600.0,0.0,1.0,34.58,34.85,33.9,34.18,5070600.0
AMZN,2005-03-16,33.88,34.44,33.6,33.87,5370000.0,0.0,1.0,33.88,34.44,33.6,33.87,5370000.0
AMZN,2005-03-17,33.58,34.44,33.58,33.97,4858000.0,0.0,1.0,33.58,34.44,33.58,33.97,4858000.0
AMZN,2005-03-18,34.15,34.28,33.65,34.16,5294700.0,0.0,1.0,34.15,34.28,33.65,34.16,5294700.0
AMZN,2005-03-21,34.21,34.63,33.54,33.67,6084400.0,0.0,1.0,34.21,34.63,33.54,33.67,6084400.0
AMZN,2005-03-22,33.7,33.94,33.07,33.15,5490700.0,0.0,1.0,33.7,33.94,33.07,33.15,5490700.0
AMZN,2005-03-23,33.09,33.84,32.82,33.18,6323700.0,0.0,1.0,33.09,33.84,32.82,33.18,6323700.0
AMZN,2005-03-24,33.4,33.88,32.87,32.88,5337300.0,0.0,1.0,33.4,33.88,32.87,32.88,5337300.0
AMZN,2005-03-28,33.1,33.65,33.02,33.39,4326600.0,0.0,1.0,33.1,33.65,33.02,33.39,4326600.0
AMZN,2005-03-29,33.28,34.15,33.23,33.43,6137300.0,0.0,1.0,33.28,34.15,33.23,33.43,6137300.0
AMZN,2005-03-30,33.59,34.52,33.51,34.32,5349800.0,0.0,1.0,33.59,34.52,33.51,34.32,5349800.0
AMZN,2005-03-31,34.49,34.55,34.0,34.27,3554300.0,0.0,1.0,34.49,34.55,34.0,34.27,3554300.0
AMZN,2005-04-01,34.63,34.71,33.78,34.01,5018400.0,0.0,1.0,34.63,34.71,33.78,34.01,5018400.0
AMZN,2005-04-04,34.0,35.18,33.81,35.0,7342200.0,0.0,1.0,34.0,35.18,33.81,35.0,7342200.0
AMZN,2005-04-05,35.23,35.34,34.99,35.28,4933000.0,0.0,1.0,35.23,35.34,34.99,35.28,4933000.0
AMZN,2005-04-06,35.1,35.2,34.62,34.82,5276100.0,0.0,1.0,35.1,35.2,34.62,34.82,5276100.0
AMZN,2005-04-07,34.68,34.92,34.5,34.9,3807300.0,0.0,1.0,34.68,34.92,34.5,34.9,3807300.0
AMZN,2005-04-08,34.75,34.93,34.57,34.6,3013000.0,0.0,1.0,34.75,34.93,34.57,34.6,3013000.0
AMZN,2005-04-11,34.6,35.0,34.36,34.6,3253100.0,0.0,1.0,34.6,35.0,34.36,34.6,3253100.0
AMZN,2005-04-12,34.4,34.64,33.66,34.63,6197200.0,0.0,1.0,34.4,34.64,33.66,34.63,6197200.0
AMZN,2005-04-13,34.35,34.71,34.15,34.3,4125100.0,0.0,1.0,34.35,34.71,34.15,34.3,4125100.0
AMZN,2005-04-14,34.26,34.5,33.88,33.97,4178400.0,0.0,1.0,34.26,34.5,33.88,33.97,4178400.0
AMZN,2005-04-15,33.96,34.0,33.02,33.02,5985000.0,0.0,1.0,33.96,34.0,33.02,33.02,5985000.0
AMZN,2005-04-18,32.9,33.58,32.84,33.0,6917000.0,0.0,1.0,32.9,33.58,32.84,33.0,6917000.0
AMZN,2005-04-19,33.18,33.37,32.01,32.78,6619400.0,0.0,1.0,33.18,33.37,32.01,32.78,6619400.0
AMZN,2005-04-20,33.1,33.76,32.9,33.25,9215500.0,0.0,1.0,33.1,33.76,32.9,33.25,9215500.0
AMZN,2005-04-21,33.5,33.89,32.89,33.67,7694700.0,0.0,1.0,33.5,33.89,32.89,33.67,7694700.0
AMZN,2005-04-22,33.49,33.63,32.91,33.04,6392000.0,0.0,1.0,33.49,33.63,32.91,33.04,6392000.0
AMZN,2005-04-25,33.13,33.59,33.05,33.53,4245400.0,0.0,1.0,33.13,33.59,33.05,33.53,4245400.0
AMZN,2005-04-26,33.32,33.98,32.58,32.71,13969300.0,0.0,1.0,33.32,33.98,32.58,32.71,13969300.0
AMZN,2005-04-27,30.84,31.74,30.6,31.72,29312900.0,0.0,1.0,30.84,31.74,30.6,31.72,29312900.0
AMZN,2005-04-28,31.66,32.92,31.63,32.52,14472800.0,0.0,1.0,31.66,32.92,31.63,32.52,14472800.0
AMZN,2005-04-29,32.86,32.89,31.52,32.36,10523500.0,0.0,1.0,32.86,32.89,31.52,32.36,10523500.0
AMZN,2005-05-02,32.3,33.28,32.1,33.1,9098000.0,0.0,1.0,32.3,33.28,32.1,33.1,9098000.0
AMZN,2005-05-03,32.94,33.56,32.89,33.21,6777900.0,0.0,1.0,32.94,33.56,32.89,33.21,6777900.0
AMZN,2005-05-04,33.35,34.12,33.27,33.96,7756600.0,0.0,1.0,33.35,34.12,33.27,33.96,7756600.0
AMZN,2005-05-05,33.96,34.18,33.59,33.96,4616900.0,0.0,1.0,33.96,34.18,33.59,33.96,4616900.0
AMZN,2005-05-06,34.24,34.69,34.14,34.52,6713500.0,0.0,1.0,34.24,34.69,34.14,34.52,6713500.0
AMZN,2005-05-09,34.4,34.8,34.25,34.64,4431600.0,0.0,1.0,34.4,34.8,34.25,34.64,4431600.0
AMZN,2005-05-10,34.4,34.47,34.02,34.23,5475000.0,0.0,1.0,34.4,34.47,34.02,34.23,5475000.0
AMZN,2005-05-11,34.3,34.51,33.65,33.82,6048000.0,0.0,1.0,34.3,34.51,33.65,33.82,6048000.0
AMZN,2005-05-12,33.7,34.12,33.55,33.85,6005000.0,0.0,1.0,33.7,34.12,33.55,33.85,6005000.0
AMZN,2005-05-13,33.99,34.35,33.8,33.9,3991800.0,0.0,1.0,33.99,34.35,33.8,33.9,3991800.0
AMZN,2005-05-16,34.03,34.77,33.92,34.54,4280700.0,0.0,1.0,34.03,34.77,33.92,34.54,4280700.0
AMZN,2005-05-17,34.45,34.82,34.09,34.73,3315700.0,0.0,1.0,34.45,34.82,34.09,34.73,3315700.0
AMZN,2005-05-18,34.81,35.97,34.73,35.33,9557500.0,0.0,1.0,34.81,35.97,34.73,35.33,9557500.0
AMZN,2005-05-19,35.37,35.91,35.33,35.59,5343500.0,0.0,1.0,35.37,35.91,35.33,35.59,5343500.0
AMZN,2005-05-20,35.45,35.6,34.96,35.5,5042800.0,0.0,1.0,35.45,35.6,34.96,35.5,5042800.0
AMZN,2005-05-23,35.57,36.02,35.39,35.68,5701400.0,0.0,1.0,35.57,36.02,35.39,35.68,5701400.0
AMZN,2005-05-24,35.48,35.57,35.13,35.54,5914600.0,0.0,1.0,35.48,35.57,35.13,35.54,5914600.0
AMZN,2005-05-25,35.27,35.45,35.19,35.25,3872900.0,0.0,1.0,35.27,35.45,35.19,35.25,3872900.0
AMZN,2005-05-26,35.28,35.68,35.17,35.45,4787100.0,0.0,1.0,35.28,35.68,35.17,35.45,4787100.0
AMZN,2005-05-27,35.22,35.55,35.15,35.5,3287100.0,0.0,1.0,35.22,35.55,35.15,35.5,3287100.0
AMZN,2005-05-31,35.36,36.04,35.29,35.51,4930200.0,0.0,1.0,35.36,36.04,35.29,35.51,4930200.0
AMZN,2005-06-01,35.57,36.99,35.44,36.5,10320200.0,0.0,1.0,35.57,36.99,35.44,36.5,10320200.0
AMZN,2005-06-02,36.33,36.911,36.21,36.41,4768300.0,0.0,1.0,36.33,36.911,36.21,36.41,4768300.0
AMZN,2005-06-03,36.46,36.5,35.32,35.59,4835900.0,0.0,1.0,36.46,36.5,35.32,35.59,4835900.0
AMZN,2005-06-06,35.54,36.02,35.48,35.77,3881500.0,0.0,1.0,35.54,36.02,35.48,35.77,3881500.0
AMZN,2005-06-07,35.91,36.2,35.29,35.35,4884800.0,0.0,1.0,35.91,36.2,35.29,35.35,4884800.0
AMZN,2005-06-08,35.4,35.48,34.8,34.83,5314100.0,0.0,1.0,35.4,35.48,34.8,34.83,5314100.0
AMZN,2005-06-09,34.93,35.28,34.4,35.2,3872500.0,0.0,1.0,34.93,35.28,34.4,35.2,3872500.0
AMZN,2005-06-10,35.25,35.29,34.47,34.95,3467500.0,0.0,1.0,35.25,35.29,34.47,34.95,3467500.0
AMZN,2005-06-13,34.67,35.41,34.65,34.87,3912000.0,0.0,1.0,34.67,35.41,34.65,34.87,3912000.0
AMZN,2005-06-14,34.82,35.17,34.79,35.04,3634400.0,0.0,1.0,34.82,35.17,34.79,35.04,3634400.0
AMZN,2005-06-15,35.34,35.41,34.52,35.24,5151800.0,0.0,1.0,35.34,35.41,34.52,35.24,5151800.0
AMZN,2005-06-16,35.2,35.81,35.16,35.58,4205500.0,0.0,1.0,35.2,35.81,35.16,35.58,4205500.0
AMZN,2005-06-17,35.89,36.07,35.16,35.31,4826100.0,0.0,1.0,35.89,36.07,35.16,35.31,4826100.0
AMZN,2005-06-20,35.05,35.97,35.04,35.69,5097300.0,0.0,1.0,35.05,35.97,35.04,35.69,5097300.0
AMZN,2005-06-21,35.6,35.81,35.28,35.38,4457100.0,0.0,1.0,35.6,35.81,35.28,35.38,4457100.0
AMZN,2005-06-22,35.5,35.85,35.14,35.22,2507300.0,0.0,1.0,35.5,35.85,35.14,35.22,2507300.0
AMZN,2005-06-23,35.14,35.56,35.1,35.43,5302200.0,0.0,1.0,35.14,35.56,35.1,35.43,5302200.0
AMZN,2005-06-24,35.3,35.44,34.8801,35.02,3675500.0,0.0,1.0,35.3,35.44,34.8801,35.02,3675500.0
AMZN,2005-06-27,34.91,35.05,34.17,34.5,4556300.0,0.0,1.0,34.91,35.05,34.17,34.5,4556300.0
AMZN,2005-06-28,34.6,34.63,33.59,33.71,7034300.0,0.0,1.0,34.6,34.63,33.59,33.71,7034300.0
AMZN,2005-06-29,33.7,34.07,33.27,33.35,4813300.0,0.0,1.0,33.7,34.07,33.27,33.35,4813300.0
AMZN,2005-06-30,33.47,33.56,32.93,33.09,5715700.0,0.0,1.0,33.47,33.56,32.93,33.09,5715700.0
AMZN,2005-07-01,33.24,33.27,32.79,32.91,2932700.0,0.0,1.0,33.24,33.27,32.79,32.91,2932700.0
AMZN,2005-07-05,33.5,34.48,33.45,34.08,7383800.0,0.0,1.0,33.5,34.48,33.45,34.08,7383800.0
AMZN,2005-07-06,34.01,34.4,33.86,34.06,4397200.0,0.0,1.0,34.01,34.4,33.86,34.06,4397200.0
AMZN,2005-07-07,33.8,34.51,33.8,33.96,4242900.0,0.0,1.0,33.8,34.51,33.8,33.96,4242900.0
AMZN,2005-07-08,34.11,34.75,33.85,34.74,4257000.0,0.0,1.0,34.11,34.75,33.85,34.74,4257000.0
AMZN,2005-07-11,34.72,35.68,34.6,35.59,5166000.0,0.0,1.0,34.72,35.68,34.6,35.59,5166000.0
AMZN,2005-07-12,35.49,36.54,35.46,36.31,5877200.0,0.0,1.0,35.49,36.54,35.46,36.31,5877200.0
AMZN,2005-07-13,36.27,36.55,36.19,36.51,3201800.0,0.0,1.0,36.27,36.55,36.19,36.51,3201800.0
AMZN,2005-07-14,37.19,37.42,36.88,37.19,5863300.0,0.0,1.0,37.19,37.42,36.88,37.19,5863300.0
AMZN,2005-07-15,37.35,37.5,36.75,37.15,5209000.0,0.0,1.0,37.35,37.5,36.75,37.15,5209000.0
AMZN,2005-07-18,36.95,37.19,36.76,37.19,2973300.0,0.0,1.0,36.95,37.19,36.76,37.19,2973300.0
AMZN,2005-07-19,37.38,38.17,36.69,38.17,5840600.0,0.0,1.0,37.38,38.17,36.69,38.17,5840600.0
AMZN,2005-07-20,37.49,38.25,37.3,38.17,6368400.0,0.0,1.0,37.49,38.25,37.3,38.17,6368400.0
AMZN,2005-07-21,38.96,39.75,37.76,37.95,11055600.0,0.0,1.0,38.96,39.75,37.76,37.95,11055600.0
AMZN,2005-07-22,37.89,38.23,37.24,37.95,5871100.0,0.0,1.0,37.89,38.23,37.24,37.95,5871100.0
AMZN,2005-07-25,38.0,39.04,37.85,37.95,5470000.0,0.0,1.0,38.0,39.04,37.85,37.95,5470000.0
AMZN,2005-07-26,38.22,38.75,37.72,37.74,14782300.0,0.0,1.0,38.22,38.75,37.72,37.74,14782300.0
AMZN,2005-07-27,42.01,43.74,41.84,43.65,46075600.0,0.0,1.0,42.01,43.74,41.84,43.65,46075600.0
AMZN,2005-07-28,43.54,45.81,43.37,45.68,25141500.0,0.0,1.0,43.54,45.81,43.37,45.68,25141500.0
AMZN,2005-07-29,45.31,45.75,44.61,45.15,10491800.0,0.0,1.0,45.31,45.75,44.61,45.15,10491800.0
AMZN,2005-08-01,44.88,45.19,44.35,44.93,7127200.0,0.0,1.0,44.88,45.19,44.35,44.93,7127200.0
AMZN,2005-08-02,44.9,46.97,44.88,46.51,10836400.0,0.0,1.0,44.9,46.97,44.88,46.51,10836400.0
AMZN,2005-08-03,46.01,46.18,45.84,46.11,4832500.0,0.0,1.0,46.01,46.18,45.84,46.11,4832500.0
AMZN,2005-08-04,45.55,45.77,45.42,45.46,4977200.0,0.0,1.0,45.55,45.77,45.42,45.46,4977200.0
AMZN,2005-08-05,45.25,45.71,45.17,45.27,4951500.0,0.0,1.0,45.25,45.71,45.17,45.27,4951500.0
AMZN,2005-08-08,45.32,45.9,45.26,45.66,4454900.0,0.0,1.0,45.32,45.9,45.26,45.66,4454900.0
AMZN,2005-08-09,45.76,46.439,45.75,45.93,4591200.0,0.0,1.0,45.76,46.439,45.75,45.93,4591200.0
AMZN,2005-08-10,45.39,45.57,44.59,44.76,9921200.0,0.0,1.0,45.39,45.57,44.59,44.76,9921200.0
AMZN,2005-08-11,44.62,45.211,44.5,45.21,5842200.0,0.0,1.0,44.62,45.211,44.5,45.21,5842200.0
AMZN,2005-08-12,44.63,45.72,44.05,44.2,6474100.0,0.0,1.0,44.63,45.72,44.05,44.2,6474100.0
AMZN,2005-08-15,43.93,45.35,43.88,45.04,5525100.0,0.0,1.0,43.93,45.35,43.88,45.04,5525100.0
AMZN,2005-08-16,44.9,44.94,44.2,44.27,3625100.0,0.0,1.0,44.9,44.94,44.2,44.27,3625100.0
AMZN,2005-08-17,44.19,44.43,44.12,44.12,3050400.0,0.0,1.0,44.19,44.43,44.12,44.12,3050400.0
AMZN,2005-08-18,43.88,43.9,43.51,43.73,3604300.0,0.0,1.0,43.88,43.9,43.51,43.73,3604300.0
AMZN,2005-08-19,43.6,43.77,43.3301,43.72,3323900.0,0.0,1.0,43.6,43.77,43.3301,43.72,3323900.0
AMZN,2005-08-22,43.61,44.27,42.94,43.77,5374100.0,0.0,1.0,43.61,44.27,42.94,43.77,5374100.0
AMZN,2005-08-23,43.74,43.97,43.22,43.42,3517700.0,0.0,1.0,43.74,43.97,43.22,43.42,3517700.0
AMZN,2005-08-24,43.32,43.32,42.27,42.37,5871900.0,0.0,1.0,43.32,43.32,42.27,42.37,5871900.0
AMZN,2005-08-25,42.54,42.8,42.08,42.31,3092200.0,0.0,1.0,42.54,42.8,42.08,42.31,3092200.0
AMZN,2005-08-26,42.3,42.63,42.26,42.37,2860700.0,0.0,1.0,42.3,42.63,42.26,42.37,2860700.0
AMZN,2005-08-29,41.91,43.0,41.91,42.79,3653900.0,0.0,1.0,41.91,43.0,41.91,42.79,3653900.0
AMZN,2005-08-30,42.39,42.71,41.96,42.49,3874200.0,0.0,1.0,42.39,42.71,41.96,42.49,3874200.0
AMZN,2005-08-31,42.44,42.81,42.04,42.7,3369200.0,0.0,1.0,42.44,42.81,42.04,42.7,3369200.0
AMZN,2005-09-01,42.52,42.97,41.75,41.84,4429000.0,0.0,1.0,42.52,42.97,41.75,41.84,4429000.0
AMZN,2005-09-02,42.0,42.05,41.04,41.51,4027100.0,0.0,1.0,42.0,42.05,41.04,41.51,4027100.0
AMZN,2005-09-06,41.55,43.65,41.51,43.62,7939800.0,0.0,1.0,41.55,43.65,41.51,43.62,7939800.0
AMZN,2005-09-07,43.5,44.3,43.45,43.73,6141500.0,0.0,1.0,43.5,44.3,43.45,43.73,6141500.0
AMZN,2005-09-08,43.45,43.49,42.83,42.96,3884200.0,0.0,1.0,43.45,43.49,42.83,42.96,3884200.0
AMZN,2005-09-09,42.99,43.2,42.81,42.95,3288700.0,0.0,1.0,42.99,43.2,42.81,42.95,3288700.0
AMZN,2005-09-12,42.72,44.96,42.69,44.5,8779400.0,0.0,1.0,42.72,44.96,42.69,44.5,8779400.0
AMZN,2005-09-13,44.17,44.38,43.44,43.93,4505200.0,0.0,1.0,44.17,44.38,43.44,43.93,4505200.0
AMZN,2005-09-14,43.88,44.73,42.82,43.1,6318000.0,0.0,1.0,43.88,44.73,42.82,43.1,6318000.0
AMZN,2005-09-15,43.2,43.59,42.65,42.71,4587900.0,0.0,1.0,43.2,43.59,42.65,42.71,4587900.0
AMZN,2005-09-16,42.8,42.92,42.12,42.8,4111700.0,0.0,1.0,42.8,42.92,42.12,42.8,4111700.0
AMZN,2005-09-19,42.63,43.43,42.17,42.75,3440300.0,0.0,1.0,42.63,43.43,42.17,42.75,3440300.0
AMZN,2005-09-20,42.65,43.01,41.77,41.87,3472000.0,0.0,1.0,42.65,43.01,41.77,41.87,3472000.0
AMZN,2005-09-21,41.85,42.64,41.25,41.25,5313800.0,0.0,1.0,41.85,42.64,41.25,41.25,5313800.0
AMZN,2005-09-22,41.2,42.27,40.5,42.08,5838000.0,0.0,1.0,41.2,42.27,40.5,42.08,5838000.0
AMZN,2005-09-23,41.97,42.62,41.55,42.19,3145400.0,0.0,1.0,41.97,42.62,41.55,42.19,3145400.0
AMZN,2005-09-26,42.45,43.42,42.4,43.34,5616400.0,0.0,1.0,42.45,43.42,42.4,43.34,5616400.0
AMZN,2005-09-27,43.26,43.73,42.82,43.16,4173500.0,0.0,1.0,43.26,43.73,42.82,43.16,4173500.0
AMZN,2005-09-28,43.25,43.74,42.99,43.37,3239700.0,0.0,1.0,43.25,43.74,42.99,43.37,3239700.0
AMZN,2005-09-29,43.38,44.8,43.13,44.79,6392800.0,0.0,1.0,43.38,44.8,43.13,44.79,6392800.0
AMZN,2005-09-30,44.65,45.84,44.6,45.3,6056000.0,0.0,1.0,44.65,45.84,44.6,45.3,6056000.0
AMZN,2005-10-03,45.33,46.59,45.16,46.01,5829200.0,0.0,1.0,45.33,46.59,45.16,46.01,5829200.0
AMZN,2005-10-04,46.0,46.12,44.5,44.93,6521500.0,0.0,1.0,46.0,46.12,44.5,44.93,6521500.0
AMZN,2005-10-05,44.91,45.29,43.89,44.49,6452700.0,0.0,1.0,44.91,45.29,43.89,44.49,6452700.0
AMZN,2005-10-06,44.56,44.81,43.33,44.01,6192900.0,0.0,1.0,44.56,44.81,43.33,44.01,6192900.0
AMZN,2005-10-07,44.27,44.61,43.38,43.72,3392500.0,0.0,1.0,44.27,44.61,43.38,43.72,3392500.0
AMZN,2005-10-10,43.82,44.38,43.58,43.76,3680300.0,0.0,1.0,43.82,44.38,43.58,43.76,3680300.0
AMZN,2005-10-11,43.92,44.32,43.23,43.4,5301800.0,0.0,1.0,43.92,44.32,43.23,43.4,5301800.0
AMZN,2005-10-12,42.91,43.68,42.44,42.55,5704200.0,0.0,1.0,42.91,43.68,42.44,42.55,5704200.0
AMZN,2005-10-13,42.43,42.98,41.9,42.62,3832800.0,0.0,1.0,42.43,42.98,41.9,42.62,3832800.0
AMZN,2005-10-14,43.0,43.87,42.34,43.79,4577600.0,0.0,1.0,43.0,43.87,42.34,43.79,4577600.0
AMZN,2005-10-17,43.63,45.02,43.62,45.02,5225000.0,0.0,1.0,43.63,45.02,43.62,45.02,5225000.0
AMZN,2005-10-18,44.92,45.05,44.3,44.65,4457700.0,0.0,1.0,44.92,45.05,44.3,44.65,4457700.0
AMZN,2005-10-19,44.54,45.86,44.28,45.86,6528500.0,0.0,1.0,44.54,45.86,44.28,45.86,6528500.0
AMZN,2005-10-20,45.9,46.07,44.68,45.01,5929200.0,0.0,1.0,45.9,46.07,44.68,45.01,5929200.0
AMZN,2005-10-21,45.67,46.05,45.15,45.95,4624800.0,0.0,1.0,45.67,46.05,45.15,45.95,4624800.0
AMZN,2005-10-24,46.12,46.96,45.86,46.93,5475900.0,0.0,1.0,46.12,46.96,45.86,46.93,5475900.0
AMZN,2005-10-25,46.88,47.0,46.04,46.17,11438700.0,0.0,1.0,46.88,47.0,46.04,46.17,11438700.0
AMZN,2005-10-26,41.0,41.1,39.48,39.75,30104700.0,0.0,1.0,41.0,41.1,39.48,39.75,30104700.0
AMZN,2005-10-27,39.64,39.9,38.86,39.06,8770300.0,0.0,1.0,39.64,39.9,38.86,39.06,8770300.0
AMZN,2005-10-28,39.55,39.65,38.72,38.95,6159200.0,0.0,1.0,39.55,39.65,38.72,38.95,6159200.0
AMZN,2005-10-31,39.35,40.39,39.12,39.86,6780600.0,0.0,1.0,39.35,40.39,39.12,39.86,6780600.0
AMZN,2005-11-01,39.97,40.74,39.65,40.37,5383000.0,0.0,1.0,39.97,40.74,39.65,40.37,5383000.0
AMZN,2005-11-02,40.29,41.23,39.8,40.75,4861800.0,0.0,1.0,40.29,41.23,39.8,40.75,4861800.0
AMZN,2005-11-03,40.89,42.0001,40.85,41.56,7000000.0,0.0,1.0,40.89,42.0001,40.85,41.56,7000000.0
AMZN,2005-11-04,41.49,41.8,40.91,41.09,4445400.0,0.0,1.0,41.49,41.8,40.91,41.09,4445400.0
AMZN,2005-11-07,41.08,41.47,40.55,41.39,3386100.0,0.0,1.0,41.08,41.47,40.55,41.39,3386100.0
AMZN,2005-11-08,41.28,42.11,41.03,41.95,4950800.0,0.0,1.0,41.28,42.11,41.03,41.95,4950800.0
AMZN,2005-11-09,41.79,42.0,41.28,41.4,3471600.0,0.0,1.0,41.79,42.0,41.28,41.4,3471600.0
AMZN,2005-11-10,41.47,42.45,40.86,42.18,5585500.0,0.0,1.0,41.47,42.45,40.86,42.18,5585500.0
AMZN,2005-11-11,42.37,43.04,42.25,42.68,3982200.0,0.0,1.0,42.37,43.04,42.25,42.68,3982200.0
AMZN,2005-11-14,42.52,43.0,42.34,42.53,3103100.0,0.0,1.0,42.52,43.0,42.34,42.53,3103100.0
AMZN,2005-11-15,45.46,45.65,44.43,44.45,21277900.0,0.0,1.0,45.46,45.65,44.43,44.45,21277900.0
AMZN,2005-11-16,44.35,45.4,44.24,45.3,7967000.0,0.0,1.0,44.35,45.4,44.24,45.3,7967000.0
AMZN,2005-11-17,45.43,46.76,45.36,46.74,11687600.0,0.0,1.0,45.43,46.76,45.36,46.74,11687600.0
AMZN,2005-11-18,46.9,48.0,46.66,47.98,59332800.0,0.0,1.0,46.9,48.0,46.66,47.98,59332800.0
AMZN,2005-11-21,47.57,48.31,47.28,47.99,17869900.0,0.0,1.0,47.57,48.31,47.28,47.99,17869900.0
AMZN,2005-11-22,47.5,49.01,47.34,48.85,12990700.0,0.0,1.0,47.5,49.01,47.34,48.85,12990700.0
AMZN,2005-11-23,48.64,48.96,48.09,48.24,7483200.0,0.0,1.0,48.64,48.96,48.09,48.24,7483200.0
AMZN,2005-11-25,48.05,48.48,47.62,48.06,2695800.0,0.0,1.0,48.05,48.48,47.62,48.06,2695800.0
AMZN,2005-11-28,48.15,49.12,47.62,48.35,10670900.0,0.0,1.0,48.15,49.12,47.62,48.35,10670900.0
AMZN,2005-11-29,48.31,49.43,48.12,48.55,10384400.0,0.0,1.0,48.31,49.43,48.12,48.55,10384400.0
AMZN,2005-11-30,48.48,48.68,47.55,48.46,7925600.0,0.0,1.0,48.48,48.68,47.55,48.46,7925600.0
AMZN,2005-12-01,48.88,49.4,48.63,49.0,7866700.0,0.0,1.0,48.88,49.4,48.63,49.0,7866700.0
AMZN,2005-12-02,48.92,49.53,48.4,49.06,6451600.0,0.0,1.0,48.92,49.53,48.4,49.06,6451600.0
AMZN,2005-12-05,48.86,49.35,48.75,48.83,5250900.0,0.0,1.0,48.86,49.35,48.75,48.83,5250900.0
AMZN,2005-12-06,49.06,49.9,49.06,49.26,9581400.0,0.0,1.0,49.06,49.9,49.06,49.26,9581400.0
AMZN,2005-12-07,49.31,49.47,48.29,48.83,6796800.0,0.0,1.0,49.31,49.47,48.29,48.83,6796800.0
AMZN,2005-12-08,48.83,49.1,47.86,48.35,7144000.0,0.0,1.0,48.83,49.1,47.86,48.35,7144000.0
AMZN,2005-12-09,48.65,49.04,48.25,48.74,4709000.0,0.0,1.0,48.65,49.04,48.25,48.74,4709000.0
AMZN,2005-12-12,49.15,49.3,48.64,49.07,3424300.0,0.0,1.0,49.15,49.3,48.64,49.07,3424300.0
AMZN,2005-12-13,48.54,49.67,48.48,49.5,5812800.0,0.0,1.0,48.54,49.67,48.48,49.5,5812800.0
AMZN,2005-12-14,49.2,49.6,48.79,49.41,4965900.0,0.0,1.0,49.2,49.6,48.79,49.41,4965900.0
AMZN,2005-12-15,49.5,49.95,49.05,49.48,5820500.0,0.0,1.0,49.5,49.95,49.05,49.48,5820500.0
AMZN,2005-12-16,49.4,49.92,49.21,49.21,5626500.0,0.0,1.0,49.4,49.92,49.21,49.21,5626500.0
AMZN,2005-12-19,48.99,50.001,48.32,48.37,8308700.0,0.0,1.0,48.99,50.001,48.32,48.37,8308700.0
AMZN,2005-12-20,48.46,48.6,47.68,48.14,5535200.0,0.0,1.0,48.46,48.6,47.68,48.14,5535200.0
AMZN,2005-12-21,48.29,49.06,47.78,48.97,7322500.0,0.0,1.0,48.29,49.06,47.78,48.97,7322500.0
AMZN,2005-12-22,48.9,49.28,48.36,49.22,4421800.0,0.0,1.0,48.9,49.28,48.36,49.22,4421800.0
AMZN,2005-12-23,49.085,49.39,48.72,49.22,3206500.0,0.0,1.0,49.085,49.39,48.72,49.22,3206500.0
AMZN,2005-12-27,48.9,49.1,48.36,48.56,5818700.0,0.0,1.0,48.9,49.1,48.36,48.56,5818700.0
AMZN,2005-12-28,48.49,48.55,47.9,48.06,4531800.0,0.0,1.0,48.49,48.55,47.9,48.06,4531800.0
AMZN,2005-12-29,48.0,48.46,47.97,47.99,3171100.0,0.0,1.0,48.0,48.46,47.97,47.99,3171100.0
AMZN,2005-12-30,47.73,48.1999,47.14,47.15,5401100.0,0.0,1.0,47.73,48.1999,47.14,47.15,5401100.0
AMZN,2006-01-03,47.47,47.85,46.25,47.58,7582200.0,0.0,1.0,47.47,47.85,46.25,47.58,7582200.0
AMZN,2006-01-04,47.485,47.73,46.69,47.25,7440900.0,0.0,1.0,47.485,47.73,46.69,47.25,7440900.0
AMZN,2006-01-05,47.16,48.2,47.11,47.65,5417200.0,0.0,1.0,47.16,48.2,47.11,47.65,5417200.0
AMZN,2006-01-06,47.97,48.58,47.32,47.87,6152900.0,0.0,1.0,47.97,48.58,47.32,47.87,6152900.0
AMZN,2006-01-09,46.55,47.1,46.4,47.08,8943100.0,0.0,1.0,46.55,47.1,46.4,47.08,8943100.0
AMZN,2006-01-10,46.5,46.75,45.36,45.651,9686100.0,0.0,1.0,46.5,46.75,45.36,45.651,9686100.0
AMZN,2006-01-11,45.65,45.7,44.26,44.93,8497200.0,0.0,1.0,45.65,45.7,44.26,44.93,8497200.0
AMZN,2006-01-12,44.65,45.09,44.09,44.36,5818300.0,0.0,1.0,44.65,45.09,44.09,44.36,5818300.0
AMZN,2006-01-13,44.475,44.85,44.0,44.4,4432200.0,0.0,1.0,44.475,44.85,44.0,44.4,4432200.0
AMZN,2006-01-17,44.12,44.32,43.66,44.0,5631000.0,0.0,1.0,44.12,44.32,43.66,44.0,5631000.0
AMZN,2006-01-18,43.19,44.59,43.1,44.32,8743300.0,0.0,1.0,43.19,44.59,43.1,44.32,8743300.0
AMZN,2006-01-19,44.495,45.2392,44.3,44.45,5156900.0,0.0,1.0,44.495,45.2392,44.3,44.45,5156900.0
AMZN,2006-01-20,44.23,44.36,43.2,43.92,8307400.0,0.0,1.0,44.23,44.36,43.2,43.92,8307400.0
AMZN,2006-01-23,44.18,44.75,43.5,43.73,5752800.0,0.0,1.0,44.18,44.75,43.5,43.73,5752800.0
AMZN,2006-01-24,43.66,44.43,43.42,44.02,4342400.0,0.0,1.0,43.66,44.43,43.42,44.02,4342400.0
AMZN,2006-01-25,44.05,44.47,43.34,43.6,4287100.0,0.0,1.0,44.05,44.47,43.34,43.6,4287100.0
AMZN,2006-01-26,43.95,44.78,43.79,44.68,4889500.0,0.0,1.0,43.95,44.78,43.79,44.68,4889500.0
AMZN,2006-01-27,44.65,45.22,44.53,45.22,4174000.0,0.0,1.0,44.65,45.22,44.53,45.22,4174000.0
AMZN,2006-01-30,45.48,45.97,44.7399,44.96,4099800.0,0.0,1.0,45.48,45.97,44.7399,44.96,4099800.0
AMZN,2006-01-31,45.0,45.21,44.25,44.82,4056000.0,0.0,1.0,45.0,45.21,44.25,44.82,4056000.0
AMZN,2006-02-01,43.91,44.69,43.5,43.98,7501400.0,0.0,1.0,43.91,44.69,43.5,43.98,7501400.0
AMZN,2006-02-02,43.92,44.04,39.8,42.74,23709300.0,0.0,1.0,43.92,44.04,39.8,42.74,23709300.0
AMZN,2006-02-03,37.75,38.5,37.37,38.33,33531300.0,0.0,1.0,37.75,38.5,37.37,38.33,33531300.0
AMZN,2006-02-06,38.25,38.34,37.77,37.95,8503200.0,0.0,1.0,38.25,38.34,37.77,37.95,8503200.0
AMZN,2006-02-07,38.14,38.2,37.2,37.52,7403600.0,0.0,1.0,38.14,38.2,37.2,37.52,7403600.0
AMZN,2006-02-08,37.77,38.39,37.11,38.17,7543700.0,0.0,1.0,37.77,38.39,37.11,38.17,7543700.0
AMZN,2006-02-09,38.69,39.0,37.93,37.99,6932800.0,0.0,1.0,38.69,39.0,37.93,37.99,6932800.0
AMZN,2006-02-10,37.93,38.52,37.37,38.52,5011800.0,0.0,1.0,37.93,38.52,37.37,38.52,5011800.0
AMZN,2006-02-13,38.29,38.42,37.53,37.86,4750400.0,0.0,1.0,38.29,38.42,37.53,37.86,4750400.0
AMZN,2006-02-14,37.9,38.49,37.38,38.25,4514200.0,0.0,1.0,37.9,38.49,37.38,38.25,4514200.0
AMZN,2006-02-15,38.34,39.28,38.1,39.26,6902700.0,0.0,1.0,38.34,39.28,38.1,39.26,6902700.0
AMZN,2006-02-16,39.4,40.0,38.83,39.15,5638000.0,0.0,1.0,39.4,40.0,38.83,39.15,5638000.0
AMZN,2006-02-17,38.97,39.38,38.91,39.19,4581800.0,0.0,1.0,38.97,39.38,38.91,39.19,4581800.0
AMZN,2006-02-21,39.02,39.11,38.26,38.29,5056100.0,0.0,1.0,39.02,39.11,38.26,38.29,5056100.0
AMZN,2006-02-22,38.31,39.1,37.71,38.72,7356900.0,0.0,1.0,38.31,39.1,37.71,38.72,7356900.0
AMZN,2006-02-23,38.6,38.75,37.87,37.9,9287500.0,0.0,1.0,38.6,38.75,37.87,37.9,9287500.0
AMZN,2006-02-24,38.25,38.41,37.86,38.35,3720000.0,0.0,1.0,38.25,38.41,37.86,38.35,3720000.0
AMZN,2006-02-27,38.49,38.78,37.93,38.01,4449100.0,0.0,1.0,38.49,38.78,37.93,38.01,4449100.0
AMZN,2006-02-28,37.78,38.09,37.05,37.44,9150900.0,0.0,1.0,37.78,38.09,37.05,37.44,9150900.0
AMZN,2006-03-01,37.43,37.69,36.85,37.12,6981500.0,0.0,1.0,37.43,37.69,36.85,37.12,6981500.0
AMZN,2006-03-02,35.65,37.0,35.37,36.88,11583700.0,0.0,1.0,35.65,37.0,35.37,36.88,11583700.0
AMZN,2006-03-03,36.89,37.83,36.67,37.21,6044900.0,0.0,1.0,36.89,37.83,36.67,37.21,6044900.0
AMZN,2006-03-06,37.23,37.58,36.77,36.86,4258300.0,0.0,1.0,37.23,37.58,36.77,36.86,4258300.0
AMZN,2006-03-07,36.84,37.42,36.7,36.93,4722300.0,0.0,1.0,36.84,37.42,36.7,36.93,4722300.0
AMZN,2006-03-08,36.87,37.47,36.61,36.81,6236600.0,0.0,1.0,36.87,37.47,36.61,36.81,6236600.0
AMZN,2006-03-09,36.87,36.96,35.9,36.12,7200100.0,0.0,1.0,36.87,36.96,35.9,36.12,7200100.0
AMZN,2006-03-10,36.245,36.5,35.74,36.22,4972700.0,0.0,1.0,36.245,36.5,35.74,36.22,4972700.0
AMZN,2006-03-13,36.29,36.63,35.97,36.19,3278100.0,0.0,1.0,36.29,36.63,35.97,36.19,3278100.0
AMZN,2006-03-14,36.04,37.0,36.01,36.91,4185200.0,0.0,1.0,36.04,37.0,36.01,36.91,4185200.0
AMZN,2006-03-15,36.95,37.0,36.43,36.89,2801500.0,0.0,1.0,36.95,37.0,36.43,36.89,2801500.0
AMZN,2006-03-16,37.0,37.39,36.74,36.77,4822800.0,0.0,1.0,37.0,37.39,36.74,36.77,4822800.0
AMZN,2006-03-17,36.75,36.98,35.85,35.99,6886200.0,0.0,1.0,36.75,36.98,35.85,35.99,6886200.0
AMZN,2006-03-20,35.9,37.27,35.8,36.23,6170800.0,0.0,1.0,35.9,37.27,35.8,36.23,6170800.0
AMZN,2006-03-21,36.26,36.73,35.66,35.92,6671600.0,0.0,1.0,36.26,36.73,35.66,35.92,6671600.0
AMZN,2006-03-22,35.97,36.54,35.79,36.0,4300800.0,0.0,1.0,35.97,36.54,35.79,36.0,4300800.0
AMZN,2006-03-23,35.9,36.34,35.48,35.68,4035900.0,0.0,1.0,35.9,36.34,35.48,35.68,4035900.0
AMZN,2006-03-24,35.82,36.12,35.31,35.47,3682000.0,0.0,1.0,35.82,36.12,35.31,35.47,3682000.0
AMZN,2006-03-27,35.44,35.66,35.1391,35.25,3708500.0,0.0,1.0,35.44,35.66,35.1391,35.25,3708500.0
AMZN,2006-03-28,35.22,36.02,35.2,35.69,5727200.0,0.0,1.0,35.22,36.02,35.2,35.69,5727200.0
AMZN,2006-03-29,35.76,36.81,35.31,36.32,7199200.0,0.0,1.0,35.76,36.81,35.31,36.32,7199200.0
AMZN,2006-03-30,36.32,36.9,36.18,36.67,4049200.0,0.0,1.0,36.32,36.9,36.18,36.67,4049200.0
AMZN,2006-03-31,36.7,36.77,36.48,36.53,2659000.0,0.0,1.0,36.7,36.77,36.48,36.53,2659000.0
AMZN,2006-04-03,36.56,37.33,36.1,36.14,5054000.0,0.0,1.0,36.56,37.33,36.1,36.14,5054000.0
AMZN,2006-04-04,36.14,37.1,36.02,36.77,3717800.0,0.0,1.0,36.14,37.1,36.02,36.77,3717800.0
AMZN,2006-04-05,36.77,37.34,36.27,37.34,5559500.0,0.0,1.0,36.77,37.34,36.27,37.34,5559500.0
AMZN,2006-04-06,37.24,38.84,37.13,38.51,9294600.0,0.0,1.0,37.24,38.84,37.13,38.51,9294600.0
AMZN,2006-04-07,38.61,38.67,37.0,37.09,5704500.0,0.0,1.0,38.61,38.67,37.0,37.09,5704500.0
AMZN,2006-04-10,37.22,37.28,36.22,36.61,4747500.0,0.0,1.0,37.22,37.28,36.22,36.61,4747500.0
AMZN,2006-04-11,36.61,36.75,35.52,36.06,6605600.0,0.0,1.0,36.61,36.75,35.52,36.06,6605600.0
AMZN,2006-04-12,35.91,36.44,35.91,36.13,2855800.0,0.0,1.0,35.91,36.44,35.91,36.13,2855800.0
AMZN,2006-04-13,35.9,36.72,35.49,36.62,3715200.0,0.0,1.0,35.9,36.72,35.49,36.62,3715200.0
AMZN,2006-04-17,36.5,36.62,35.05,35.27,4442200.0,0.0,1.0,36.5,36.62,35.05,35.27,4442200.0
AMZN,2006-04-18,35.48,36.45,35.2,36.28,4595700.0,0.0,1.0,35.48,36.45,35.2,36.28,4595700.0
AMZN,2006-04-19,36.09,36.96,35.89,36.89,4280500.0,0.0,1.0,36.09,36.96,35.89,36.89,4280500.0
AMZN,2006-04-20,36.7,37.2,36.23,36.34,5387600.0,0.0,1.0,36.7,37.2,36.23,36.34,5387600.0
AMZN,2006-04-21,36.76,36.78,35.72,36.03,4423500.0,0.0,1.0,36.76,36.78,35.72,36.03,4423500.0
AMZN,2006-04-24,36.0,36.115,35.32,35.79,3087600.0,0.0,1.0,36.0,36.115,35.32,35.79,3087600.0
AMZN,2006-04-25,35.51,35.77,35.01,35.55,12790500.0,0.0,1.0,35.51,35.77,35.01,35.55,12790500.0
AMZN,2006-04-26,35.35,36.35,35.15,35.79,11071500.0,0.0,1.0,35.35,36.35,35.15,35.79,11071500.0
AMZN,2006-04-27,35.48,35.87,35.3,35.74,5932500.0,0.0,1.0,35.48,35.87,35.3,35.74,5932500.0
AMZN,2006-04-28,35.8,35.89,35.14,35.21,3492500.0,0.0,1.0,35.8,35.89,35.14,35.21,3492500.0
AMZN,2006-05-01,35.06,35.57,34.44,34.59,7072700.0,0.0,1.0,35.06,35.57,34.44,34.59,7072700.0
AMZN,2006-05-02,34.75,34.94,34.23,34.38,5857000.0,0.0,1.0,34.75,34.94,34.23,34.38,5857000.0
AMZN,2006-05-03,34.39,34.39,33.51,33.96,7585900.0,0.0,1.0,34.39,34.39,33.51,33.96,7585900.0
AMZN,2006-05-04,34.62,34.72,34.38,34.47,5997900.0,0.0,1.0,34.62,34.72,34.38,34.47,5997900.0
AMZN,2006-05-05,34.65,35.04,34.15,35.04,5740900.0,0.0,1.0,34.65,35.04,34.15,35.04,5740900.0
AMZN,2006-05-08,34.99,35.31,34.47,34.69,4236800.0,0.0,1.0,34.99,35.31,34.47,34.69,4236800.0
AMZN,2006-05-09,34.42,35.26,34.21,34.84,5484700.0,0.0,1.0,34.42,35.26,34.21,34.84,5484700.0
AMZN,2006-05-10,34.68,35.0,34.1,34.16,3300300.0,0.0,1.0,34.68,35.0,34.1,34.16,3300300.0
AMZN,2006-05-11,34.12,34.15,33.08,33.53,7696000.0,0.0,1.0,34.12,34.15,33.08,33.53,7696000.0
AMZN,2006-05-12,33.55,33.78,32.55,32.73,4873600.0,0.0,1.0,33.55,33.78,32.55,32.73,4873600.0
AMZN,2006-05-15,32.55,32.85,32.21,32.78,4305000.0,0.0,1.0,32.55,32.85,32.21,32.78,4305000.0
AMZN,2006-05-16,32.84,33.02,32.32,32.76,5221600.0,0.0,1.0,32.84,33.02,32.32,32.76,5221600.0
AMZN,2006-05-17,32.45,32.7,31.53,31.61,6704100.0,0.0,1.0,32.45,32.7,31.53,31.61,6704100.0
AMZN,2006-05-18,31.71,33.64,31.52,32.61,12027200.0,0.0,1.0,31.71,33.64,31.52,32.61,12027200.0
AMZN,2006-05-19,32.66,34.0,32.03,33.94,9817200.0,0.0,1.0,32.66,34.0,32.03,33.94,9817200.0
AMZN,2006-05-22,33.96,34.99,33.18,34.83,11122900.0,0.0,1.0,33.96,34.99,33.18,34.83,11122900.0
AMZN,2006-05-23,35.0,36.0,33.76,33.76,8822700.0,0.0,1.0,35.0,36.0,33.76,33.76,8822700.0
AMZN,2006-05-24,33.41,35.23,33.37,35.19,9542100.0,0.0,1.0,33.41,35.23,33.37,35.19,9542100.0
AMZN,2006-05-25,35.36,35.69,34.6,35.63,5845700.0,0.0,1.0,35.36,35.69,34.6,35.63,5845700.0
AMZN,2006-05-26,35.66,36.5,35.46,36.07,4524300.0,0.0,1.0,35.66,36.5,35.46,36.07,4524300.0
AMZN,2006-05-30,35.73,35.75,34.44,34.64,5920800.0,0.0,1.0,35.73,35.75,34.44,34.64,5920800.0
AMZN,2006-05-31,34.735,34.94,33.73,34.61,5196600.0,0.0,1.0,34.735,34.94,33.73,34.61,5196600.0
AMZN,2006-06-01,34.625,35.45,34.3,35.07,5932000.0,0.0,1.0,34.625,35.45,34.3,35.07,5932000.0
AMZN,2006-06-02,35.19,35.22,34.05,34.76,5442900.0,0.0,1.0,35.19,35.22,34.05,34.76,5442900.0
AMZN,2006-06-05,34.46,34.54,33.27,33.49,5049400.0,0.0,1.0,34.46,34.54,33.27,33.49,5049400.0
AMZN,2006-06-06,33.58,33.8,32.93,33.41,4276600.0,0.0,1.0,33.58,33.8,32.93,33.41,4276600.0
AMZN,2006-06-07,33.4,34.54,32.91,33.77,5303800.0,0.0,1.0,33.4,34.54,32.91,33.77,5303800.0
AMZN,2006-06-08,33.55,34.06,32.42,33.55,8311000.0,0.0,1.0,33.55,34.06,32.42,33.55,8311000.0
AMZN,2006-06-09,33.5,34.35,33.45,33.88,5232600.0,0.0,1.0,33.5,34.35,33.45,33.88,5232600.0
AMZN,2006-06-12,34.21,34.45,33.49,33.6,4195800.0,0.0,1.0,34.21,34.45,33.49,33.6,4195800.0
AMZN,2006-06-13,33.49,34.17,33.135,33.47,5403000.0,0.0,1.0,33.49,34.17,33.135,33.47,5403000.0
AMZN,2006-06-14,33.5,33.99,33.08,33.68,4869100.0,0.0,1.0,33.5,33.99,33.08,33.68,4869100.0
AMZN,2006-06-15,33.84,35.17,33.67,34.96,6206100.0,0.0,1.0,33.84,35.17,33.67,34.96,6206100.0
AMZN,2006-06-16,34.88,35.26,34.7,35.09,5135100.0,0.0,1.0,34.88,35.26,34.7,35.09,5135100.0
AMZN,2006-06-19,35.2,35.48,35.04,35.07,4211600.0,0.0,1.0,35.2,35.48,35.04,35.07,4211600.0
AMZN,2006-06-20,35.01,35.65,34.88,35.48,4465500.0,0.0,1.0,35.01,35.65,34.88,35.48,4465500.0
AMZN,2006-06-21,35.34,37.05,35.34,36.65,7865300.0,0.0,1.0,35.34,37.05,35.34,36.65,7865300.0
AMZN,2006-06-22,36.55,36.8514,36.11,36.37,4732000.0,0.0,1.0,36.55,36.8514,36.11,36.37,4732000.0
AMZN,2006-06-23,36.46,36.65,36.02,36.55,3923400.0,0.0,1.0,36.46,36.65,36.02,36.55,3923400.0
AMZN,2006-06-26,36.55,37.17,36.43,36.77,3605800.0,0.0,1.0,36.55,37.17,36.43,36.77,3605800.0
AMZN,2006-06-27,36.72,37.5,36.17,36.48,5641000.0,0.0,1.0,36.72,37.5,36.17,36.48,5641000.0
AMZN,2006-06-28,36.7,37.11,36.48,36.7,3751700.0,0.0,1.0,36.7,37.11,36.48,36.7,3751700.0
AMZN,2006-06-29,36.82,38.57,36.7,38.52,6372500.0,0.0,1.0,36.82,38.57,36.7,38.52,6372500.0
AMZN,2006-06-30,38.58,38.84,37.83,38.68,5191200.0,0.0,1.0,38.58,38.84,37.83,38.68,5191200.0
AMZN,2006-07-03,38.52,38.62,38.23,38.61,1436300.0,0.0,1.0,38.52,38.62,38.23,38.61,1436300.0
AMZN,2006-07-05,38.28,38.43,36.78,37.11,5734000.0,0.0,1.0,38.28,38.43,36.78,37.11,5734000.0
AMZN,2006-07-06,37.07,37.74,36.52,36.8,4372700.0,0.0,1.0,37.07,37.74,36.52,36.8,4372700.0
AMZN,2006-07-07,36.71,37.28,35.75,36.11,5004100.0,0.0,1.0,36.71,37.28,35.75,36.11,5004100.0
AMZN,2006-07-10,36.3,36.7,35.4,35.79,3876700.0,0.0,1.0,36.3,36.7,35.4,35.79,3876700.0
AMZN,2006-07-11,35.74,35.92,35.01,35.66,6088600.0,0.0,1.0,35.74,35.92,35.01,35.66,6088600.0
AMZN,2006-07-12,35.6,35.9,34.57,34.63,4894700.0,0.0,1.0,35.6,35.9,34.57,34.63,4894700.0
AMZN,2006-07-13,34.33,34.63,33.71,33.73,6455500.0,0.0,1.0,34.33,34.63,33.71,33.73,6455500.0
AMZN,2006-07-14,33.51,33.73,32.8,32.92,8094800.0,0.0,1.0,33.51,33.73,32.8,32.92,8094800.0
AMZN,2006-07-17,32.79,33.93,32.79,33.67,7197300.0,0.0,1.0,32.79,33.93,32.79,33.67,7197300.0
AMZN,2006-07-18,33.65,34.29,32.96,33.49,5215000.0,0.0,1.0,33.65,34.29,32.96,33.49,5215000.0
AMZN,2006-07-19,33.5,34.77,33.39,34.48,8866300.0,0.0,1.0,33.5,34.77,33.39,34.48,8866300.0
AMZN,2006-07-20,34.39,34.81,33.83,34.18,5836200.0,0.0,1.0,34.39,34.81,33.83,34.18,5836200.0
AMZN,2006-07-21,33.85,33.97,32.92,33.19,7136600.0,0.0,1.0,33.85,33.97,32.92,33.19,7136600.0
AMZN,2006-07-24,33.35,34.68,33.34,34.31,7385400.0,0.0,1.0,33.35,34.68,33.34,34.31,7385400.0
AMZN,2006-07-25,34.0,34.16,33.39,33.59,17230000.0,0.0,1.0,34.0,34.16,33.39,33.59,17230000.0
AMZN,2006-07-26,28.76,29.0,25.96,26.26,76985200.0,0.0,1.0,28.76,29.0,25.96,26.26,76985200.0
AMZN,2006-07-27,26.45,26.8,26.0,26.56,26393800.0,0.0,1.0,26.45,26.8,26.0,26.56,26393800.0
AMZN,2006-07-28,26.8,27.18,26.57,27.17,12422000.0,0.0,1.0,26.8,27.18,26.57,27.17,12422000.0
AMZN,2006-07-31,27.02,27.29,26.74,26.89,8038200.0,0.0,1.0,27.02,27.29,26.74,26.89,8038200.0
AMZN,2006-08-01,26.55,26.64,25.84,26.32,13128800.0,0.0,1.0,26.55,26.64,25.84,26.32,13128800.0
AMZN,2006-08-02,26.15,26.3,25.89,26.09,7810400.0,0.0,1.0,26.15,26.3,25.89,26.09,7810400.0
AMZN,2006-08-03,26.09,26.9,25.9,26.69,6941100.0,0.0,1.0,26.09,26.9,25.9,26.69,6941100.0
AMZN,2006-08-04,26.94,27.59,26.8,27.29,10252400.0,0.0,1.0,26.94,27.59,26.8,27.29,10252400.0
AMZN,2006-08-07,27.19,27.29,26.59,26.78,5476400.0,0.0,1.0,27.19,27.29,26.59,26.78,5476400.0
AMZN,2006-08-08,26.8,27.02,26.19,26.36,7260200.0,0.0,1.0,26.8,27.02,26.19,26.36,7260200.0
AMZN,2006-08-09,26.54,26.7,26.0,26.21,6911200.0,0.0,1.0,26.54,26.7,26.0,26.21,6911200.0
AMZN,2006-08-10,26.2,26.52,25.88,26.49,6405600.0,0.0,1.0,26.2,26.52,25.88,26.49,6405600.0
AMZN,2006-08-11,26.2,26.43,25.76,26.07,5115900.0,0.0,1.0,26.2,26.43,25.76,26.07,5115900.0
AMZN,2006-08-14,26.22,27.06,26.18,26.53,5128000.0,0.0,1.0,26.22,27.06,26.18,26.53,5128000.0
AMZN,2006-08-15,26.97,27.86,26.62,27.77,8201600.0,0.0,1.0,26.97,27.86,26.62,27.77,8201600.0
AMZN,2006-08-16,27.97,28.14,27.52,27.95,7636600.0,0.0,1.0,27.97,28.14,27.52,27.95,7636600.0
AMZN,2006-08-17,27.96,29.75,27.83,29.09,9496300.0,0.0,1.0,27.96,29.75,27.83,29.09,9496300.0
AMZN,2006-08-18,29.09,29.23,28.22,29.12,5998600.0,0.0,1.0,29.09,29.23,28.22,29.12,5998600.0
AMZN,2006-08-21,28.7,28.98,27.97,28.13,5334900.0,0.0,1.0,28.7,28.98,27.97,28.13,5334900.0
AMZN,2006-08-22,28.14,28.89,28.05,28.37,4587100.0,0.0,1.0,28.14,28.89,28.05,28.37,4587100.0
AMZN,2006-08-23,28.56,28.89,27.77,28.14,4726400.0,0.0,1.0,28.56,28.89,27.77,28.14,4726400.0
AMZN,2006-08-24,28.24,28.25,27.54,27.97,4516900.0,0.0,1.0,28.24,28.25,27.54,27.97,4516900.0
AMZN,2006-08-25,27.79,28.23,27.62,28.03,3542600.0,0.0,1.0,27.79,28.23,27.62,28.03,3542600.0
AMZN,2006-08-28,28.4,29.0,28.27,28.91,6067400.0,0.0,1.0,28.4,29.0,28.27,28.91,6067400.0
AMZN,2006-08-29,28.97,29.72,28.75,29.52,7398100.0,0.0,1.0,28.97,29.72,28.75,29.52,7398100.0
AMZN,2006-08-30,29.57,30.85,29.48,30.67,11303300.0,0.0,1.0,29.57,30.85,29.48,30.67,11303300.0
AMZN,2006-08-31,30.7545,30.99,30.47,30.83,5947000.0,0.0,1.0,30.7545,30.99,30.47,30.83,5947000.0
AMZN,2006-09-01,30.85,31.8,30.85,31.76,6563200.0,0.0,1.0,30.85,31.8,30.85,31.76,6563200.0
AMZN,2006-09-05,31.61,32.3,31.24,32.23,7467700.0,0.0,1.0,31.61,32.3,31.24,32.23,7467700.0
AMZN,2006-09-06,31.76,31.98,30.65,30.8,9114100.0,0.0,1.0,31.76,31.98,30.65,30.8,9114100.0
AMZN,2006-09-07,30.57,30.64,29.68,29.73,8901700.0,0.0,1.0,30.57,30.64,29.68,29.73,8901700.0
AMZN,2006-09-08,30.19,30.66,29.94,30.51,5227200.0,0.0,1.0,30.19,30.66,29.94,30.51,5227200.0
AMZN,2006-09-11,30.23,31.13,29.72,30.79,7403800.0,0.0,1.0,30.23,31.13,29.72,30.79,7403800.0
AMZN,2006-09-12,30.87,31.94,30.53,31.72,6527400.0,0.0,1.0,30.87,31.94,30.53,31.72,6527400.0
AMZN,2006-09-13,31.73,31.96,31.37,31.67,4370400.0,0.0,1.0,31.73,31.96,31.37,31.67,4370400.0
AMZN,2006-09-14,31.54,31.87,31.18,31.65,3705700.0,0.0,1.0,31.54,31.87,31.18,31.65,3705700.0
AMZN,2006-09-15,31.9,32.74,31.58,32.52,10273700.0,0.0,1.0,31.9,32.74,31.58,32.52,10273700.0
AMZN,2006-09-18,32.445,32.67,31.88,32.08,5123100.0,0.0,1.0,32.445,32.67,31.88,32.08,5123100.0
AMZN,2006-09-19,32.24,32.3,30.82,31.58,8572000.0,0.0,1.0,32.24,32.3,30.82,31.58,8572000.0
AMZN,2006-09-20,31.81,32.81,31.8,32.12,8548900.0,0.0,1.0,31.81,32.81,31.8,32.12,8548900.0
AMZN,2006-09-21,32.24,32.56,30.07,30.22,15553700.0,0.0,1.0,32.24,32.56,30.07,30.22,15553700.0
AMZN,2006-09-22,30.22,30.95,29.9,30.84,7249000.0,0.0,1.0,30.22,30.95,29.9,30.84,7249000.0
AMZN,2006-09-25,31.05,31.97,30.74,31.79,6619600.0,0.0,1.0,31.05,31.97,30.74,31.79,6619600.0
AMZN,2006-09-26,31.89,32.59,31.8,32.5,6601100.0,0.0,1.0,31.89,32.59,31.8,32.5,6601100.0
AMZN,2006-09-27,32.28,32.46,31.93,32.33,5469800.0,0.0,1.0,32.28,32.46,31.93,32.33,5469800.0
AMZN,2006-09-28,32.27,32.33,31.22,31.84,7499400.0,0.0,1.0,32.27,32.33,31.22,31.84,7499400.0
AMZN,2006-09-29,32.01,32.34,31.54,32.12,5227200.0,0.0,1.0,32.01,32.34,31.54,32.12,5227200.0
AMZN,2006-10-02,31.98,32.03,30.83,30.87,6815000.0,0.0,1.0,31.98,32.03,30.83,30.87,6815000.0
AMZN,2006-10-03,30.9,32.0,30.58,31.86,8034000.0,0.0,1.0,30.9,32.0,30.58,31.86,8034000.0
AMZN,2006-10-04,31.75,32.83,31.3,32.76,7064800.0,0.0,1.0,31.75,32.83,31.3,32.76,7064800.0
AMZN,2006-10-05,32.68,33.4,32.4,33.32,8455900.0,0.0,1.0,32.68,33.4,32.4,33.32,8455900.0
AMZN,2006-10-06,33.15,33.218,32.5,32.59,4219200.0,0.0,1.0,33.15,33.218,32.5,32.59,4219200.0
AMZN,2006-10-09,32.49,33.48,32.451,33.38,5289200.0,0.0,1.0,32.49,33.48,32.451,33.38,5289200.0
AMZN,2006-10-10,33.27,33.58,32.49,32.62,6333400.0,0.0,1.0,33.27,33.58,32.49,32.62,6333400.0
AMZN,2006-10-11,32.61,33.15,32.27,32.91,6728500.0,0.0,1.0,32.61,33.15,32.27,32.91,6728500.0
AMZN,2006-10-12,33.1,33.71,32.63,33.55,5989700.0,0.0,1.0,33.1,33.71,32.63,33.55,5989700.0
AMZN,2006-10-13,33.35,33.58,33.08,33.32,4067300.0,0.0,1.0,33.35,33.58,33.08,33.32,4067300.0
AMZN,2006-10-16,32.85,33.2,32.55,32.6,6769400.0,0.0,1.0,32.85,33.2,32.55,32.6,6769400.0
AMZN,2006-10-17,32.2,32.61,31.75,32.47,6635700.0,0.0,1.0,32.2,32.61,31.75,32.47,6635700.0
AMZN,2006-10-18,32.57,32.78,32.0,32.31,5349300.0,0.0,1.0,32.57,32.78,32.0,32.31,5349300.0
AMZN,2006-10-19,32.17,32.84,32.1,32.54,4037600.0,0.0,1.0,32.17,32.84,32.1,32.54,4037600.0
AMZN,2006-10-20,32.69,32.69,32.21,32.57,5839400.0,0.0,1.0,32.69,32.69,32.21,32.57,5839400.0
AMZN,2006-10-23,32.47,32.91,32.14,32.88,8059300.0,0.0,1.0,32.47,32.91,32.14,32.88,8059300.0
AMZN,2006-10-24,32.87,38.0,32.86,33.63,23155300.0,0.0,1.0,32.87,38.0,32.86,33.63,23155300.0
AMZN,2006-10-25,37.3,37.98,36.04,37.68,46522500.0,0.0,1.0,37.3,37.98,36.04,37.68,46522500.0
AMZN,2006-10-26,37.25,38.49,37.18,38.3,17073300.0,0.0,1.0,37.25,38.49,37.18,38.3,17073300.0
AMZN,2006-10-27,38.15,38.38,37.664,38.24,9953400.0,0.0,1.0,38.15,38.38,37.664,38.24,9953400.0
AMZN,2006-10-30,38.05,38.34,37.68,38.15,6882400.0,0.0,1.0,38.05,38.34,37.68,38.15,6882400.0
AMZN,2006-10-31,38.22,38.59,37.8,38.09,6210400.0,0.0,1.0,38.22,38.59,37.8,38.09,6210400.0
AMZN,2006-11-01,38.125,38.2,37.46,37.56,6668900.0,0.0,1.0,38.125,38.2,37.46,37.56,6668900.0
AMZN,2006-11-02,37.33,37.77,37.11,37.45,5447300.0,0.0,1.0,37.33,37.77,37.11,37.45,5447300.0
AMZN,2006-11-03,37.61,37.71,36.87,37.46,5124100.0,0.0,1.0,37.61,37.71,36.87,37.46,5124100.0
AMZN,2006-11-06,37.64,38.35,37.53,38.21,4540900.0,0.0,1.0,37.64,38.35,37.53,38.21,4540900.0
AMZN,2006-11-07,38.2,39.0,38.04,38.77,7745100.0,0.0,1.0,38.2,39.0,38.04,38.77,7745100.0
AMZN,2006-11-08,38.58,39.48,38.46,39.47,8159900.0,0.0,1.0,38.58,39.48,38.46,39.47,8159900.0
AMZN,2006-11-09,39.5,39.77,38.81,38.84,5807100.0,0.0,1.0,39.5,39.77,38.81,38.84,5807100.0
AMZN,2006-11-10,38.79,39.362,38.76,39.26,4495100.0,0.0,1.0,38.79,39.362,38.76,39.26,4495100.0
AMZN,2006-11-13,39.23,40.001,39.13,39.99,6944300.0,0.0,1.0,39.23,40.001,39.13,39.99,6944300.0
AMZN,2006-11-14,40.11,41.67,39.62,41.51,10951300.0,0.0,1.0,40.11,41.67,39.62,41.51,10951300.0
AMZN,2006-11-15,41.5,43.1,41.5,42.6,13556700.0,0.0,1.0,41.5,43.1,41.5,42.6,13556700.0
AMZN,2006-11-16,42.445,42.95,42.4,42.84,11000800.0,0.0,1.0,42.445,42.95,42.4,42.84,11000800.0
AMZN,2006-11-17,42.55,42.67,42.22,42.55,6530200.0,0.0,1.0,42.55,42.67,42.22,42.55,6530200.0
AMZN,2006-11-20,42.35,42.55,41.94,42.44,5796400.0,0.0,1.0,42.35,42.55,41.94,42.44,5796400.0
AMZN,2006-11-21,42.55,43.25,42.12,42.54,6984400.0,0.0,1.0,42.55,43.25,42.12,42.54,6984400.0
AMZN,2006-11-22,42.5,42.98,42.18,42.96,4535600.0,0.0,1.0,42.5,42.98,42.18,42.96,4535600.0
AMZN,2006-11-24,42.56,42.94,42.31,42.41,2241300.0,0.0,1.0,42.56,42.94,42.31,42.41,2241300.0
AMZN,2006-11-27,42.18,42.8,40.72,40.85,8972800.0,0.0,1.0,42.18,42.8,40.72,40.85,8972800.0
AMZN,2006-11-28,40.75,41.07,40.3,40.92,7099300.0,0.0,1.0,40.75,41.07,40.3,40.92,7099300.0
AMZN,2006-11-29,40.48,41.1,40.0,40.63,7854600.0,0.0,1.0,40.48,41.1,40.0,40.63,7854600.0
AMZN,2006-11-30,40.42,40.64,39.85,40.34,6346300.0,0.0,1.0,40.42,40.64,39.85,40.34,6346300.0
AMZN,2006-12-01,40.26,40.54,39.09,39.41,8306100.0,0.0,1.0,40.26,40.54,39.09,39.41,8306100.0
AMZN,2006-12-04,39.31,39.48,38.87,39.1,9720700.0,0.0,1.0,39.31,39.48,38.87,39.1,9720700.0
AMZN,2006-12-05,39.13,39.3,38.72,38.98,5737700.0,0.0,1.0,39.13,39.3,38.72,38.98,5737700.0
AMZN,2006-12-06,38.77,39.58,38.64,38.9,5776900.0,0.0,1.0,38.77,39.58,38.64,38.9,5776900.0
AMZN,2006-12-07,38.93,39.09,38.05,38.12,6621500.0,0.0,1.0,38.93,39.09,38.05,38.12,6621500.0
AMZN,2006-12-08,37.92,38.95,37.7,38.46,5139700.0,0.0,1.0,37.92,38.95,37.7,38.46,5139700.0
AMZN,2006-12-11,38.22,39.15,38.08,38.69,4848600.0,0.0,1.0,38.22,39.15,38.08,38.69,4848600.0
AMZN,2006-12-12,38.44,38.94,38.15,38.46,5083200.0,0.0,1.0,38.44,38.94,38.15,38.46,5083200.0
AMZN,2006-12-13,38.61,39.19,38.19,38.5,4677800.0,0.0,1.0,38.61,39.19,38.19,38.5,4677800.0
AMZN,2006-12-14,38.74,39.54,38.6,39.02,6296100.0,0.0,1.0,38.74,39.54,38.6,39.02,6296100.0
AMZN,2006-12-15,39.38,40.19,39.23,40.01,8153500.0,0.0,1.0,39.38,40.19,39.23,40.01,8153500.0
AMZN,2006-12-18,40.2,40.64,38.86,39.26,6486700.0,0.0,1.0,40.2,40.64,38.86,39.26,6486700.0
AMZN,2006-12-19,38.78,39.72,38.23,39.42,7520000.0,0.0,1.0,38.78,39.72,38.23,39.42,7520000.0
AMZN,2006-12-20,39.43,40.3,39.39,40.01,7784300.0,0.0,1.0,39.43,40.3,39.39,40.01,7784300.0
AMZN,2006-12-21,39.87,40.34,39.65,39.89,6550200.0,0.0,1.0,39.87,40.34,39.65,39.89,6550200.0
AMZN,2006-12-22,39.98,40.51,39.91,40.24,5585100.0,0.0,1.0,39.98,40.51,39.91,40.24,5585100.0
AMZN,2006-12-26,40.13,40.13,39.42,39.8,4473600.0,0.0,1.0,40.13,40.13,39.42,39.8,4473600.0
AMZN,2006-12-27,39.86,40.47,39.8,40.29,3536500.0,0.0,1.0,39.86,40.47,39.8,40.29,3536500.0
AMZN,2006-12-28,40.38,40.63,39.92,40.21,4545500.0,0.0,1.0,40.38,40.63,39.92,40.21,4545500.0
AMZN,2006-12-29,40.06,40.25,39.3499,39.46,4197000.0,0.0,1.0,40.06,40.25,39.3499,39.46,4197000.0
AMZN,2007-01-03,38.68,39.06,38.05,38.7,12405100.0,0.0,1.0,38.68,39.06,38.05,38.7,12405100.0
AMZN,2007-01-04,38.59,39.14,38.26,38.9,6318400.0,0.0,1.0,38.59,39.14,38.26,38.9,6318400.0
AMZN,2007-01-05,38.72,38.79,37.6,38.37,6619700.0,0.0,1.0,38.72,38.79,37.6,38.37,6619700.0
AMZN,2007-01-08,38.22,38.31,37.17,37.5,6783000.0,0.0,1.0,38.22,38.31,37.17,37.5,6783000.0
AMZN,2007-01-09,37.6,38.06,37.34,37.78,5703000.0,0.0,1.0,37.6,38.06,37.34,37.78,5703000.0
AMZN,2007-01-10,37.49,37.7,37.07,37.15,6527500.0,0.0,1.0,37.49,37.7,37.07,37.15,6527500.0
AMZN,2007-01-11,37.17,38.0,37.17,37.4,6465600.0,0.0,1.0,37.17,38.0,37.17,37.4,6465600.0
AMZN,2007-01-12,37.36,38.21,37.27,38.2,4466400.0,0.0,1.0,37.36,38.21,37.27,38.2,4466400.0
AMZN,2007-01-16,38.4,38.89,37.97,38.66,5643700.0,0.0,1.0,38.4,38.89,37.97,38.66,5643700.0
AMZN,2007-01-17,38.7,39.0,37.78,37.88,5026800.0,0.0,1.0,38.7,39.0,37.78,37.88,5026800.0
AMZN,2007-01-18,37.5,37.65,36.72,36.98,9105000.0,0.0,1.0,37.5,37.65,36.72,36.98,9105000.0
AMZN,2007-01-19,36.69,37.48,36.6,37.02,6095900.0,0.0,1.0,36.69,37.48,36.6,37.02,6095900.0
AMZN,2007-01-22,37.65,37.9,36.8,36.95,8317000.0,0.0,1.0,37.65,37.9,36.8,36.95,8317000.0
AMZN,2007-01-23,36.9,37.07,36.3,36.43,5313600.0,0.0,1.0,36.9,37.07,36.3,36.43,5313600.0
AMZN,2007-01-24,36.51,37.36,36.5,37.26,5271700.0,0.0,1.0,36.51,37.36,36.5,37.26,5271700.0
AMZN,2007-01-25,38.08,38.23,36.78,37.08,6747600.0,0.0,1.0,38.08,38.23,36.78,37.08,6747600.0
AMZN,2007-01-26,37.26,37.26,36.3,36.85,4139300.0,0.0,1.0,37.26,37.26,36.3,36.85,4139300.0
AMZN,2007-01-29,36.7,37.45,36.54,37.43,7395000.0,0.0,1.0,36.7,37.45,36.54,37.43,7395000.0
AMZN,2007-01-30,37.29,37.42,36.63,37.05,4813500.0,0.0,1.0,37.29,37.42,36.63,37.05,4813500.0
AMZN,2007-01-31,36.95,38.19,36.76,37.67,7277500.0,0.0,1.0,36.95,38.19,36.76,37.67,7277500.0
AMZN,2007-02-01,37.95,39.3,37.85,38.7,26123100.0,0.0,1.0,37.95,39.3,37.85,38.7,26123100.0
AMZN,2007-02-02,37.23,37.74,36.68,37.39,25850700.0,0.0,1.0,37.23,37.74,36.68,37.39,25850700.0
AMZN,2007-02-05,37.25,37.42,36.77,37.16,6110900.0,0.0,1.0,37.25,37.42,36.77,37.16,6110900.0
AMZN,2007-02-06,37.2,38.41,37.0845,38.27,8612700.0,0.0,1.0,37.2,38.41,37.0845,38.27,8612700.0
AMZN,2007-02-07,38.49,39.52,38.4,38.98,10503200.0,0.0,1.0,38.49,39.52,38.4,38.98,10503200.0
AMZN,2007-02-08,38.95,39.51,38.67,39.1,5483600.0,0.0,1.0,38.95,39.51,38.67,39.1,5483600.0
AMZN,2007-02-09,39.19,39.31,38.66,38.72,5960100.0,0.0,1.0,39.19,39.31,38.66,38.72,5960100.0
AMZN,2007-02-12,38.79,38.99,38.36,38.85,3835700.0,0.0,1.0,38.79,38.99,38.36,38.85,3835700.0
AMZN,2007-02-13,38.85,39.61,38.85,39.31,4505500.0,0.0,1.0,38.85,39.61,38.85,39.31,4505500.0
AMZN,2007-02-14,39.23,40.28,39.14,40.14,6814100.0,0.0,1.0,39.23,40.28,39.14,40.14,6814100.0
AMZN,2007-02-15,40.14,40.32,39.86,40.06,5088200.0,0.0,1.0,40.14,40.32,39.86,40.06,5088200.0
AMZN,2007-02-16,39.9,40.44,39.87,40.33,4679000.0,0.0,1.0,39.9,40.44,39.87,40.33,4679000.0
AMZN,2007-02-20,40.13,41.74,40.0,41.51,8903400.0,0.0,1.0,40.13,41.74,40.0,41.51,8903400.0
AMZN,2007-02-21,41.19,41.32,40.92,41.26,4508400.0,0.0,1.0,41.19,41.32,40.92,41.26,4508400.0
AMZN,2007-02-22,41.4,42.0,40.89,41.0,4926100.0,0.0,1.0,41.4,42.0,40.89,41.0,4926100.0
AMZN,2007-02-23,41.0,41.2,40.74,40.78,5497400.0,0.0,1.0,41.0,41.2,40.74,40.78,5497400.0
AMZN,2007-02-26,40.86,41.2,40.4,40.8799,4035200.0,0.0,1.0,40.86,41.2,40.4,40.8799,4035200.0
AMZN,2007-02-27,40.19,40.54,38.78,38.83,8850700.0,0.0,1.0,40.19,40.54,38.78,38.83,8850700.0
AMZN,2007-02-28,38.91,39.58,38.08,39.14,7687400.0,0.0,1.0,38.91,39.58,38.08,39.14,7687400.0
AMZN,2007-03-01,39.32,39.32,38.05,38.85,9255800.0,0.0,1.0,39.32,39.32,38.05,38.85,9255800.0
AMZN,2007-03-02,38.32,38.87,37.69,37.69,7787800.0,0.0,1.0,38.32,38.87,37.69,37.69,7787800.0
AMZN,2007-03-05,37.15,38.32,37.04,37.05,9565600.0,0.0,1.0,37.15,38.32,37.04,37.05,9565600.0
AMZN,2007-03-06,37.69,38.66,37.41,38.58,12848200.0,0.0,1.0,37.69,38.66,37.41,38.58,12848200.0
AMZN,2007-03-07,38.68,39.32,38.28,38.36,8644600.0,0.0,1.0,38.68,39.32,38.28,38.36,8644600.0
AMZN,2007-03-08,38.77,39.22,37.98,38.1,7629300.0,0.0,1.0,38.77,39.22,37.98,38.1,7629300.0
AMZN,2007-03-09,38.48,38.89,38.0,38.84,6200100.0,0.0,1.0,38.48,38.89,38.0,38.84,6200100.0
AMZN,2007-03-12,38.64,39.05,38.38,38.81,4879000.0,0.0,1.0,38.64,39.05,38.38,38.81,4879000.0
AMZN,2007-03-13,38.3,38.88,37.69,37.82,5204100.0,0.0,1.0,38.3,38.88,37.69,37.82,5204100.0
AMZN,2007-03-14,37.76,38.22,37.26,38.08,8591100.0,0.0,1.0,37.76,38.22,37.26,38.08,8591100.0
AMZN,2007-03-15,38.1,38.29,37.55,37.78,7265700.0,0.0,1.0,38.1,38.29,37.55,37.78,7265700.0
AMZN,2007-03-16,37.72,38.08,37.52,37.85,6865500.0,0.0,1.0,37.72,38.08,37.52,37.85,6865500.0
AMZN,2007-03-19,38.0,38.54,38.0,38.45,4226600.0,0.0,1.0,38.0,38.54,38.0,38.45,4226600.0
AMZN,2007-03-20,38.53,38.69,38.23,38.58,3801300.0,0.0,1.0,38.53,38.69,38.23,38.58,3801300.0
AMZN,2007-03-21,38.55,39.8,38.31,39.8,4996400.0,0.0,1.0,38.55,39.8,38.31,39.8,4996400.0
AMZN,2007-03-22,39.48,39.72,38.91,39.49,5331500.0,0.0,1.0,39.48,39.72,38.91,39.49,5331500.0
AMZN,2007-03-23,39.56,39.6,38.98,38.98,2941500.0,0.0,1.0,39.56,39.6,38.98,38.98,2941500.0
AMZN,2007-03-26,38.98,39.05,38.43,39.01,3521100.0,0.0,1.0,38.98,39.05,38.43,39.01,3521100.0
AMZN,2007-03-27,38.82,39.42,38.76,39.37,3993600.0,0.0,1.0,38.82,39.42,38.76,39.37,3993600.0
AMZN,2007-03-28,39.09,39.51,38.74,39.34,6202200.0,0.0,1.0,39.09,39.51,38.74,39.34,6202200.0
AMZN,2007-03-29,39.65,39.92,39.3,39.81,6405200.0,0.0,1.0,39.65,39.92,39.3,39.81,6405200.0
AMZN,2007-03-30,39.75,40.24,39.42,39.79,5996900.0,0.0,1.0,39.75,40.24,39.42,39.79,5996900.0
AMZN,2007-04-02,39.85,40.47,39.55,40.42,7091300.0,0.0,1.0,39.85,40.47,39.55,40.42,7091300.0
AMZN,2007-04-03,40.42,41.38,40.4,41.19,5968200.0,0.0,1.0,40.42,41.38,40.4,41.19,5968200.0
AMZN,2007-04-04,41.22,41.55,40.92,41.53,4064700.0,0.0,1.0,41.22,41.55,40.92,41.53,4064700.0
AMZN,2007-04-05,41.57,41.76,41.44,41.68,3288400.0,0.0,1.0,41.57,41.76,41.44,41.68,3288400.0
AMZN,2007-04-09,41.72,42.14,41.61,41.66,4182700.0,0.0,1.0,41.72,42.14,41.61,41.66,4182700.0
AMZN,2007-04-10,41.57,41.96,41.46,41.86,3421800.0,0.0,1.0,41.57,41.96,41.46,41.86,3421800.0
AMZN,2007-04-11,41.73,41.87,41.24,41.68,5078400.0,0.0,1.0,41.73,41.87,41.24,41.68,5078400.0
AMZN,2007-04-12,41.73,42.37,41.4,42.27,4754500.0,0.0,1.0,41.73,42.37,41.4,42.27,4754500.0
AMZN,2007-04-13,42.19,42.5,41.93,42.41,3610000.0,0.0,1.0,42.19,42.5,41.93,42.41,3610000.0
AMZN,2007-04-16,43.77,45.3,43.67,45.2,13444000.0,0.0,1.0,43.77,45.3,43.67,45.2,13444000.0
AMZN,2007-04-17,45.28,45.32,44.75,45.07,7398900.0,0.0,1.0,45.28,45.32,44.75,45.07,7398900.0
AMZN,2007-04-18,44.8,45.15,44.63,44.99,4996400.0,0.0,1.0,44.8,45.15,44.63,44.99,4996400.0
AMZN,2007-04-19,44.61,45.15,44.41,44.64,4809700.0,0.0,1.0,44.61,45.15,44.41,44.64,4809700.0
AMZN,2007-04-20,45.09,45.17,44.52,44.95,5980500.0,0.0,1.0,45.09,45.17,44.52,44.95,5980500.0
AMZN,2007-04-23,44.27,44.81,44.16,44.77,7088600.0,0.0,1.0,44.27,44.81,44.16,44.77,7088600.0
AMZN,2007-04-24,44.75,45.0,44.43,44.75,19887600.0,0.0,1.0,44.75,45.0,44.43,44.75,19887600.0
AMZN,2007-04-25,53.12,57.18,52.95,56.81,104329200.0,0.0,1.0,53.12,57.18,52.95,56.81,104329200.0
AMZN,2007-04-26,56.5,63.04,56.07,62.781,62179500.0,0.0,1.0,56.5,63.04,56.07,62.781,62179500.0
AMZN,2007-04-27,61.24,63.84,60.62,62.601,50733400.0,0.0,1.0,61.24,63.84,60.62,62.601,50733400.0
AMZN,2007-04-30,61.91,62.44,61.18,61.33,23979200.0,0.0,1.0,61.91,62.44,61.18,61.33,23979200.0
AMZN,2007-05-01,61.12,62.04,60.28,61.185,18519000.0,0.0,1.0,61.12,62.04,60.28,61.185,18519000.0
AMZN,2007-05-02,61.68,62.25,60.9,61.18,14427200.0,0.0,1.0,61.68,62.25,60.9,61.18,14427200.0
AMZN,2007-05-03,61.08,62.54,60.76,62.19,13482000.0,0.0,1.0,61.08,62.54,60.76,62.19,13482000.0
AMZN,2007-05-04,62.39,63.75,62.35,63.23,14299300.0,0.0,1.0,62.39,63.75,62.35,63.23,14299300.0
AMZN,2007-05-07,62.43,63.23,60.71,60.82,14808300.0,0.0,1.0,62.43,63.23,60.71,60.82,14808300.0
AMZN,2007-05-08,60.54,61.84,59.7,61.83,13551100.0,0.0,1.0,60.54,61.84,59.7,61.83,13551100.0
AMZN,2007-05-09,62.0,62.95,61.3,62.85,8874900.0,0.0,1.0,62.0,62.95,61.3,62.85,8874900.0
AMZN,2007-05-10,62.44,62.65,60.85,60.92,10052000.0,0.0,1.0,62.44,62.65,60.85,60.92,10052000.0
AMZN,2007-05-11,60.96,61.6,60.56,61.56,7919100.0,0.0,1.0,60.96,61.6,60.56,61.56,7919100.0
AMZN,2007-05-14,61.68,61.74,60.6,61.7,7760400.0,0.0,1.0,61.68,61.74,60.6,61.7,7760400.0
AMZN,2007-05-15,61.4,61.97,60.52,60.58,8702100.0,0.0,1.0,61.4,61.97,60.52,60.58,8702100.0
AMZN,2007-05-16,61.02,63.34,60.1,63.22,14485400.0,0.0,1.0,61.02,63.34,60.1,63.22,14485400.0
AMZN,2007-05-17,62.88,63.52,62.02,62.17,11870900.0,0.0,1.0,62.88,63.52,62.02,62.17,11870900.0
AMZN,2007-05-18,62.48,63.3,62.28,63.3,9799200.0,0.0,1.0,62.48,63.3,62.28,63.3,9799200.0
AMZN,2007-05-21,63.58,68.68,63.3,68.3,36468800.0,0.0,1.0,63.58,68.68,63.3,68.3,36468800.0
AMZN,2007-05-22,68.48,69.07,67.21,68.88,17211300.0,0.0,1.0,68.48,69.07,67.21,68.88,17211300.0
AMZN,2007-05-23,69.21,73.31,68.79,69.0,42582500.0,0.0,1.0,69.21,73.31,68.79,69.0,42582500.0
AMZN,2007-05-24,69.04,70.42,67.71,69.35,23824600.0,0.0,1.0,69.04,70.42,67.71,69.35,23824600.0
AMZN,2007-05-25,69.69,69.7,68.25,68.55,9987200.0,0.0,1.0,69.69,69.7,68.25,68.55,9987200.0
AMZN,2007-05-29,68.43,69.78,67.72,69.63,11730800.0,0.0,1.0,68.43,69.78,67.72,69.63,11730800.0
AMZN,2007-05-30,69.06,70.08,68.861,69.86,10576100.0,0.0,1.0,69.06,70.08,68.861,69.86,10576100.0
AMZN,2007-05-31,70.68,70.74,68.57,69.14,9310200.0,0.0,1.0,70.68,70.74,68.57,69.14,9310200.0
AMZN,2007-06-01,68.9,69.3,68.35,68.58,7014500.0,0.0,1.0,68.9,69.3,68.35,68.58,7014500.0
AMZN,2007-06-04,68.25,70.65,67.65,70.42,11380500.0,0.0,1.0,68.25,70.65,67.65,70.42,11380500.0
AMZN,2007-06-05,71.1,74.24,70.86,73.65,30442500.0,0.0,1.0,71.1,74.24,70.86,73.65,30442500.0
AMZN,2007-06-06,73.14,73.75,71.86,72.29,15591000.0,0.0,1.0,73.14,73.75,71.86,72.29,15591000.0
AMZN,2007-06-07,72.57,74.72,70.88,72.0399,24138200.0,0.0,1.0,72.57,74.72,70.88,72.0399,24138200.0
AMZN,2007-06-08,72.47,73.24,71.05,73.24,10204500.0,0.0,1.0,72.47,73.24,71.05,73.24,10204500.0
AMZN,2007-06-11,73.0,73.05,71.0,71.17,11159100.0,0.0,1.0,73.0,73.05,71.0,71.17,11159100.0
AMZN,2007-06-12,70.44,70.76,69.42,70.07,11829500.0,0.0,1.0,70.44,70.76,69.42,70.07,11829500.0
AMZN,2007-06-13,70.9,71.89,69.25,70.888,11917900.0,0.0,1.0,70.9,71.89,69.25,70.888,11917900.0
AMZN,2007-06-14,70.9,72.12,70.8,71.94,8245300.0,0.0,1.0,70.9,72.12,70.8,71.94,8245300.0
AMZN,2007-06-15,72.85,72.87,71.19,72.4,9833200.0,0.0,1.0,72.85,72.87,71.19,72.4,9833200.0
AMZN,2007-06-18,72.34,72.64,71.4,71.83,7813600.0,0.0,1.0,72.34,72.64,71.4,71.83,7813600.0
AMZN,2007-06-19,71.55,71.66,69.68,69.81,11871000.0,0.0,1.0,71.55,71.66,69.68,69.81,11871000.0
AMZN,2007-06-20,70.25,70.5,69.05,69.1,9172600.0,0.0,1.0,70.25,70.5,69.05,69.1,9172600.0
AMZN,2007-06-21,69.16,69.77,68.66,69.67,7609700.0,0.0,1.0,69.16,69.77,68.66,69.67,7609700.0
AMZN,2007-06-22,69.55,69.88,68.42,68.86,8382600.0,0.0,1.0,69.55,69.88,68.42,68.86,8382600.0
AMZN,2007-06-25,69.35,69.63,68.3,68.66,7593500.0,0.0,1.0,69.35,69.63,68.3,68.66,7593500.0
AMZN,2007-06-26,68.53,68.63,67.38,67.48,11247800.0,0.0,1.0,68.53,68.63,67.38,67.48,11247800.0
AMZN,2007-06-27,66.96,68.21,66.71,68.14,8242900.0,0.0,1.0,66.96,68.21,66.71,68.14,8242900.0
AMZN,2007-06-28,68.46,70.23,68.15,68.89,9782200.0,0.0,1.0,68.46,70.23,68.15,68.89,9782200.0
AMZN,2007-06-29,69.03,69.19,68.15,68.41,5316600.0,0.0,1.0,69.03,69.19,68.15,68.41,5316600.0
AMZN,2007-07-02,68.81,69.71,68.2,69.61,4906100.0,0.0,1.0,68.81,69.71,68.2,69.61,4906100.0
AMZN,2007-07-03,70.04,70.05,69.02,69.45,2223500.0,0.0,1.0,70.04,70.05,69.02,69.45,2223500.0
AMZN,2007-07-05,69.36,69.65,68.06,68.73,4487900.0,0.0,1.0,69.36,69.65,68.06,68.73,4487900.0
AMZN,2007-07-06,68.75,69.3,68.01,68.97,4615300.0,0.0,1.0,68.75,69.3,68.01,68.97,4615300.0
AMZN,2007-07-09,69.38,72.35,69.02,72.0699,14816900.0,0.0,1.0,69.38,72.35,69.02,72.0699,14816900.0
AMZN,2007-07-10,71.65,71.94,70.07,70.28,8885400.0,0.0,1.0,71.65,71.94,70.07,70.28,8885400.0
AMZN,2007-07-11,70.58,71.65,70.15,70.73,6593600.0,0.0,1.0,70.58,71.65,70.15,70.73,6593600.0
AMZN,2007-07-12,71.31,73.57,70.73,72.79,11451600.0,0.0,1.0,71.31,73.57,70.73,72.79,11451600.0
AMZN,2007-07-13,73.08,75.35,72.97,75.1,12502000.0,0.0,1.0,73.08,75.35,72.97,75.1,12502000.0
AMZN,2007-07-16,74.73,74.84,73.0,73.69,8334900.0,0.0,1.0,74.73,74.84,73.0,73.69,8334900.0
AMZN,2007-07-17,74.39,74.52,73.59,73.79,6084400.0,0.0,1.0,74.39,74.52,73.59,73.79,6084400.0
AMZN,2007-07-18,73.27,73.49,72.25,73.32,6289700.0,0.0,1.0,73.27,73.49,72.25,73.32,6289700.0
AMZN,2007-07-19,74.24,74.32,73.12,73.35,5273500.0,0.0,1.0,74.24,74.32,73.12,73.35,5273500.0
AMZN,2007-07-20,72.62,72.96,70.5,71.63,9130700.0,0.0,1.0,72.62,72.96,70.5,71.63,9130700.0
AMZN,2007-07-23,71.78,72.67,70.85,71.74,9267800.0,0.0,1.0,71.78,72.67,70.85,71.74,9267800.0
AMZN,2007-07-24,71.04,72.16,68.85,69.25,25342300.0,0.0,1.0,71.04,72.16,68.85,69.25,25342300.0
AMZN,2007-07-25,84.65,88.8,83.65,86.1799,60452400.0,0.0,1.0,84.65,88.8,83.65,86.1799,60452400.0
AMZN,2007-07-26,85.02,89.0,83.43,84.01,23267100.0,0.0,1.0,85.02,89.0,83.43,84.01,23267100.0
AMZN,2007-07-27,84.27,85.33,82.48,84.0399,13942600.0,0.0,1.0,84.27,85.33,82.48,84.0399,13942600.0
AMZN,2007-07-30,83.0,84.05,81.51,82.7,12855600.0,0.0,1.0,83.0,84.05,81.51,82.7,12855600.0
AMZN,2007-07-31,83.7,83.73,78.0,78.54,14104500.0,0.0,1.0,83.7,83.73,78.0,78.54,14104500.0
AMZN,2007-08-01,78.1,78.15,75.06,77.31,16918000.0,0.0,1.0,78.1,78.15,75.06,77.31,16918000.0
AMZN,2007-08-02,77.86,79.76,76.12,79.71,10361600.0,0.0,1.0,77.86,79.76,76.12,79.71,10361600.0
AMZN,2007-08-03,79.54,80.75,76.71,76.7999,7987500.0,0.0,1.0,79.54,80.75,76.71,76.7999,7987500.0
AMZN,2007-08-06,77.06,79.0,76.6,79.0,9002900.0,0.0,1.0,77.06,79.0,76.6,79.0,9002900.0
AMZN,2007-08-07,78.55,80.0,77.89,79.14,8059300.0,0.0,1.0,78.55,80.0,77.89,79.14,8059300.0
AMZN,2007-08-08,79.77,79.88,76.56,77.78,8244800.0,0.0,1.0,79.77,79.88,76.56,77.78,8244800.0
AMZN,2007-08-09,76.4,77.26,74.11,74.11,8348400.0,0.0,1.0,76.4,77.26,74.11,74.11,8348400.0
AMZN,2007-08-10,73.15,76.5,72.37,74.7801,9067600.0,0.0,1.0,73.15,76.5,72.37,74.7801,9067600.0
AMZN,2007-08-13,76.09,76.32,74.7,74.87,6068600.0,0.0,1.0,76.09,76.32,74.7,74.87,6068600.0
AMZN,2007-08-14,74.79,74.79,72.92,73.45,5946200.0,0.0,1.0,74.79,74.79,72.92,73.45,5946200.0
AMZN,2007-08-15,72.97,75.15,72.26,72.38,6375900.0,0.0,1.0,72.97,75.15,72.26,72.38,6375900.0
AMZN,2007-08-16,72.0,73.24,70.05,72.79,10787300.0,0.0,1.0,72.0,73.24,70.05,72.79,10787300.0
AMZN,2007-08-17,74.49,75.04,73.11,75.02,7240600.0,0.0,1.0,74.49,75.04,73.11,75.02,7240600.0
AMZN,2007-08-20,74.98,75.28,73.8001,74.7,5916100.0,0.0,1.0,74.98,75.28,73.8001,74.7,5916100.0
AMZN,2007-08-21,74.21,77.83,74.09,77.49,8429100.0,0.0,1.0,74.21,77.83,74.09,77.49,8429100.0
AMZN,2007-08-22,78.24,79.49,77.84,78.5,6848100.0,0.0,1.0,78.24,79.49,77.84,78.5,6848100.0
AMZN,2007-08-23,78.94,79.0,76.51,77.3,5665000.0,0.0,1.0,78.94,79.0,76.51,77.3,5665000.0
AMZN,2007-08-24,76.8,79.4,76.69,79.25,5665700.0,0.0,1.0,76.8,79.4,76.69,79.25,5665700.0
AMZN,2007-08-27,80.56,80.8,78.42,78.65,6951300.0,0.0,1.0,80.56,80.8,78.42,78.65,6951300.0
AMZN,2007-08-28,77.86,78.65,76.08,76.22,5767000.0,0.0,1.0,77.86,78.65,76.08,76.22,5767000.0
AMZN,2007-08-29,76.96,79.05,76.86,79.05,5076800.0,0.0,1.0,76.96,79.05,76.86,79.05,5076800.0
AMZN,2007-08-30,78.4,80.11,78.3,78.68,4628800.0,0.0,1.0,78.4,80.11,78.3,78.68,4628800.0
AMZN,2007-08-31,80.0,80.53,79.7,79.91,6157400.0,0.0,1.0,80.0,80.53,79.7,79.91,6157400.0
AMZN,2007-09-04,79.9,83.53,79.73,82.7,8266000.0,0.0,1.0,79.9,83.53,79.73,82.7,8266000.0
AMZN,2007-09-05,82.24,84.89,82.22,83.75,9062200.0,0.0,1.0,82.24,84.89,82.22,83.75,9062200.0
AMZN,2007-09-06,84.5,86.46,82.85,86.21,8826900.0,0.0,1.0,84.5,86.46,82.85,86.21,8826900.0
AMZN,2007-09-07,84.7,84.97,83.21,84.52,8231200.0,0.0,1.0,84.7,84.97,83.21,84.52,8231200.0
AMZN,2007-09-10,84.93,85.16,82.51,83.34,5366900.0,0.0,1.0,84.93,85.16,82.51,83.34,5366900.0
AMZN,2007-09-11,84.17,86.61,83.53,86.28,6859800.0,0.0,1.0,84.17,86.61,83.53,86.28,6859800.0
AMZN,2007-09-12,86.07,88.89,85.97,87.3,9030300.0,0.0,1.0,86.07,88.89,85.97,87.3,9030300.0
AMZN,2007-09-13,87.95,88.07,86.5,87.26,5983500.0,0.0,1.0,87.95,88.07,86.5,87.26,5983500.0
AMZN,2007-09-14,86.41,88.09,86.31,87.77,3954700.0,0.0,1.0,86.41,88.09,86.31,87.77,3954700.0
AMZN,2007-09-17,86.98,87.34,85.98,86.91,4484500.0,0.0,1.0,86.98,87.34,85.98,86.91,4484500.0
AMZN,2007-09-18,87.38,91.6,86.71,88.75,8924400.0,0.0,1.0,87.38,91.6,86.71,88.75,8924400.0
AMZN,2007-09-19,89.52,89.82,88.26,89.0,6458700.0,0.0,1.0,89.52,89.82,88.26,89.0,6458700.0
AMZN,2007-09-20,88.9,90.416,88.82,89.65,5780800.0,0.0,1.0,88.9,90.416,88.82,89.65,5780800.0
AMZN,2007-09-21,90.29,91.9,89.65,91.3,6524500.0,0.0,1.0,90.29,91.9,89.65,91.3,6524500.0
AMZN,2007-09-24,91.29,93.75,90.81,92.59,5321800.0,0.0,1.0,91.29,93.75,90.81,92.59,5321800.0
AMZN,2007-09-25,91.99,93.5,90.95,93.4799,5800300.0,0.0,1.0,91.99,93.5,90.95,93.4799,5800300.0
AMZN,2007-09-26,94.04,94.26,92.29,93.43,5770300.0,0.0,1.0,94.04,94.26,92.29,93.43,5770300.0
AMZN,2007-09-27,94.07,94.11,93.1051,93.38,2812700.0,0.0,1.0,94.07,94.11,93.1051,93.38,2812700.0
AMZN,2007-09-28,92.77,93.6,91.7,93.15,4813700.0,0.0,1.0,92.77,93.6,91.7,93.15,4813700.0
AMZN,2007-10-01,93.42,94.1,92.83,93.41,5397400.0,0.0,1.0,93.42,94.1,92.83,93.41,5397400.0
AMZN,2007-10-02,93.865,93.9,91.4,92.36,4867200.0,0.0,1.0,93.865,93.9,91.4,92.36,4867200.0
AMZN,2007-10-03,92.19,92.8,91.78,92.455,5052200.0,0.0,1.0,92.19,92.8,91.78,92.455,5052200.0
AMZN,2007-10-04,92.55,92.57,91.45,92.26,3318300.0,0.0,1.0,92.55,92.57,91.45,92.26,3318300.0
AMZN,2007-10-05,93.55,93.71,92.34,93.43,5523500.0,0.0,1.0,93.55,93.71,92.34,93.43,5523500.0
AMZN,2007-10-08,94.22,95.85,94.0,95.85,7428400.0,0.0,1.0,94.22,95.85,94.0,95.85,7428400.0
AMZN,2007-10-09,96.59,96.73,94.75,95.3237,7144600.0,0.0,1.0,96.59,96.73,94.75,95.3237,7144600.0
AMZN,2007-10-10,95.5,95.7483,94.37,94.66,5567800.0,0.0,1.0,95.5,95.7483,94.37,94.66,5567800.0
AMZN,2007-10-11,95.33,95.74,88.13,89.34,9822400.0,0.0,1.0,95.33,95.74,88.13,89.34,9822400.0
AMZN,2007-10-12,89.42,92.39,88.9187,92.37,8359900.0,0.0,1.0,89.42,92.39,88.9187,92.37,8359900.0
AMZN,2007-10-15,91.8,92.12,90.1,90.53,5608800.0,0.0,1.0,91.8,92.12,90.1,90.53,5608800.0
AMZN,2007-10-16,88.69,90.05,88.5,89.53,8511500.0,0.0,1.0,88.69,90.05,88.5,89.53,8511500.0
AMZN,2007-10-17,91.9,91.9,89.06,90.55,7678700.0,0.0,1.0,91.9,91.9,89.06,90.55,7678700.0
AMZN,2007-10-18,89.37,90.43,89.15,89.85,5329500.0,0.0,1.0,89.37,90.43,89.15,89.85,5329500.0
AMZN,2007-10-19,89.93,90.65,89.32,89.76,9126200.0,0.0,1.0,89.93,90.65,89.32,89.76,9126200.0
AMZN,2007-10-22,89.25,91.69,89.02,91.29,9868400.0,0.0,1.0,89.25,91.69,89.02,91.29,9868400.0
AMZN,2007-10-23,95.28,101.09,94.21,100.82,41761800.0,0.0,1.0,95.28,101.09,94.21,100.82,41761800.0
AMZN,2007-10-24,90.87,90.88,83.27,88.73,41617400.0,0.0,1.0,90.87,90.88,83.27,88.73,41617400.0
AMZN,2007-10-25,88.23,89.5,86.32,88.21,11630900.0,0.0,1.0,88.23,89.5,86.32,88.21,11630900.0
AMZN,2007-10-26,89.0,90.88,87.7,90.0,8826200.0,0.0,1.0,89.0,90.88,87.7,90.0,8826200.0
AMZN,2007-10-29,90.41,91.47,89.48,90.1,7097200.0,0.0,1.0,90.41,91.47,89.48,90.1,7097200.0
AMZN,2007-10-30,89.67,90.65,88.05,88.24,5405400.0,0.0,1.0,89.67,90.65,88.05,88.24,5405400.0
AMZN,2007-10-31,88.05,89.6,87.0,89.15,7044800.0,0.0,1.0,88.05,89.6,87.0,89.15,7044800.0
AMZN,2007-11-01,87.75,89.58,86.5,87.65,8265700.0,0.0,1.0,87.75,89.58,86.5,87.65,8265700.0
AMZN,2007-11-02,88.0,88.12,83.5,85.98,10230500.0,0.0,1.0,88.0,88.12,83.5,85.98,10230500.0
AMZN,2007-11-05,84.83,86.02,82.76,84.37,7453100.0,0.0,1.0,84.83,86.02,82.76,84.37,7453100.0
AMZN,2007-11-06,84.6,87.5,84.37,87.27,7934000.0,0.0,1.0,84.6,87.5,84.37,87.27,7934000.0
AMZN,2007-11-07,86.41,89.16,86.16,87.0438,8397800.0,0.0,1.0,86.41,89.16,86.16,87.0438,8397800.0
AMZN,2007-11-08,86.8,86.96,81.4,83.58,11803200.0,0.0,1.0,86.8,86.96,81.4,83.58,11803200.0
AMZN,2007-11-09,82.42,82.42,78.84,78.89,11620200.0,0.0,1.0,82.42,82.42,78.84,78.89,11620200.0
AMZN,2007-11-12,78.26,80.09,76.5,77.0,9396900.0,0.0,1.0,78.26,80.09,76.5,77.0,9396900.0
AMZN,2007-11-13,77.91,80.05,77.8,79.86,9496300.0,0.0,1.0,77.91,80.05,77.8,79.86,9496300.0
AMZN,2007-11-14,80.4,81.15,78.15,78.51,8427400.0,0.0,1.0,80.4,81.15,78.15,78.51,8427400.0
AMZN,2007-11-15,79.43,79.73,76.7,77.85,7831500.0,0.0,1.0,79.43,79.73,76.7,77.85,7831500.0
AMZN,2007-11-16,77.01,78.99,76.63,78.6,7114100.0,0.0,1.0,77.01,78.99,76.63,78.6,7114100.0
AMZN,2007-11-19,78.83,79.75,77.94,79.18,8649800.0,0.0,1.0,78.83,79.75,77.94,79.18,8649800.0
AMZN,2007-11-20,79.86,82.0,78.31,80.39,11610000.0,0.0,1.0,79.86,82.0,78.31,80.39,11610000.0
AMZN,2007-11-21,79.24,80.86,78.65,79.76,6678300.0,0.0,1.0,79.24,80.86,78.65,79.76,6678300.0
AMZN,2007-11-23,80.11,81.45,78.98,81.43,2780900.0,0.0,1.0,80.11,81.45,78.98,81.43,2780900.0
AMZN,2007-11-26,82.3,84.49,81.14,81.3035,8610500.0,0.0,1.0,82.3,84.49,81.14,81.3035,8610500.0
AMZN,2007-11-27,82.92,85.65,82.21,85.59,8634200.0,0.0,1.0,82.92,85.65,82.21,85.59,8634200.0
AMZN,2007-11-28,87.55,90.57,86.75,90.3,11403400.0,0.0,1.0,87.55,90.57,86.75,90.3,11403400.0
AMZN,2007-11-29,89.89,91.47,88.68,89.15,6977100.0,0.0,1.0,89.89,91.47,88.68,89.15,6977100.0
AMZN,2007-11-30,90.56,91.08,88.3148,90.56,6881600.0,0.0,1.0,90.56,91.08,88.3148,90.56,6881600.0
AMZN,2007-12-03,90.03,92.25,89.77,90.91,6000500.0,0.0,1.0,90.03,92.25,89.77,90.91,6000500.0
AMZN,2007-12-04,90.04,94.56,90.04,94.41,7337900.0,0.0,1.0,90.04,94.56,90.04,94.41,7337900.0
AMZN,2007-12-05,94.99,94.99,91.98,93.19,6608600.0,0.0,1.0,94.99,94.99,91.98,93.19,6608600.0
AMZN,2007-12-06,93.28,95.0,92.83,94.21,5472700.0,0.0,1.0,93.28,95.0,92.83,94.21,5472700.0
AMZN,2007-12-07,94.56,94.68,92.91,94.31,3934800.0,0.0,1.0,94.56,94.68,92.91,94.31,3934800.0
AMZN,2007-12-10,94.31,94.35,92.3,93.02,5180600.0,0.0,1.0,94.31,94.35,92.3,93.02,5180600.0
AMZN,2007-12-11,93.1,95.94,90.75,90.75,10269600.0,0.0,1.0,93.1,95.94,90.75,90.75,10269600.0
AMZN,2007-12-12,92.84,93.75,89.32,91.28,7228100.0,0.0,1.0,92.84,93.75,89.32,91.28,7228100.0
AMZN,2007-12-13,91.05,93.0,90.63,92.4,6046300.0,0.0,1.0,91.05,93.0,90.63,92.4,6046300.0
AMZN,2007-12-14,90.77,91.24,88.93,89.08,6002300.0,0.0,1.0,90.77,91.24,88.93,89.08,6002300.0
AMZN,2007-12-17,89.01,89.06,84.99,85.09,7697700.0,0.0,1.0,89.01,89.06,84.99,85.09,7697700.0
AMZN,2007-12-18,85.83,87.46,83.86,86.89,7266100.0,0.0,1.0,85.83,87.46,83.86,86.89,7266100.0
AMZN,2007-12-19,86.94,89.95,86.83,89.38,7616200.0,0.0,1.0,86.94,89.95,86.83,89.38,7616200.0
AMZN,2007-12-20,90.14,90.75,89.09,90.58,5879800.0,0.0,1.0,90.14,90.75,89.09,90.58,5879800.0
AMZN,2007-12-21,91.38,92.28,90.39,91.26,6604900.0,0.0,1.0,91.38,92.28,90.39,91.26,6604900.0
AMZN,2007-12-24,91.05,91.56,90.3,91.01,2017100.0,0.0,1.0,91.05,91.56,90.3,91.01,2017100.0
AMZN,2007-12-26,91.48,93.94,90.5,92.85,5442200.0,0.0,1.0,91.48,93.94,90.5,92.85,5442200.0
AMZN,2007-12-27,92.67,95.29,92.5,94.25,7113700.0,0.0,1.0,92.67,95.29,92.5,94.25,7113700.0
AMZN,2007-12-28,95.27,95.9,92.1,94.45,7587900.0,0.0,1.0,95.27,95.9,92.1,94.45,7587900.0
AMZN,2007-12-31,93.81,94.37,92.45,92.64,5755200.0,0.0,1.0,93.81,94.37,92.45,92.64,5755200.0
AMZN,2008-01-02,95.35,97.43,94.7,96.25,13858700.0,0.0,1.0,95.35,97.43,94.7,96.25,13858700.0
AMZN,2008-01-03,96.06,97.25,94.52,95.21,9122500.0,0.0,1.0,96.06,97.25,94.52,95.21,9122500.0
AMZN,2008-01-04,93.26,93.4,88.5,88.79,10270000.0,0.0,1.0,93.26,93.4,88.5,88.79,10270000.0
AMZN,2008-01-07,88.62,90.57,85.47,88.82,9981600.0,0.0,1.0,88.62,90.57,85.47,88.82,9981600.0
AMZN,2008-01-08,87.55,91.83,86.93,87.88,12283300.0,0.0,1.0,87.55,91.83,86.93,87.88,12283300.0
AMZN,2008-01-09,87.56,87.8,80.24,85.22,16410900.0,0.0,1.0,87.56,87.8,80.24,85.22,16410900.0
AMZN,2008-01-10,83.98,85.97,82.97,84.26,11609900.0,0.0,1.0,83.98,85.97,82.97,84.26,11609900.0
AMZN,2008-01-11,84.03,84.03,80.29,81.08,10624300.0,0.0,1.0,84.03,84.03,80.29,81.08,10624300.0
AMZN,2008-01-14,82.18,83.32,78.87,82.87,9056100.0,0.0,1.0,82.18,83.32,78.87,82.87,9056100.0
AMZN,2008-01-15,80.485,81.01,78.51,80.24,9655900.0,0.0,1.0,80.485,81.01,78.51,80.24,9655900.0
AMZN,2008-01-16,79.58,82.36,78.44,80.35,12407000.0,0.0,1.0,79.58,82.36,78.44,80.35,12407000.0
AMZN,2008-01-17,80.16,82.25,79.54,80.12,9900900.0,0.0,1.0,80.16,82.25,79.54,80.12,9900900.0
AMZN,2008-01-18,79.93,82.31,78.04,79.76,13364300.0,0.0,1.0,79.93,82.31,78.04,79.76,13364300.0
AMZN,2008-01-22,73.58,79.72,72.22,78.48,12822200.0,0.0,1.0,73.58,79.72,72.22,78.48,12822200.0
AMZN,2008-01-23,75.6,76.8,69.95,73.97,20405700.0,0.0,1.0,75.6,76.8,69.95,73.97,20405700.0
AMZN,2008-01-24,74.53,77.88,74.19,77.67,9886600.0,0.0,1.0,74.53,77.88,74.19,77.67,9886600.0
AMZN,2008-01-25,78.69,81.43,76.33,77.6,10027600.0,0.0,1.0,78.69,81.43,76.33,77.6,10027600.0
AMZN,2008-01-28,76.91,77.4,74.34,75.82,8505300.0,0.0,1.0,76.91,77.4,74.34,75.82,8505300.0
AMZN,2008-01-29,75.77,75.9,72.06,73.95,9958000.0,0.0,1.0,75.77,75.9,72.06,73.95,9958000.0
AMZN,2008-01-30,73.54,77.42,73.25,74.21,25298700.0,0.0,1.0,73.54,77.42,73.25,74.21,25298700.0
AMZN,2008-01-31,68.91,78.87,68.84,77.7,42885900.0,0.0,1.0,68.91,78.87,68.84,77.7,42885900.0
AMZN,2008-02-01,79.02,79.4,73.37,74.63,16361000.0,0.0,1.0,79.02,79.4,73.37,74.63,16361000.0
AMZN,2008-02-04,74.5,76.66,73.9,73.95,9155200.0,0.0,1.0,74.5,76.66,73.9,73.95,9155200.0
AMZN,2008-02-05,72.8,74.21,72.0,72.09,9633900.0,0.0,1.0,72.8,74.21,72.0,72.09,9633900.0
AMZN,2008-02-06,72.3,72.4299,68.17,68.49,12399500.0,0.0,1.0,72.3,72.4299,68.17,68.49,12399500.0
AMZN,2008-02-07,67.37,72.71,67.22,70.91,14501700.0,0.0,1.0,67.37,72.71,67.22,70.91,14501700.0
AMZN,2008-02-08,73.4,74.6,72.52,73.5,11700400.0,0.0,1.0,73.4,74.6,72.52,73.5,11700400.0
AMZN,2008-02-11,73.14,75.96,72.77,75.19,7763700.0,0.0,1.0,73.14,75.96,72.77,75.19,7763700.0
AMZN,2008-02-12,75.43,77.05,73.79,74.45,9449000.0,0.0,1.0,75.43,77.05,73.79,74.45,9449000.0
AMZN,2008-02-13,74.98,78.85,73.27,77.73,11070300.0,0.0,1.0,74.98,78.85,73.27,77.73,11070300.0
AMZN,2008-02-14,77.73,77.88,75.18,75.8,7497200.0,0.0,1.0,77.73,77.88,75.18,75.8,7497200.0
AMZN,2008-02-15,75.0,75.19,71.94,72.96,11120100.0,0.0,1.0,75.0,75.19,71.94,72.96,11120100.0
AMZN,2008-02-19,73.54,74.0,71.55,72.08,7109200.0,0.0,1.0,73.54,74.0,71.55,72.08,7109200.0
AMZN,2008-02-20,71.9,73.88,71.1,73.64,6450700.0,0.0,1.0,71.9,73.88,71.1,73.64,6450700.0
AMZN,2008-02-21,73.94,74.21,69.37,69.9,13150800.0,0.0,1.0,73.94,74.21,69.37,69.9,13150800.0
AMZN,2008-02-22,70.54,72.21,69.86,72.08,12342700.0,0.0,1.0,70.54,72.21,69.86,72.08,12342700.0
AMZN,2008-02-25,72.35,73.5,71.41,73.27,7858200.0,0.0,1.0,72.35,73.5,71.41,73.27,7858200.0
AMZN,2008-02-26,71.91,73.5,70.28,71.69,9891300.0,0.0,1.0,71.91,73.5,70.28,71.69,9891300.0
AMZN,2008-02-27,70.68,71.48,69.57,70.87,8930500.0,0.0,1.0,70.68,71.48,69.57,70.87,8930500.0
AMZN,2008-02-28,70.3,70.6,67.11,67.85,13167800.0,0.0,1.0,70.3,70.6,67.11,67.85,13167800.0
AMZN,2008-02-29,66.81,67.5,63.97,64.47,11664600.0,0.0,1.0,66.81,67.5,63.97,64.47,11664600.0
AMZN,2008-03-03,63.59,64.49,61.2,62.43,13721100.0,0.0,1.0,63.59,64.49,61.2,62.43,13721100.0
AMZN,2008-03-04,61.67,66.6,61.23,65.34,16703600.0,0.0,1.0,61.67,66.6,61.23,65.34,16703600.0
AMZN,2008-03-05,65.66,66.34,63.82,64.9901,11126400.0,0.0,1.0,65.66,66.34,63.82,64.9901,11126400.0
AMZN,2008-03-06,64.75,65.46,62.5,62.74,8343300.0,0.0,1.0,64.75,65.46,62.5,62.74,8343300.0
AMZN,2008-03-07,62.2,64.87,62.01,64.09,10438100.0,0.0,1.0,62.2,64.87,62.01,64.09,10438100.0
AMZN,2008-03-10,63.9,65.15,62.91,63.47,9321000.0,0.0,1.0,63.9,65.15,62.91,63.47,9321000.0
AMZN,2008-03-11,65.95,67.17,63.71,67.15,9742900.0,0.0,1.0,65.95,67.17,63.71,67.15,9742900.0
AMZN,2008-03-12,66.77,68.23,65.64,66.51,7748800.0,0.0,1.0,66.77,68.23,65.64,66.51,7748800.0
AMZN,2008-03-13,65.11,69.55,64.366,68.32,10707500.0,0.0,1.0,65.11,69.55,64.366,68.32,10707500.0
AMZN,2008-03-14,68.61,70.68,66.06,68.22,12420700.0,0.0,1.0,68.61,70.68,66.06,68.22,12420700.0
AMZN,2008-03-17,65.72,67.79,64.92,66.53,9709100.0,0.0,1.0,65.72,67.79,64.92,66.53,9709100.0
AMZN,2008-03-18,68.25,71.928,67.59,71.7,9550700.0,0.0,1.0,68.25,71.928,67.59,71.7,9550700.0
AMZN,2008-03-19,71.1,74.0,70.17,70.17,11041900.0,0.0,1.0,71.1,74.0,70.17,70.17,11041900.0
AMZN,2008-03-20,70.17,73.49,69.38,73.19,11410700.0,0.0,1.0,70.17,73.49,69.38,73.19,11410700.0
AMZN,2008-03-24,73.82,76.93,72.75,75.95,9395400.0,0.0,1.0,73.82,76.93,72.75,75.95,9395400.0
AMZN,2008-03-25,75.83,76.2899,74.05,75.17,6327500.0,0.0,1.0,75.83,76.2899,74.05,75.17,6327500.0
AMZN,2008-03-26,74.14,75.12,73.24,73.8,6285100.0,0.0,1.0,74.14,75.12,73.24,73.8,6285100.0
AMZN,2008-03-27,74.37,74.69,70.7983,70.8,7942400.0,0.0,1.0,74.37,74.69,70.7983,70.8,7942400.0
AMZN,2008-03-28,71.0,72.21,69.26,69.76,5279100.0,0.0,1.0,71.0,72.21,69.26,69.76,5279100.0
AMZN,2008-03-31,70.25,71.64,69.63,71.3,5470300.0,0.0,1.0,70.25,71.64,69.63,71.3,5470300.0
AMZN,2008-04-01,74.925,77.09,72.76,76.7,9734000.0,0.0,1.0,74.925,77.09,72.76,76.7,9734000.0
AMZN,2008-04-02,77.08,79.0,76.12,77.37,8592400.0,0.0,1.0,77.08,79.0,76.12,77.37,8592400.0
AMZN,2008-04-03,75.15,76.01,73.81,74.94,8149900.0,0.0,1.0,75.15,76.01,73.81,74.94,8149900.0
AMZN,2008-04-04,75.26,77.83,74.28,76.87,7152800.0,0.0,1.0,75.26,77.83,74.28,76.87,7152800.0
AMZN,2008-04-07,77.36,78.43,76.0,76.9,6672400.0,0.0,1.0,77.36,78.43,76.0,76.9,6672400.0
AMZN,2008-04-08,76.4,77.61,75.5,77.3,4966000.0,0.0,1.0,76.4,77.61,75.5,77.3,4966000.0
AMZN,2008-04-09,76.56,76.67,73.66,74.39,6660300.0,0.0,1.0,76.56,76.67,73.66,74.39,6660300.0
AMZN,2008-04-10,74.48,75.49,72.73,74.83,6255500.0,0.0,1.0,74.48,75.49,72.73,74.83,6255500.0
AMZN,2008-04-11,73.84,74.3,71.62,71.99,6785600.0,0.0,1.0,73.84,74.3,71.62,71.99,6785600.0
AMZN,2008-04-14,71.7,74.0,71.29,72.61,4354500.0,0.0,1.0,71.7,74.0,71.29,72.61,4354500.0
AMZN,2008-04-15,73.44,73.98,70.65,72.5,6813100.0,0.0,1.0,73.44,73.98,70.65,72.5,6813100.0
AMZN,2008-04-16,73.21,75.0,72.94,74.59,6746800.0,0.0,1.0,73.21,75.0,72.94,74.59,6746800.0
AMZN,2008-04-17,74.19,75.02,73.61,74.04,6220000.0,0.0,1.0,74.19,75.02,73.61,74.04,6220000.0
AMZN,2008-04-18,76.42,82.0,76.32,80.1,16791300.0,0.0,1.0,76.42,82.0,76.32,80.1,16791300.0
AMZN,2008-04-21,80.25,81.34,79.06,80.18,9335400.0,0.0,1.0,80.25,81.34,79.06,80.18,9335400.0
AMZN,2008-04-22,79.94,79.94,77.54,79.6,7245000.0,0.0,1.0,79.94,79.94,77.54,79.6,7245000.0
AMZN,2008-04-23,80.25,82.64,78.74,81.0,19250400.0,0.0,1.0,80.25,82.64,78.74,81.0,19250400.0
AMZN,2008-04-24,77.8,80.53,76.93,77.69,21073500.0,0.0,1.0,77.8,80.53,76.93,77.69,21073500.0
AMZN,2008-04-25,78.0,81.32,77.26,80.86,9456500.0,0.0,1.0,78.0,81.32,77.26,80.86,9456500.0
AMZN,2008-04-28,80.49,82.5,80.12,81.97,10991900.0,0.0,1.0,80.49,82.5,80.12,81.97,10991900.0
AMZN,2008-04-29,81.42,81.77,79.86,80.74,6726400.0,0.0,1.0,81.42,81.77,79.86,80.74,6726400.0
AMZN,2008-04-30,80.73,81.34,77.92,78.63,7875700.0,0.0,1.0,80.73,81.34,77.92,78.63,7875700.0
AMZN,2008-05-01,78.74,80.01,77.97,79.36,7197000.0,0.0,1.0,78.74,80.01,77.97,79.36,7197000.0
AMZN,2008-05-02,80.38,81.2,76.4,77.31,8154900.0,0.0,1.0,80.38,81.2,76.4,77.31,8154900.0
AMZN,2008-05-05,77.27,77.77,75.87,75.92,5647400.0,0.0,1.0,77.27,77.77,75.87,75.92,5647400.0
AMZN,2008-05-06,75.5,76.77,75.05,75.71,6545700.0,0.0,1.0,75.5,76.77,75.05,75.71,6545700.0
AMZN,2008-05-07,75.26,76.64,73.09,73.18,8376600.0,0.0,1.0,75.26,76.64,73.09,73.18,8376600.0
AMZN,2008-05-08,73.73,74.16,71.56,72.79,8131300.0,0.0,1.0,73.73,74.16,71.56,72.79,8131300.0
AMZN,2008-05-09,72.2,73.34,71.66,72.41,4243500.0,0.0,1.0,72.2,73.34,71.66,72.41,4243500.0
AMZN,2008-05-12,73.1,74.93,71.78,74.53,7215400.0,0.0,1.0,73.1,74.93,71.78,74.53,7215400.0
AMZN,2008-05-13,74.72,74.96,73.31,74.56,5020800.0,0.0,1.0,74.72,74.96,73.31,74.56,5020800.0
AMZN,2008-05-14,74.92,75.75,73.98,74.2,4589200.0,0.0,1.0,74.92,75.75,73.98,74.2,4589200.0
AMZN,2008-05-15,73.89,76.32,73.55,76.12,6917700.0,0.0,1.0,73.89,76.32,73.55,76.12,6917700.0
AMZN,2008-05-16,76.42,76.83,74.86,76.46,6206700.0,0.0,1.0,76.42,76.83,74.86,76.46,6206700.0
AMZN,2008-05-19,79.0,84.75,78.86,82.29,18684800.0,0.0,1.0,79.0,84.75,78.86,82.29,18684800.0
AMZN,2008-05-20,82.17,82.7,80.03,80.72,7912200.0,0.0,1.0,82.17,82.7,80.03,80.72,7912200.0
AMZN,2008-05-21,80.46,81.15,77.5,78.3,7070500.0,0.0,1.0,80.46,81.15,77.5,78.3,7070500.0
AMZN,2008-05-22,78.42,79.69,78.0,79.26,5390600.0,0.0,1.0,78.42,79.69,78.0,79.26,5390600.0
AMZN,2008-05-23,78.55,78.87,77.43,78.35,6331900.0,0.0,1.0,78.55,78.87,77.43,78.35,6331900.0
AMZN,2008-05-27,78.25,80.9,77.97,80.62,10108200.0,0.0,1.0,78.25,80.9,77.97,80.62,10108200.0
AMZN,2008-05-28,80.54,80.79,78.99,80.08,6700600.0,0.0,1.0,80.54,80.79,78.99,80.08,6700600.0
AMZN,2008-05-29,80.61,81.96,80.17,80.35,6857600.0,0.0,1.0,80.61,81.96,80.17,80.35,6857600.0
AMZN,2008-05-30,80.58,81.77,80.3,81.62,5270600.0,0.0,1.0,80.58,81.77,80.3,81.62,5270600.0
AMZN,2008-06-02,81.54,81.57,80.05,80.23,6215200.0,0.0,1.0,81.54,81.57,80.05,80.23,6215200.0
AMZN,2008-06-03,80.71,81.89,79.26,80.11,5870000.0,0.0,1.0,80.71,81.89,79.26,80.11,5870000.0
AMZN,2008-06-04,80.11,81.82,79.72,81.5,6458300.0,0.0,1.0,80.11,81.82,79.72,81.5,6458300.0
AMZN,2008-06-05,82.0,84.88,81.8,84.51,8938700.0,0.0,1.0,82.0,84.88,81.8,84.51,8938700.0
AMZN,2008-06-06,83.19,83.64,80.56,80.63,7843700.0,0.0,1.0,83.19,83.64,80.56,80.63,7843700.0
AMZN,2008-06-09,81.43,81.53,78.12,79.43,6537300.0,0.0,1.0,81.43,81.53,78.12,79.43,6537300.0
AMZN,2008-06-10,78.2,81.04,78.2,79.62,6065600.0,0.0,1.0,78.2,81.04,78.2,79.62,6065600.0
AMZN,2008-06-11,79.35,80.0,77.03,77.28,5874500.0,0.0,1.0,79.35,80.0,77.03,77.28,5874500.0
AMZN,2008-06-12,78.28,79.05,75.01,76.15,6204400.0,0.0,1.0,78.28,79.05,75.01,76.15,6204400.0
AMZN,2008-06-13,76.7,80.0,76.7,79.17,5974500.0,0.0,1.0,76.7,80.0,76.7,79.17,5974500.0
AMZN,2008-06-16,78.42,82.53,78.41,81.7,5754400.0,0.0,1.0,78.42,82.53,78.41,81.7,5754400.0
AMZN,2008-06-17,83.15,84.3,82.8,82.97,8802400.0,0.0,1.0,83.15,84.3,82.8,82.97,8802400.0
AMZN,2008-06-18,82.0,83.17,81.32,82.52,6846600.0,0.0,1.0,82.0,83.17,81.32,82.52,6846600.0
AMZN,2008-06-19,82.21,84.47,81.5,84.26,6717300.0,0.0,1.0,82.21,84.47,81.5,84.26,6717300.0
AMZN,2008-06-20,81.13,83.46,80.51,81.1,6588900.0,0.0,1.0,81.13,83.46,80.51,81.1,6588900.0
AMZN,2008-06-23,81.3,82.15,79.55,80.68,7425800.0,0.0,1.0,81.3,82.15,79.55,80.68,7425800.0
AMZN,2008-06-24,79.55,80.79,77.63,79.64,7140100.0,0.0,1.0,79.55,80.79,77.63,79.64,7140100.0
AMZN,2008-06-25,80.45,82.15,79.52,80.51,7393300.0,0.0,1.0,80.45,82.15,79.52,80.51,7393300.0
AMZN,2008-06-26,79.0,79.89,76.0,76.3,11310100.0,0.0,1.0,79.0,79.89,76.0,76.3,11310100.0
AMZN,2008-06-27,75.44,76.07,72.62,74.66,11840500.0,0.0,1.0,75.44,76.07,72.62,74.66,11840500.0
AMZN,2008-06-30,74.9,76.12,73.21,73.33,7104100.0,0.0,1.0,74.9,76.12,73.21,73.33,7104100.0
AMZN,2008-07-01,72.21,74.23,70.52,73.62,10292500.0,0.0,1.0,72.21,74.23,70.52,73.62,10292500.0
AMZN,2008-07-02,74.05,74.41,71.38,71.44,7044400.0,0.0,1.0,74.05,74.41,71.38,71.44,7044400.0
AMZN,2008-07-03,72.35,73.84,70.52,72.0,4248200.0,0.0,1.0,72.35,73.84,70.52,72.0,4248200.0
AMZN,2008-07-07,72.37,74.4,70.76,72.49,7355500.0,0.0,1.0,72.37,74.4,70.76,72.49,7355500.0
AMZN,2008-07-08,72.2,75.49,71.75,75.04,7916000.0,0.0,1.0,72.2,75.49,71.75,75.04,7916000.0
AMZN,2008-07-09,74.6,74.9,70.48,70.61,6912100.0,0.0,1.0,74.6,74.9,70.48,70.61,6912100.0
AMZN,2008-07-10,70.7,71.77,67.99,70.63,9941600.0,0.0,1.0,70.7,71.77,67.99,70.63,9941600.0
AMZN,2008-07-11,69.75,69.99,66.74,68.54,7930000.0,0.0,1.0,69.75,69.99,66.74,68.54,7930000.0
AMZN,2008-07-14,69.31,69.5,65.59,66.28,9021300.0,0.0,1.0,69.31,69.5,65.59,66.28,9021300.0
AMZN,2008-07-15,65.7,68.62,62.99,67.03,11342100.0,0.0,1.0,65.7,68.62,62.99,67.03,11342100.0
AMZN,2008-07-16,66.94,72.75,66.84,71.84,12038900.0,0.0,1.0,66.94,72.75,66.84,71.84,12038900.0
AMZN,2008-07-17,71.2,72.38,67.7368,72.11,9597400.0,0.0,1.0,71.2,72.38,67.7368,72.11,9597400.0
AMZN,2008-07-18,69.89,70.84,68.4,69.12,8298000.0,0.0,1.0,69.89,70.84,68.4,69.12,8298000.0
AMZN,2008-07-21,69.16,69.8,66.3,68.48,6896900.0,0.0,1.0,69.16,69.8,66.3,68.48,6896900.0
AMZN,2008-07-22,67.21,69.14,65.88,67.97,8795800.0,0.0,1.0,67.21,69.14,65.88,67.97,8795800.0
AMZN,2008-07-23,67.78,72.07,67.4646,70.54,17916200.0,0.0,1.0,67.78,72.07,67.4646,70.54,17916200.0
AMZN,2008-07-24,76.33,82.38,76.29,78.72,30996600.0,0.0,1.0,76.33,82.38,76.29,78.72,30996600.0
AMZN,2008-07-25,79.7,80.939,78.12,78.31,9150700.0,0.0,1.0,79.7,80.939,78.12,78.31,9150700.0
AMZN,2008-07-28,77.09,78.31,74.86,75.98,10480200.0,0.0,1.0,77.09,78.31,74.86,75.98,10480200.0
AMZN,2008-07-29,76.49,78.8,76.16,78.21,6770900.0,0.0,1.0,76.49,78.8,76.16,78.21,6770900.0
AMZN,2008-07-30,78.6,79.85,76.42,78.21,7567300.0,0.0,1.0,78.6,79.85,76.42,78.21,7567300.0
AMZN,2008-07-31,76.75,78.17,76.1,76.34,5300700.0,0.0,1.0,76.75,78.17,76.1,76.34,5300700.0
AMZN,2008-08-01,76.36,76.49,74.05,75.75,4774500.0,0.0,1.0,76.36,76.49,74.05,75.75,4774500.0
AMZN,2008-08-04,76.0,77.3,75.01,75.71,4498200.0,0.0,1.0,76.0,77.3,75.01,75.71,4498200.0
AMZN,2008-08-05,77.0,79.52,76.52,79.11,7794600.0,0.0,1.0,77.0,79.52,76.52,79.11,7794600.0
AMZN,2008-08-06,78.63,78.63,76.73,78.09,6406100.0,0.0,1.0,78.63,78.63,76.73,78.09,6406100.0
AMZN,2008-08-07,77.01,78.05,76.0,76.95,5444800.0,0.0,1.0,77.01,78.05,76.0,76.95,5444800.0
AMZN,2008-08-08,76.78,81.21,76.29,80.51,9162700.0,0.0,1.0,76.78,81.21,76.29,80.51,9162700.0
AMZN,2008-08-11,80.18,91.75,79.78,88.09,25070200.0,0.0,1.0,80.18,91.75,79.78,88.09,25070200.0
AMZN,2008-08-12,87.32,88.48,86.1,87.25,8026500.0,0.0,1.0,87.32,88.48,86.1,87.25,8026500.0
AMZN,2008-08-13,86.28,88.25,84.54,86.69,7208800.0,0.0,1.0,86.28,88.25,84.54,86.69,7208800.0
AMZN,2008-08-14,85.71,88.75,85.22,88.03,6901700.0,0.0,1.0,85.71,88.75,85.22,88.03,6901700.0
AMZN,2008-08-15,88.28,89.53,86.26,86.4,6871600.0,0.0,1.0,88.28,89.53,86.26,86.4,6871600.0
AMZN,2008-08-18,86.09,86.28,83.04,83.11,6547400.0,0.0,1.0,86.09,86.28,83.04,83.11,6547400.0
AMZN,2008-08-19,83.09,83.51,81.06,81.29,6630400.0,0.0,1.0,83.09,83.51,81.06,81.29,6630400.0
AMZN,2008-08-20,82.0,83.25,81.2,82.13,5950600.0,0.0,1.0,82.0,83.25,81.2,82.13,5950600.0
AMZN,2008-08-21,81.41,83.77,80.98,83.26,6157800.0,0.0,1.0,81.41,83.77,80.98,83.26,6157800.0
AMZN,2008-08-22,84.27,85.46,83.93,85.26,4677800.0,0.0,1.0,84.27,85.46,83.93,85.26,4677800.0
AMZN,2008-08-25,84.63,84.64,82.45,82.85,4356400.0,0.0,1.0,84.63,84.64,82.45,82.85,4356400.0
AMZN,2008-08-26,82.74,83.12,81.25,81.76,4374200.0,0.0,1.0,82.74,83.12,81.25,81.76,4374200.0
AMZN,2008-08-27,81.44,82.74,81.0,81.73,5627300.0,0.0,1.0,81.44,82.74,81.0,81.73,5627300.0
AMZN,2008-08-28,82.21,83.65,81.8,83.42,7834100.0,0.0,1.0,82.21,83.65,81.8,83.42,7834100.0
AMZN,2008-08-29,82.9,82.9,80.5,80.81,4728700.0,0.0,1.0,82.9,82.9,80.5,80.81,4728700.0
AMZN,2008-09-02,83.16,84.5,81.21,81.41,6000800.0,0.0,1.0,83.16,84.5,81.21,81.41,6000800.0
AMZN,2008-09-03,81.4,82.0,80.02,80.77,5742600.0,0.0,1.0,81.4,82.0,80.02,80.77,5742600.0
AMZN,2008-09-04,80.6,80.81,78.02,78.03,8316500.0,0.0,1.0,80.6,80.81,78.02,78.03,8316500.0
AMZN,2008-09-05,77.34,80.72,77.08,79.19,8069100.0,0.0,1.0,77.34,80.72,77.08,79.19,8069100.0
AMZN,2008-09-08,82.25,83.75,78.85,81.16,9490600.0,0.0,1.0,82.25,83.75,78.85,81.16,9490600.0
AMZN,2008-09-09,80.76,81.96,78.9879,79.04,5821800.0,0.0,1.0,80.76,81.96,78.9879,79.04,5821800.0
AMZN,2008-09-10,80.0125,80.22,76.15,76.74,9444700.0,0.0,1.0,80.0125,80.22,76.15,76.74,9444700.0
AMZN,2008-09-11,75.27,79.8,75.1,79.51,7813600.0,0.0,1.0,75.27,79.8,75.1,79.51,7813600.0
AMZN,2008-09-12,78.81,79.6,76.62,78.3,6480100.0,0.0,1.0,78.81,79.6,76.62,78.3,6480100.0
AMZN,2008-09-15,76.86,79.88,76.3,77.34,8980800.0,0.0,1.0,76.86,79.88,76.3,77.34,8980800.0
AMZN,2008-09-16,76.8,79.63,76.67,78.73,13092200.0,0.0,1.0,76.8,79.63,76.67,78.73,13092200.0
AMZN,2008-09-17,77.68,78.24,71.24,71.54,13165600.0,0.0,1.0,77.68,78.24,71.24,71.54,13165600.0
AMZN,2008-09-18,73.08,77.5,70.08,76.5,12397200.0,0.0,1.0,73.08,77.5,70.08,76.5,12397200.0
AMZN,2008-09-19,80.12,86.77,76.5,81.0,14772200.0,0.0,1.0,80.12,86.77,76.5,81.0,14772200.0
AMZN,2008-09-22,81.13,81.63,74.32,74.93,7037700.0,0.0,1.0,81.13,81.63,74.32,74.93,7037700.0
AMZN,2008-09-23,75.79,76.29,70.77,71.76,8594200.0,0.0,1.0,75.79,76.29,70.77,71.76,8594200.0
AMZN,2008-09-24,72.3,73.65,68.94,69.96,9372400.0,0.0,1.0,72.3,73.65,68.94,69.96,9372400.0
AMZN,2008-09-25,70.66,72.75,70.01,72.08,6073000.0,0.0,1.0,70.66,72.75,70.01,72.08,6073000.0
AMZN,2008-09-26,69.52,71.05,68.08,70.7,6747100.0,0.0,1.0,69.52,71.05,68.08,70.7,6747100.0
AMZN,2008-09-29,68.41,69.37,61.32,63.35,12004300.0,0.0,1.0,68.41,69.37,61.32,63.35,12004300.0
AMZN,2008-09-30,65.84,73.12,65.32,72.76,13046900.0,0.0,1.0,65.84,73.12,65.32,72.76,13046900.0
AMZN,2008-10-01,71.78,71.99,68.41,69.58,9622200.0,0.0,1.0,71.78,71.99,68.41,69.58,9622200.0
AMZN,2008-10-02,67.63,68.96,65.41,67.36,8726100.0,0.0,1.0,67.63,68.96,65.41,67.36,8726100.0
AMZN,2008-10-03,69.42,70.95,66.59,67.0,11228100.0,0.0,1.0,69.42,70.95,66.59,67.0,11228100.0
AMZN,2008-10-06,64.06,65.89,60.47,65.23,13385500.0,0.0,1.0,64.06,65.89,60.47,65.23,13385500.0
AMZN,2008-10-07,65.79,66.43,58.5,58.52,12756000.0,0.0,1.0,65.79,66.43,58.5,58.52,12756000.0
AMZN,2008-10-08,55.64,62.75,55.35,61.02,14324500.0,0.0,1.0,55.64,62.75,55.35,61.02,14324500.0
AMZN,2008-10-09,61.97,63.5,56.0,56.0,13930900.0,0.0,1.0,61.97,63.5,56.0,56.0,13930900.0
AMZN,2008-10-10,52.99,59.7499,51.05,56.25,18021700.0,0.0,1.0,52.99,59.7499,51.05,56.25,18021700.0
AMZN,2008-10-13,58.96,62.21,57.37,62.02,11194800.0,0.0,1.0,58.96,62.21,57.37,62.02,11194800.0
AMZN,2008-10-14,63.5,64.0,54.8,55.86,17306600.0,0.0,1.0,63.5,64.0,54.8,55.86,17306600.0
AMZN,2008-10-15,54.46,54.69,48.35,48.72,16257600.0,0.0,1.0,54.46,54.69,48.35,48.72,16257600.0
AMZN,2008-10-16,46.4,50.7,43.39,50.29,22081100.0,0.0,1.0,46.4,50.7,43.39,50.29,22081100.0
AMZN,2008-10-17,48.83,62.33,48.41,50.65,12946400.0,0.0,1.0,48.83,62.33,48.41,50.65,12946400.0
AMZN,2008-10-20,52.17,53.1,49.906,52.97,8452100.0,0.0,1.0,52.17,53.1,49.906,52.97,8452100.0
AMZN,2008-10-21,51.86,52.95,49.92,50.23,8669600.0,0.0,1.0,51.86,52.95,49.92,50.23,8669600.0
AMZN,2008-10-22,50.05,52.47,47.9,49.99,19513200.0,0.0,1.0,50.05,52.47,47.9,49.99,19513200.0
AMZN,2008-10-23,43.37,50.91,43.31,50.32,32601900.0,0.0,1.0,43.37,50.91,43.31,50.32,32601900.0
AMZN,2008-10-24,44.75,52.32,44.5,48.96,19605900.0,0.0,1.0,44.75,52.32,44.5,48.96,19605900.0
AMZN,2008-10-27,49.0,52.59,48.43,49.58,11759200.0,0.0,1.0,49.0,52.59,48.43,49.58,11759200.0
AMZN,2008-10-28,51.5,56.3,49.07,56.04,14834700.0,0.0,1.0,51.5,56.3,49.07,56.04,14834700.0
AMZN,2008-10-29,55.53,59.79,54.52,56.89,15196300.0,0.0,1.0,55.53,59.79,54.52,56.89,15196300.0
AMZN,2008-10-30,58.76,59.89,55.08,56.71,11125700.0,0.0,1.0,58.76,59.89,55.08,56.71,11125700.0
AMZN,2008-10-31,56.01,57.25,55.01,57.24,8534600.0,0.0,1.0,56.01,57.25,55.01,57.24,8534600.0
AMZN,2008-11-03,56.35,57.25,55.02,55.77,7170100.0,0.0,1.0,56.35,57.25,55.02,55.77,7170100.0
AMZN,2008-11-04,57.16,58.73,55.22,58.45,7663800.0,0.0,1.0,57.16,58.73,55.22,58.45,7663800.0
AMZN,2008-11-05,57.47,58.0,51.62,51.98,11498400.0,0.0,1.0,57.47,58.0,51.62,51.98,11498400.0
AMZN,2008-11-06,49.8,51.04,46.3,47.22,15487800.0,0.0,1.0,49.8,51.04,46.3,47.22,15487800.0
AMZN,2008-11-07,47.76,49.79,47.01,49.21,7439600.0,0.0,1.0,47.76,49.79,47.01,49.21,7439600.0
AMZN,2008-11-10,49.98,50.68,46.86,48.46,8964900.0,0.0,1.0,49.98,50.68,46.86,48.46,8964900.0
AMZN,2008-11-11,47.1,48.06,44.81,46.3,9939200.0,0.0,1.0,47.1,48.06,44.81,46.3,9939200.0
AMZN,2008-11-12,43.99,45.44,40.9,41.56,14768600.0,0.0,1.0,43.99,45.44,40.9,41.56,14768600.0
AMZN,2008-11-13,41.4,45.0,38.48,44.93,16935300.0,0.0,1.0,41.4,45.0,38.48,44.93,16935300.0
AMZN,2008-11-14,43.61,44.5,41.5,41.75,11949700.0,0.0,1.0,43.61,44.5,41.5,41.75,11949700.0
AMZN,2008-11-17,39.91,41.26,39.07,39.69,10711800.0,0.0,1.0,39.91,41.26,39.07,39.69,10711800.0
AMZN,2008-11-18,39.73,40.66,36.08,38.44,15049200.0,0.0,1.0,39.73,40.66,36.08,38.44,15049200.0
AMZN,2008-11-19,37.97,39.0,35.75,35.84,12521100.0,0.0,1.0,37.97,39.0,35.75,35.84,12521100.0
AMZN,2008-11-20,35.29,39.72,34.68,35.03,18423900.0,0.0,1.0,35.29,39.72,34.68,35.03,18423900.0
AMZN,2008-11-21,36.39,39.0,35.72,37.87,15042700.0,0.0,1.0,36.39,39.0,35.72,37.87,15042700.0
AMZN,2008-11-24,38.79,43.44,38.7,42.5,14549700.0,0.0,1.0,38.79,43.44,38.7,42.5,14549700.0
AMZN,2008-11-25,42.09,42.89,39.61,42.19,13015000.0,0.0,1.0,42.09,42.89,39.61,42.19,13015000.0
AMZN,2008-11-26,40.87,44.0,40.29,43.96,13439700.0,0.0,1.0,40.87,44.0,40.29,43.96,13439700.0
AMZN,2008-11-28,44.03,44.1,42.22,42.7,3481000.0,0.0,1.0,44.03,44.1,42.22,42.7,3481000.0
AMZN,2008-12-01,42.0,43.26,40.38,40.47,11178900.0,0.0,1.0,42.0,43.26,40.38,40.47,11178900.0
AMZN,2008-12-02,41.39,41.71,38.82,41.19,8713700.0,0.0,1.0,41.39,41.71,38.82,41.19,8713700.0
AMZN,2008-12-03,40.16,45.88,40.05,45.21,15675600.0,0.0,1.0,40.16,45.88,40.05,45.21,15675600.0
AMZN,2008-12-04,45.94,50.5,45.75,47.32,19782300.0,0.0,1.0,45.94,50.5,45.75,47.32,19782300.0
AMZN,2008-12-05,45.89,48.49,43.3,48.26,14608800.0,0.0,1.0,45.89,48.49,43.3,48.26,14608800.0
AMZN,2008-12-08,49.15,52.14,47.36,51.41,10940700.0,0.0,1.0,49.15,52.14,47.36,51.41,10940700.0
AMZN,2008-12-09,49.81,54.48,49.7,51.25,13314800.0,0.0,1.0,49.81,54.48,49.7,51.25,13314800.0
AMZN,2008-12-10,51.46,51.5,48.34,49.7,7753800.0,0.0,1.0,51.46,51.5,48.34,49.7,7753800.0
AMZN,2008-12-11,49.33,50.49,48.17,48.25,7583600.0,0.0,1.0,49.33,50.49,48.17,48.25,7583600.0
AMZN,2008-12-12,47.52,51.38,47.52,51.25,8664800.0,0.0,1.0,47.52,51.38,47.52,51.25,8664800.0
AMZN,2008-12-15,50.65,50.95,48.1481,48.85,7285400.0,0.0,1.0,50.65,50.95,48.1481,48.85,7285400.0
AMZN,2008-12-16,49.62,52.96,49.29,52.63,8862900.0,0.0,1.0,49.62,52.96,49.29,52.63,8862900.0
AMZN,2008-12-17,52.26,54.77,51.53,53.18,9183100.0,0.0,1.0,52.26,54.77,51.53,53.18,9183100.0
AMZN,2008-12-18,53.0,54.85,51.2,52.08,7518100.0,0.0,1.0,53.0,54.85,51.2,52.08,7518100.0
AMZN,2008-12-19,52.67,52.99,50.92,51.56,10963200.0,0.0,1.0,52.67,52.99,50.92,51.56,10963200.0
AMZN,2008-12-22,51.6,52.15,48.47,49.84,8925000.0,0.0,1.0,51.6,52.15,48.47,49.84,8925000.0
AMZN,2008-12-23,50.12,51.61,50.12,51.08,5845400.0,0.0,1.0,50.12,51.61,50.12,51.08,5845400.0
AMZN,2008-12-24,51.66,51.95,51.01,51.44,1645500.0,0.0,1.0,51.66,51.95,51.01,51.44,1645500.0
AMZN,2008-12-26,53.79,53.95,51.55,51.78,6847300.0,0.0,1.0,53.79,53.95,51.55,51.78,6847300.0
AMZN,2008-12-29,51.43,51.77,48.56,49.4,6507900.0,0.0,1.0,51.43,51.77,48.56,49.4,6507900.0
AMZN,2008-12-30,49.51,51.21,48.74,50.76,6601300.0,0.0,1.0,49.51,51.21,48.74,50.76,6601300.0
AMZN,2008-12-31,50.74,51.69,49.91,51.28,7792200.0,0.0,1.0,50.74,51.69,49.91,51.28,7792200.0
AMZN,2009-01-02,51.35,54.53,51.07,54.36,7296400.0,0.0,1.0,51.35,54.53,51.07,54.36,7296400.0
AMZN,2009-01-05,55.73,55.74,53.03,54.06,9509800.0,0.0,1.0,55.73,55.74,53.03,54.06,9509800.0
AMZN,2009-01-06,54.55,58.22,53.75,57.36,11080100.0,0.0,1.0,54.55,58.22,53.75,57.36,11080100.0
AMZN,2009-01-07,56.29,56.95,55.35,56.2,7942700.0,0.0,1.0,56.29,56.95,55.35,56.2,7942700.0
AMZN,2009-01-08,54.99,57.32,54.58,57.16,6577900.0,0.0,1.0,54.99,57.32,54.58,57.16,6577900.0
AMZN,2009-01-09,56.92,57.0,54.7,55.51,6684100.0,0.0,1.0,56.92,57.0,54.7,55.51,6684100.0
AMZN,2009-01-12,54.12,54.3,50.87,51.92,9556300.0,0.0,1.0,54.12,54.3,50.87,51.92,9556300.0
AMZN,2009-01-13,50.96,53.29,50.75,51.45,7883200.0,0.0,1.0,50.96,53.29,50.75,51.45,7883200.0
AMZN,2009-01-14,50.1,50.1,48.14,48.49,10442600.0,0.0,1.0,50.1,50.1,48.14,48.49,10442600.0
AMZN,2009-01-15,48.56,52.23,47.63,51.44,11617300.0,0.0,1.0,48.56,52.23,47.63,51.44,11617300.0
AMZN,2009-01-16,51.8,52.33,49.53,51.59,8258200.0,0.0,1.0,51.8,52.33,49.53,51.59,8258200.0
AMZN,2009-01-20,50.7,51.7,48.27,48.44,6767200.0,0.0,1.0,50.7,51.7,48.27,48.44,6767200.0
AMZN,2009-01-21,49.5,50.69,48.25,50.54,5829500.0,0.0,1.0,49.5,50.69,48.25,50.54,5829500.0
AMZN,2009-01-22,49.42,50.88,48.26,49.94,7133300.0,0.0,1.0,49.42,50.88,48.26,49.94,7133300.0
AMZN,2009-01-23,48.9,51.42,48.45,50.63,5793300.0,0.0,1.0,48.9,51.42,48.45,50.63,5793300.0
AMZN,2009-01-26,50.18,50.89,48.52,49.63,7155700.0,0.0,1.0,50.18,50.89,48.52,49.63,7155700.0
AMZN,2009-01-27,49.3,50.42,47.72,48.44,8738200.0,0.0,1.0,49.3,50.42,47.72,48.44,8738200.0
AMZN,2009-01-28,49.72,51.49,48.97,50.36,8056600.0,0.0,1.0,49.72,51.49,48.97,50.36,8056600.0
AMZN,2009-01-29,49.96,51.85,49.14,50.0,17966800.0,0.0,1.0,49.96,51.85,49.14,50.0,17966800.0
AMZN,2009-01-30,57.43,59.74,57.24,58.82,39783100.0,0.0,1.0,57.43,59.74,57.24,58.82,39783100.0
AMZN,2009-02-02,58.57,62.0,58.13,61.15,19324300.0,0.0,1.0,58.57,62.0,58.13,61.15,19324300.0
AMZN,2009-02-03,60.75,64.2,60.0,63.59,14694600.0,0.0,1.0,60.75,64.2,60.0,63.59,14694600.0
AMZN,2009-02-04,63.38,63.44,60.83,61.06,13726300.0,0.0,1.0,63.38,63.44,60.83,61.06,13726300.0
AMZN,2009-02-05,61.15,63.81,60.63,63.18,10169600.0,0.0,1.0,61.15,63.81,60.63,63.18,10169600.0
AMZN,2009-02-06,63.18,67.0,63.18,66.55,12044900.0,0.0,1.0,63.18,67.0,63.18,66.55,12044900.0
AMZN,2009-02-09,66.53,67.36,65.38,66.71,9437600.0,0.0,1.0,66.53,67.36,65.38,66.71,9437600.0
AMZN,2009-02-10,66.15,67.23,63.07,63.31,10700600.0,0.0,1.0,66.15,67.23,63.07,63.31,10700600.0
AMZN,2009-02-11,63.1,64.9,62.25,64.354,8347300.0,0.0,1.0,63.1,64.9,62.25,64.354,8347300.0
AMZN,2009-02-12,63.25,64.25,61.71,63.96,8095500.0,0.0,1.0,63.25,64.25,61.71,63.96,8095500.0
AMZN,2009-02-13,63.97,64.68,62.87,63.26,4130900.0,0.0,1.0,63.97,64.68,62.87,63.26,4130900.0
AMZN,2009-02-17,61.67,62.65,61.18,61.67,7126100.0,0.0,1.0,61.67,62.65,61.18,61.67,7126100.0
AMZN,2009-02-18,62.2706,62.78,60.52,62.35,7366000.0,0.0,1.0,62.2706,62.78,60.52,62.35,7366000.0
AMZN,2009-02-19,62.84,64.18,61.67,61.95,6768900.0,0.0,1.0,62.84,64.18,61.67,61.95,6768900.0
AMZN,2009-02-20,61.07,64.15,60.84,63.86,9354500.0,0.0,1.0,61.07,64.15,60.84,63.86,9354500.0
AMZN,2009-02-23,64.16,64.91,61.52,61.71,7336000.0,0.0,1.0,64.16,64.91,61.52,61.71,7336000.0
AMZN,2009-02-24,61.99,66.1,61.89,65.6,10271400.0,0.0,1.0,61.99,66.1,61.89,65.6,10271400.0
AMZN,2009-02-25,64.9,65.75,62.82,63.71,9122100.0,0.0,1.0,64.9,65.75,62.82,63.71,9122100.0
AMZN,2009-02-26,64.12,64.73,62.34,62.34,7275300.0,0.0,1.0,64.12,64.73,62.34,62.34,7275300.0
AMZN,2009-02-27,61.265,65.08,60.94,64.79,11488300.0,0.0,1.0,61.265,65.08,60.94,64.79,11488300.0
AMZN,2009-03-02,63.94,65.52,61.51,61.99,10511900.0,0.0,1.0,63.94,65.52,61.51,61.99,10511900.0
AMZN,2009-03-03,62.75,63.29,61.3,61.7,9691600.0,0.0,1.0,62.75,63.29,61.3,61.7,9691600.0
AMZN,2009-03-04,62.8,65.79,62.4,64.81,11960900.0,0.0,1.0,62.8,65.79,62.4,64.81,11960900.0
AMZN,2009-03-05,64.08,65.8,63.6,64.77,11770300.0,0.0,1.0,64.08,65.8,63.6,64.77,11770300.0
AMZN,2009-03-06,65.2,65.5,59.82,61.69,15093800.0,0.0,1.0,65.2,65.5,59.82,61.69,15093800.0
AMZN,2009-03-09,62.2,64.03,60.15,60.49,13561400.0,0.0,1.0,62.2,64.03,60.15,60.49,13561400.0
AMZN,2009-03-10,62.49,65.9,61.7801,65.71,15435700.0,0.0,1.0,62.49,65.9,61.7801,65.71,15435700.0
AMZN,2009-03-11,66.24,69.37,65.27,68.54,13881700.0,0.0,1.0,66.24,69.37,65.27,68.54,13881700.0
AMZN,2009-03-12,68.35,69.8699,67.25,69.58,11348900.0,0.0,1.0,68.35,69.8699,67.25,69.58,11348900.0
AMZN,2009-03-13,69.66,69.74,67.53,68.63,8903400.0,0.0,1.0,69.66,69.74,67.53,68.63,8903400.0
AMZN,2009-03-16,68.65,69.295,66.68,66.98,9437300.0,0.0,1.0,68.65,69.295,66.68,66.98,9437300.0
AMZN,2009-03-17,67.37,71.705,67.0,71.35,11902800.0,0.0,1.0,67.37,71.705,67.0,71.35,11902800.0
AMZN,2009-03-18,70.98,73.91,70.13,71.25,10401700.0,0.0,1.0,70.98,73.91,70.13,71.25,10401700.0
AMZN,2009-03-19,71.4,71.91,69.24,70.1,8819100.0,0.0,1.0,71.4,71.91,69.24,70.1,8819100.0
AMZN,2009-03-20,70.39,70.89,69.08,69.96,8468100.0,0.0,1.0,70.39,70.89,69.08,69.96,8468100.0
AMZN,2009-03-23,71.36,75.61,70.7,75.58,8612400.0,0.0,1.0,71.36,75.61,70.7,75.58,8612400.0
AMZN,2009-03-24,74.85,75.0,72.31,72.63,7457900.0,0.0,1.0,74.85,75.0,72.31,72.63,7457900.0
AMZN,2009-03-25,73.09,73.95,69.84,72.4,7895600.0,0.0,1.0,73.09,73.95,69.84,72.4,7895600.0
AMZN,2009-03-26,73.47,74.98,72.64,73.69,6657700.0,0.0,1.0,73.47,74.98,72.64,73.69,6657700.0
AMZN,2009-03-27,71.61,72.29,70.1,70.52,8568800.0,0.0,1.0,71.61,72.29,70.1,70.52,8568800.0
AMZN,2009-03-30,70.4,71.67,69.75,71.44,8373100.0,0.0,1.0,70.4,71.67,69.75,71.44,8373100.0
AMZN,2009-03-31,72.61,74.5,72.12,73.44,8918200.0,0.0,1.0,72.61,74.5,72.12,73.44,8918200.0
AMZN,2009-04-01,73.015,75.09,71.71,73.5,7041400.0,0.0,1.0,73.015,75.09,71.71,73.5,7041400.0
AMZN,2009-04-02,73.63,77.24,73.44,76.34,11066900.0,0.0,1.0,73.63,77.24,73.44,76.34,11066900.0
AMZN,2009-04-03,76.42,78.32,75.5,78.17,5809900.0,0.0,1.0,76.42,78.32,75.5,78.17,5809900.0
AMZN,2009-04-06,77.26,78.36,76.0,77.99,5751300.0,0.0,1.0,77.26,78.36,76.0,77.99,5751300.0
AMZN,2009-04-07,76.97,77.08,74.88,75.51,5748800.0,0.0,1.0,76.97,77.08,74.88,75.51,5748800.0
AMZN,2009-04-08,75.93,77.11,74.5703,76.98,5653000.0,0.0,1.0,75.93,77.11,74.5703,76.98,5653000.0
AMZN,2009-04-09,77.51,80.0,77.26,79.77,7082300.0,0.0,1.0,77.51,80.0,77.26,79.77,7082300.0
AMZN,2009-04-13,79.84,79.97,77.85,78.94,6212200.0,0.0,1.0,79.84,79.97,77.85,78.94,6212200.0
AMZN,2009-04-14,78.0,79.46,76.94,77.22,6160400.0,0.0,1.0,78.0,79.46,76.94,77.22,6160400.0
AMZN,2009-04-15,75.5,75.81,73.51,74.71,9412800.0,0.0,1.0,75.5,75.81,73.51,74.71,9412800.0
AMZN,2009-04-16,75.33,77.48,75.16,77.25,7467800.0,0.0,1.0,75.33,77.48,75.16,77.25,7467800.0
AMZN,2009-04-17,76.78,78.72,75.88,78.05,7426000.0,0.0,1.0,76.78,78.72,75.88,78.05,7426000.0
AMZN,2009-04-20,78.44,79.79,76.83,77.57,8686900.0,0.0,1.0,78.44,79.79,76.83,77.57,8686900.0
AMZN,2009-04-21,77.33,79.1,77.29,78.74,7162200.0,0.0,1.0,77.33,79.1,77.29,78.74,7162200.0
AMZN,2009-04-22,78.17,82.18,77.81,79.2,8775500.0,0.0,1.0,78.17,82.18,77.81,79.2,8775500.0
AMZN,2009-04-23,81.33,82.06,79.08,80.61,16187700.0,0.0,1.0,81.33,82.06,79.08,80.61,16187700.0
AMZN,2009-04-24,82.03,86.68,80.73,84.46,23484300.0,0.0,1.0,82.03,86.68,80.73,84.46,23484300.0
AMZN,2009-04-27,83.88,84.98,82.21,83.12,9705900.0,0.0,1.0,83.88,84.98,82.21,83.12,9705900.0
AMZN,2009-04-28,82.68,85.35,82.4,82.4,7924000.0,0.0,1.0,82.68,85.35,82.4,82.4,7924000.0
AMZN,2009-04-29,82.99,82.99,79.26,79.79,9735100.0,0.0,1.0,82.99,82.99,79.26,79.79,9735100.0
AMZN,2009-04-30,80.93,82.67,79.89,80.52,8537600.0,0.0,1.0,80.93,82.67,79.89,80.52,8537600.0
AMZN,2009-05-01,80.38,80.38,77.85,78.96,6121700.0,0.0,1.0,80.38,80.38,77.85,78.96,6121700.0
AMZN,2009-05-04,80.26,81.35,78.85,79.77,7019300.0,0.0,1.0,80.26,81.35,78.85,79.77,7019300.0
AMZN,2009-05-05,81.01,82.0,80.19,81.9,5870300.0,0.0,1.0,81.01,82.0,80.19,81.9,5870300.0
AMZN,2009-05-06,82.88,83.6,79.66,81.99,8604000.0,0.0,1.0,82.88,83.6,79.66,81.99,8604000.0
AMZN,2009-05-07,82.73,82.75,77.88,79.28,9632100.0,0.0,1.0,82.73,82.75,77.88,79.28,9632100.0
AMZN,2009-05-08,79.69,80.23,76.31,77.95,8193000.0,0.0,1.0,79.69,80.23,76.31,77.95,8193000.0
AMZN,2009-05-11,76.8,79.85,76.01,78.61,6872300.0,0.0,1.0,76.8,79.85,76.01,78.61,6872300.0
AMZN,2009-05-12,78.7,78.97,76.53,77.93,5548700.0,0.0,1.0,78.7,78.97,76.53,77.93,5548700.0
AMZN,2009-05-13,76.25,76.6503,74.01,74.19,8770500.0,0.0,1.0,76.25,76.6503,74.01,74.19,8770500.0
AMZN,2009-05-14,73.79,76.06,73.31,75.11,9343600.0,0.0,1.0,73.79,76.06,73.31,75.11,9343600.0
AMZN,2009-05-15,74.54,76.21,73.42,73.6,8011700.0,0.0,1.0,74.54,76.21,73.42,73.6,8011700.0
AMZN,2009-05-18,73.96,75.96,73.1,75.95,6829100.0,0.0,1.0,73.96,75.96,73.1,75.95,6829100.0
AMZN,2009-05-19,75.43,78.96,75.12,77.87,8028900.0,0.0,1.0,75.43,78.96,75.12,77.87,8028900.0
AMZN,2009-05-20,78.5,81.11,77.42,77.97,7351000.0,0.0,1.0,78.5,81.11,77.42,77.97,7351000.0
AMZN,2009-05-21,76.685,77.97,75.4,75.96,5640500.0,0.0,1.0,76.685,77.97,75.4,75.96,5640500.0
AMZN,2009-05-22,76.1,77.04,75.02,75.64,3484700.0,0.0,1.0,76.1,77.04,75.02,75.64,3484700.0
AMZN,2009-05-26,75.03,78.48,74.55,78.39,6699600.0,0.0,1.0,75.03,78.48,74.55,78.39,6699600.0
AMZN,2009-05-27,78.51,79.5,76.75,77.1,5567100.0,0.0,1.0,78.51,79.5,76.75,77.1,5567100.0
AMZN,2009-05-28,77.7,79.1,75.88,77.65,4943100.0,0.0,1.0,77.7,79.1,75.88,77.65,4943100.0
AMZN,2009-05-29,77.72,78.01,76.4,77.99,5072200.0,0.0,1.0,77.72,78.01,76.4,77.99,5072200.0
AMZN,2009-06-01,78.21,84.8,77.49,83.05,10796500.0,0.0,1.0,78.21,84.8,77.49,83.05,10796500.0
AMZN,2009-06-02,82.42,85.45,82.1,84.93,9397000.0,0.0,1.0,82.42,85.45,82.1,84.93,9397000.0
AMZN,2009-06-03,83.31,85.71,83.13,85.68,7603400.0,0.0,1.0,83.31,85.71,83.13,85.68,7603400.0
AMZN,2009-06-04,85.42,86.4,84.57,85.52,5465400.0,0.0,1.0,85.42,86.4,84.57,85.52,5465400.0
AMZN,2009-06-05,86.29,87.95,85.3,87.56,8263500.0,0.0,1.0,86.29,87.95,85.3,87.56,8263500.0
AMZN,2009-06-08,86.75,87.18,85.11,86.36,5602100.0,0.0,1.0,86.75,87.18,85.11,86.36,5602100.0
AMZN,2009-06-09,86.93,87.67,86.17,87.08,4475100.0,0.0,1.0,86.93,87.67,86.17,87.08,4475100.0
AMZN,2009-06-10,87.58,88.56,84.83,86.59,6073600.0,0.0,1.0,87.58,88.56,84.83,86.59,6073600.0
AMZN,2009-06-11,86.3,87.49,85.05,85.69,5009700.0,0.0,1.0,86.3,87.49,85.05,85.69,5009700.0
AMZN,2009-06-12,85.03,85.2,82.01,84.08,6223000.0,0.0,1.0,85.03,85.2,82.01,84.08,6223000.0
AMZN,2009-06-15,82.83,83.3,81.0,83.18,5401800.0,0.0,1.0,82.83,83.3,81.0,83.18,5401800.0
AMZN,2009-06-16,83.7,83.95,81.28,82.15,5465800.0,0.0,1.0,83.7,83.95,81.28,82.15,5465800.0
AMZN,2009-06-17,82.5,84.3,80.64,82.65,7785100.0,0.0,1.0,82.5,84.3,80.64,82.65,7785100.0
AMZN,2009-06-18,82.81,82.95,81.0,81.595,5453100.0,0.0,1.0,82.81,82.95,81.0,81.595,5453100.0
AMZN,2009-06-19,82.15,83.46,81.5,82.96,5438200.0,0.0,1.0,82.15,83.46,81.5,82.96,5438200.0
AMZN,2009-06-22,82.41,82.43,78.56,79.15,9744400.0,0.0,1.0,82.41,82.43,78.56,79.15,9744400.0
AMZN,2009-06-23,78.97,79.095,76.25,77.68,7415500.0,0.0,1.0,78.97,79.095,76.25,77.68,7415500.0
AMZN,2009-06-24,78.0,80.53,77.8,79.27,6081400.0,0.0,1.0,78.0,80.53,77.8,79.27,6081400.0
AMZN,2009-06-25,79.1,82.23,79.03,82.2,7360400.0,0.0,1.0,79.1,82.23,79.03,82.2,7360400.0
AMZN,2009-06-26,81.9,84.14,81.13,83.88,8775300.0,0.0,1.0,81.9,84.14,81.13,83.88,8775300.0
AMZN,2009-06-29,83.87,84.2,82.41,83.03,6270300.0,0.0,1.0,83.87,84.2,82.41,83.03,6270300.0
AMZN,2009-06-30,83.62,84.92,82.47,83.66,7984800.0,0.0,1.0,83.62,84.92,82.47,83.66,7984800.0
AMZN,2009-07-01,84.42,84.5,81.37,81.6,6981200.0,0.0,1.0,84.42,84.5,81.37,81.6,6981200.0
AMZN,2009-07-02,81.11,81.37,78.51,79.32,7218600.0,0.0,1.0,81.11,81.37,78.51,79.32,7218600.0
AMZN,2009-07-06,78.45,78.89,76.54,78.1,7368800.0,0.0,1.0,78.45,78.89,76.54,78.1,7368800.0
AMZN,2009-07-07,78.53,78.69,75.41,75.63,6491500.0,0.0,1.0,78.53,78.69,75.41,75.63,6491500.0
AMZN,2009-07-08,76.46,77.93,75.7,77.36,8540700.0,0.0,1.0,76.46,77.93,75.7,77.36,8540700.0
AMZN,2009-07-09,78.25,78.54,76.82,78.1,6359500.0,0.0,1.0,78.25,78.54,76.82,78.1,6359500.0
AMZN,2009-07-10,77.52,78.82,76.17,77.63,5976100.0,0.0,1.0,77.52,78.82,76.17,77.63,5976100.0
AMZN,2009-07-13,78.07,81.65,78.01,81.47,8050200.0,0.0,1.0,78.07,81.65,78.01,81.47,8050200.0
AMZN,2009-07-14,81.48,82.42,80.42,81.95,4543600.0,0.0,1.0,81.48,82.42,80.42,81.95,4543600.0
AMZN,2009-07-15,83.0,84.64,82.78,84.55,6339000.0,0.0,1.0,83.0,84.64,82.78,84.55,6339000.0
AMZN,2009-07-16,84.42,86.24,83.72,86.11,5361900.0,0.0,1.0,84.42,86.24,83.72,86.11,5361900.0
AMZN,2009-07-17,85.8,86.5,85.2,85.85,5051600.0,0.0,1.0,85.8,86.5,85.2,85.85,5051600.0
AMZN,2009-07-20,86.27,88.88,86.26,88.23,6056600.0,0.0,1.0,86.27,88.88,86.26,88.23,6056600.0
AMZN,2009-07-21,88.52,89.01,87.4,89.01,7728600.0,0.0,1.0,88.52,89.01,87.4,89.01,7728600.0
AMZN,2009-07-22,88.65,89.2276,87.78,88.79,5329600.0,0.0,1.0,88.65,89.2276,87.78,88.79,5329600.0
AMZN,2009-07-23,89.84,94.4,89.59,93.87,19162100.0,0.0,1.0,89.84,94.4,89.59,93.87,19162100.0
AMZN,2009-07-24,87.6,88.9,85.5,86.49,19204600.0,0.0,1.0,87.6,88.9,85.5,86.49,19204600.0
AMZN,2009-07-27,86.24,86.49,83.56,84.24,11279300.0,0.0,1.0,86.24,86.49,83.56,84.24,11279300.0
AMZN,2009-07-28,83.84,85.64,82.6,84.98,8774900.0,0.0,1.0,83.84,85.64,82.6,84.98,8774900.0
AMZN,2009-07-29,84.47,85.5,83.52,84.34,6502900.0,0.0,1.0,84.47,85.5,83.52,84.34,6502900.0
AMZN,2009-07-30,85.64,87.25,85.17,86.09,7253200.0,0.0,1.0,85.64,87.25,85.17,86.09,7253200.0
AMZN,2009-07-31,85.76,86.75,84.62,85.76,5886900.0,0.0,1.0,85.76,86.75,84.62,85.76,5886900.0
AMZN,2009-08-03,86.56,88.2,86.56,87.44,6663000.0,0.0,1.0,86.56,88.2,86.56,87.44,6663000.0
AMZN,2009-08-04,87.48,87.48,84.93,85.8,6177900.0,0.0,1.0,87.48,87.48,84.93,85.8,6177900.0
AMZN,2009-08-05,85.64,85.75,83.02,84.29,7279400.0,0.0,1.0,85.64,85.75,83.02,84.29,7279400.0
AMZN,2009-08-06,84.31,84.84,83.05,84.47,4693000.0,0.0,1.0,84.31,84.84,83.05,84.47,4693000.0
AMZN,2009-08-07,84.1,85.96,84.1,85.32,5628000.0,0.0,1.0,84.1,85.96,84.1,85.32,5628000.0
AMZN,2009-08-10,85.01,85.47,83.27,84.44,4440600.0,0.0,1.0,85.01,85.47,83.27,84.44,4440600.0
AMZN,2009-08-11,83.64,84.4,82.45,83.56,5025000.0,0.0,1.0,83.64,84.4,82.45,83.56,5025000.0
AMZN,2009-08-12,83.42,86.6,83.38,85.96,5619400.0,0.0,1.0,83.42,86.6,83.38,85.96,5619400.0
AMZN,2009-08-13,85.72,86.37,84.07,84.6,5712400.0,0.0,1.0,85.72,86.37,84.07,84.6,5712400.0
AMZN,2009-08-14,84.11,84.17,82.78,83.58,4924700.0,0.0,1.0,84.11,84.17,82.78,83.58,4924700.0
AMZN,2009-08-17,81.16,81.78,80.25,81.06,6888600.0,0.0,1.0,81.16,81.78,80.25,81.06,6888600.0
AMZN,2009-08-18,81.41,82.6898,80.79,82.12,5884400.0,0.0,1.0,81.41,82.6898,80.79,82.12,5884400.0
AMZN,2009-08-19,80.91,83.0,80.49,83.0,5170600.0,0.0,1.0,80.91,83.0,80.49,83.0,5170600.0
AMZN,2009-08-20,82.98,84.35,82.66,84.09,5375000.0,0.0,1.0,82.98,84.35,82.66,84.09,5375000.0
AMZN,2009-08-21,84.78,85.06,83.54,85.0,6130700.0,0.0,1.0,84.78,85.06,83.54,85.0,6130700.0
AMZN,2009-08-24,85.17,85.59,84.24,84.5,4723200.0,0.0,1.0,85.17,85.59,84.24,84.5,4723200.0
AMZN,2009-08-25,84.66,86.34,83.95,84.19,4791000.0,0.0,1.0,84.66,86.34,83.95,84.19,4791000.0
AMZN,2009-08-26,84.1,84.76,83.38,84.0,3613800.0,0.0,1.0,84.1,84.76,83.38,84.0,3613800.0
AMZN,2009-08-27,84.01,84.85,83.14,84.31,3997700.0,0.0,1.0,84.01,84.85,83.14,84.31,3997700.0
AMZN,2009-08-28,84.78,84.99,82.57,82.76,4620700.0,0.0,1.0,84.78,84.99,82.57,82.76,4620700.0
AMZN,2009-08-31,81.93,81.95,80.35,81.19,5263800.0,0.0,1.0,81.93,81.95,80.35,81.19,5263800.0
AMZN,2009-09-01,80.74,82.42,79.0,79.16,6245800.0,0.0,1.0,80.74,82.42,79.0,79.16,6245800.0
AMZN,2009-09-02,79.035,80.15,77.8,78.14,6512700.0,0.0,1.0,79.035,80.15,77.8,78.14,6512700.0
AMZN,2009-09-03,78.39,78.96,77.51,78.46,4140200.0,0.0,1.0,78.39,78.96,77.51,78.46,4140200.0
AMZN,2009-09-04,78.27,79.78,77.63,78.87,4671500.0,0.0,1.0,78.27,79.78,77.63,78.87,4671500.0
AMZN,2009-09-08,79.86,81.04,78.87,80.9,7037600.0,0.0,1.0,79.86,81.04,78.87,80.9,7037600.0
AMZN,2009-09-09,80.5999,82.63,80.5,82.24,6776200.0,0.0,1.0,80.5999,82.63,80.5,82.24,6776200.0
AMZN,2009-09-10,82.33,84.07,82.3,83.85,7023100.0,0.0,1.0,82.33,84.07,82.3,83.85,7023100.0
AMZN,2009-09-11,84.44,84.9,83.76,84.54,6006900.0,0.0,1.0,84.44,84.9,83.76,84.54,6006900.0
AMZN,2009-09-14,83.81,84.57,83.46,83.86,3572000.0,0.0,1.0,83.81,84.57,83.46,83.86,3572000.0
AMZN,2009-09-15,84.17,84.41,82.79,83.55,4446800.0,0.0,1.0,84.17,84.41,82.79,83.55,4446800.0
AMZN,2009-09-16,85.91,90.98,85.9,90.7,13114300.0,0.0,1.0,85.91,90.98,85.9,90.7,13114300.0
AMZN,2009-09-17,90.75,91.19,89.0,90.44,7872700.0,0.0,1.0,90.75,91.19,89.0,90.44,7872700.0
AMZN,2009-09-18,90.74,91.0,89.47,90.28,6769500.0,0.0,1.0,90.74,91.0,89.47,90.28,6769500.0
AMZN,2009-09-21,89.69,90.76,88.48,90.56,4209300.0,0.0,1.0,89.69,90.76,88.48,90.56,4209300.0
AMZN,2009-09-22,91.46,94.19,91.1,93.75,8264900.0,0.0,1.0,91.46,94.19,91.1,93.75,8264900.0
AMZN,2009-09-23,92.82,94.5,92.22,92.38,5685300.0,0.0,1.0,92.82,94.5,92.22,92.38,5685300.0
AMZN,2009-09-24,92.0,92.71,90.77,92.11,5075100.0,0.0,1.0,92.0,92.71,90.77,92.11,5075100.0
AMZN,2009-09-25,91.44,92.25,89.75,90.52,4256800.0,0.0,1.0,91.44,92.25,89.75,90.52,4256800.0
AMZN,2009-09-28,91.04,92.81,90.6,92.21,3508000.0,0.0,1.0,91.04,92.81,90.6,92.21,3508000.0
AMZN,2009-09-29,91.96,92.33,90.1,91.72,4393900.0,0.0,1.0,91.96,92.33,90.1,91.72,4393900.0
AMZN,2009-09-30,92.26,94.17,91.43,93.36,8539200.0,0.0,1.0,92.26,94.17,91.43,93.36,8539200.0
AMZN,2009-10-01,92.5,92.9,90.37,91.04,6645100.0,0.0,1.0,92.5,92.9,90.37,91.04,6645100.0
AMZN,2009-10-02,90.05,91.14,89.58,89.85,5039400.0,0.0,1.0,90.05,91.14,89.58,89.85,5039400.0
AMZN,2009-10-05,90.25,90.93,88.27,88.67,7028500.0,0.0,1.0,90.25,90.93,88.27,88.67,7028500.0
AMZN,2009-10-06,89.33,91.08,88.4,90.91,6963700.0,0.0,1.0,89.33,91.08,88.4,90.91,6963700.0
AMZN,2009-10-07,91.5,94.48,91.15,93.97,7445100.0,0.0,1.0,91.5,94.48,91.15,93.97,7445100.0
AMZN,2009-10-08,94.8,96.72,94.23,95.22,9674300.0,0.0,1.0,94.8,96.72,94.23,95.22,9674300.0
AMZN,2009-10-09,95.0,95.95,94.26,95.71,4694000.0,0.0,1.0,95.0,95.95,94.26,95.71,4694000.0
AMZN,2009-10-12,96.17,96.25,93.07,93.6,5591400.0,0.0,1.0,96.17,96.25,93.07,93.6,5591400.0
AMZN,2009-10-13,93.83,95.25,93.6801,94.83,4720000.0,0.0,1.0,93.83,95.25,93.6801,94.83,4720000.0
AMZN,2009-10-14,96.22,97.82,96.02,97.46,5556800.0,0.0,1.0,96.22,97.82,96.02,97.46,5556800.0
AMZN,2009-10-15,95.13,97.06,95.08,96.01,6242100.0,0.0,1.0,95.13,97.06,95.08,96.01,6242100.0
AMZN,2009-10-16,95.3,96.12,93.61,95.32,7038400.0,0.0,1.0,95.3,96.12,93.61,95.32,7038400.0
AMZN,2009-10-19,95.35,96.278,94.25,94.68,6017400.0,0.0,1.0,95.35,96.278,94.25,94.68,6017400.0
AMZN,2009-10-20,95.91,96.1,94.27,94.98,7777600.0,0.0,1.0,95.91,96.1,94.27,94.98,7777600.0
AMZN,2009-10-21,95.27,96.63,92.9106,93.42,7761200.0,0.0,1.0,95.27,96.63,92.9106,93.42,7761200.0
AMZN,2009-10-22,93.66,94.1,91.7,93.45,16518500.0,0.0,1.0,93.66,94.1,91.7,93.45,16518500.0
AMZN,2009-10-23,111.05,119.65,110.62,118.49,58305800.0,0.0,1.0,111.05,119.65,110.62,118.49,58305800.0
AMZN,2009-10-26,119.21,125.68,118.49,124.6399,32271200.0,0.0,1.0,119.21,125.68,118.49,124.6399,32271200.0
AMZN,2009-10-27,122.93,124.26,119.42,122.07,20304200.0,0.0,1.0,122.93,124.26,119.42,122.07,20304200.0
AMZN,2009-10-28,121.57,125.12,120.76,121.64,16887700.0,0.0,1.0,121.57,125.12,120.76,121.64,16887700.0
AMZN,2009-10-29,123.9,124.3,120.12,122.577,12821800.0,0.0,1.0,123.9,124.3,120.12,122.577,12821800.0
AMZN,2009-10-30,121.9699,122.9,118.21,118.81,13312200.0,0.0,1.0,121.9699,122.9,118.21,118.81,13312200.0
AMZN,2009-11-02,118.66,119.5,116.71,118.84,11280000.0,0.0,1.0,118.66,119.5,116.71,118.84,11280000.0
AMZN,2009-11-03,117.67,118.88,116.63,118.37,9478500.0,0.0,1.0,117.67,118.88,116.63,118.37,9478500.0
AMZN,2009-11-04,119.0,119.2499,116.76,117.1,7617500.0,0.0,1.0,119.0,119.2499,116.76,117.1,7617500.0
AMZN,2009-11-05,117.46,120.95,116.25,120.61,9086800.0,0.0,1.0,117.46,120.95,116.25,120.61,9086800.0
AMZN,2009-11-06,123.0,126.98,122.67,126.2,13226000.0,0.0,1.0,123.0,126.98,122.67,126.2,13226000.0
AMZN,2009-11-09,127.11,128.32,125.591,126.67,8624200.0,0.0,1.0,127.11,128.32,125.591,126.67,8624200.0
AMZN,2009-11-10,126.8,130.61,126.0,130.15,10529300.0,0.0,1.0,126.8,130.61,126.0,130.15,10529300.0
AMZN,2009-11-11,131.08,131.31,128.33,129.91,7434200.0,0.0,1.0,131.08,131.31,128.33,129.91,7434200.0
AMZN,2009-11-12,129.98,132.15,129.98,130.53,7210100.0,0.0,1.0,129.98,132.15,129.98,130.53,7210100.0
AMZN,2009-11-13,131.16,132.99,129.75,132.97,7376800.0,0.0,1.0,131.16,132.99,129.75,132.97,7376800.0
AMZN,2009-11-16,132.12,134.56,130.98,131.59,9018300.0,0.0,1.0,132.12,134.56,130.98,131.59,9018300.0
AMZN,2009-11-17,131.3999,131.85,129.32,131.25,7748000.0,0.0,1.0,131.3999,131.85,129.32,131.25,7748000.0
AMZN,2009-11-18,130.9,131.41,129.53,131.29,5213500.0,0.0,1.0,130.9,131.41,129.53,131.29,5213500.0
AMZN,2009-11-19,130.54,130.54,128.48,128.99,5998200.0,0.0,1.0,130.54,130.54,128.48,128.99,5998200.0
AMZN,2009-11-20,127.76,129.99,127.41,129.66,6652600.0,0.0,1.0,127.76,129.99,127.41,129.66,6652600.0
AMZN,2009-11-23,131.05,133.0,131.0,133.0,6878100.0,0.0,1.0,131.05,133.0,131.0,133.0,6878100.0
AMZN,2009-11-24,133.57,134.33,132.22,132.94,7319700.0,0.0,1.0,133.57,134.33,132.22,132.94,7319700.0
AMZN,2009-11-25,133.31,134.2,132.4,134.03,5071200.0,0.0,1.0,133.31,134.2,132.4,134.03,5071200.0
AMZN,2009-11-27,130.3,133.0,129.88,131.74,4422600.0,0.0,1.0,130.3,133.0,129.88,131.74,4422600.0
AMZN,2009-11-30,132.19,136.08,132.16,135.91,10119500.0,0.0,1.0,132.19,136.08,132.16,135.91,10119500.0
AMZN,2009-12-01,136.97,139.35,135.75,138.5,9657600.0,0.0,1.0,136.97,139.35,135.75,138.5,9657600.0
AMZN,2009-12-02,139.15,142.67,138.96,142.25,11798000.0,0.0,1.0,139.15,142.67,138.96,142.25,11798000.0
AMZN,2009-12-03,143.62,145.91,140.77,141.17,16523500.0,0.0,1.0,143.62,145.91,140.77,141.17,16523500.0
AMZN,2009-12-04,143.42,143.45,135.11,137.58,14827400.0,0.0,1.0,143.42,143.45,135.11,137.58,14827400.0
AMZN,2009-12-07,138.0,139.0,133.84,134.21,7837000.0,0.0,1.0,138.0,139.0,133.84,134.21,7837000.0
AMZN,2009-12-08,134.3,136.08,132.87,134.11,8002800.0,0.0,1.0,134.3,136.08,132.87,134.11,8002800.0
AMZN,2009-12-09,134.6,134.71,129.82,131.31,12632900.0,0.0,1.0,134.6,134.71,129.82,131.31,12632900.0
AMZN,2009-12-10,132.41,136.19,132.4,135.38,11343600.0,0.0,1.0,132.41,136.19,132.4,135.38,11343600.0
AMZN,2009-12-11,136.07,136.29,133.2,134.15,8046700.0,0.0,1.0,136.07,136.29,133.2,134.15,8046700.0
AMZN,2009-12-14,132.5,132.61,129.35,131.38,10022900.0,0.0,1.0,132.5,132.61,129.35,131.38,10022900.0
AMZN,2009-12-15,130.76,132.46,129.5912,130.23,7428800.0,0.0,1.0,130.76,132.46,129.5912,130.23,7428800.0
AMZN,2009-12-16,130.93,131.45,127.65,128.36,10261300.0,0.0,1.0,130.93,131.45,127.65,128.36,10261300.0
AMZN,2009-12-17,129.36,130.08,126.9,126.91,8476500.0,0.0,1.0,129.36,130.08,126.9,126.91,8476500.0
AMZN,2009-12-18,127.91,128.79,125.6474,128.48,9605400.0,0.0,1.0,127.91,128.79,125.6474,128.48,9605400.0
AMZN,2009-12-21,130.48,133.2,130.19,132.79,9473600.0,0.0,1.0,130.48,133.2,130.19,132.79,9473600.0
AMZN,2009-12-22,133.76,135.99,132.65,133.75,8257500.0,0.0,1.0,133.76,135.99,132.65,133.75,8257500.0
AMZN,2009-12-23,134.8,139.05,134.35,138.94,9546100.0,0.0,1.0,134.8,139.05,134.35,138.94,9546100.0
AMZN,2009-12-24,139.2,139.7,137.54,138.47,5128800.0,0.0,1.0,139.2,139.7,137.54,138.47,5128800.0
AMZN,2009-12-28,139.75,141.98,138.53,139.31,8763900.0,0.0,1.0,139.75,141.98,138.53,139.31,8763900.0
AMZN,2009-12-29,141.29,142.58,138.55,139.41,8400600.0,0.0,1.0,141.29,142.58,138.55,139.41,8400600.0
AMZN,2009-12-30,138.4,138.4,135.28,136.49,6913200.0,0.0,1.0,138.4,138.4,135.28,136.49,6913200.0
AMZN,2009-12-31,137.09,137.28,134.52,134.52,4523000.0,0.0,1.0,137.09,137.28,134.52,134.52,4523000.0
AMZN,2010-01-04,136.25,136.61,133.14,133.9,7599900.0,0.0,1.0,136.25,136.61,133.14,133.9,7599900.0
AMZN,2010-01-05,133.43,135.479,131.81,134.69,8851900.0,0.0,1.0,133.43,135.479,131.81,134.69,8851900.0
AMZN,2010-01-06,134.6,134.73,131.65,132.25,7178800.0,0.0,1.0,134.6,134.73,131.65,132.25,7178800.0
AMZN,2010-01-07,132.01,132.32,128.8,130.0,11030200.0,0.0,1.0,132.01,132.32,128.8,130.0,11030200.0
AMZN,2010-01-08,130.56,133.68,129.03,133.52,9830500.0,0.0,1.0,130.56,133.68,129.03,133.52,9830500.0
AMZN,2010-01-11,132.62,132.8,129.21,130.308,8779400.0,0.0,1.0,132.62,132.8,129.21,130.308,8779400.0
AMZN,2010-01-12,128.99,129.82,126.55,127.35,9096300.0,0.0,1.0,128.99,129.82,126.55,127.35,9096300.0
AMZN,2010-01-13,127.9021,129.71,125.75,129.11,10723200.0,0.0,1.0,127.9021,129.71,125.75,129.11,10723200.0
AMZN,2010-01-14,129.14,130.38,126.4,127.35,9774900.0,0.0,1.0,129.14,130.38,126.4,127.35,9774900.0
AMZN,2010-01-15,129.18,129.65,127.06,127.14,15376500.0,0.0,1.0,129.18,129.65,127.06,127.14,15376500.0
AMZN,2010-01-19,126.2,128.0,124.33,127.61,8892600.0,0.0,1.0,126.2,128.0,124.33,127.61,8892600.0
AMZN,2010-01-20,127.13,129.2,125.08,125.78,9074700.0,0.0,1.0,127.13,129.2,125.08,125.78,9074700.0
AMZN,2010-01-21,127.26,128.15,125.0,126.62,9970600.0,0.0,1.0,127.26,128.15,125.0,126.62,9970600.0
AMZN,2010-01-22,125.6,127.67,120.76,121.43,11568900.0,0.0,1.0,125.6,127.67,120.76,121.43,11568900.0
AMZN,2010-01-25,122.1,122.28,118.12,120.31,12023900.0,0.0,1.0,122.1,122.28,118.12,120.31,12023900.0
AMZN,2010-01-26,120.56,122.98,119.061,119.48,9559000.0,0.0,1.0,120.56,122.98,119.061,119.48,9559000.0
AMZN,2010-01-27,121.03,123.33,118.8,122.75,14765300.0,0.0,1.0,121.03,123.33,118.8,122.75,14765300.0
AMZN,2010-01-28,124.43,127.2,122.8,126.03,27293100.0,0.0,1.0,124.43,127.2,122.8,126.03,27293100.0
AMZN,2010-01-29,129.77,131.8499,124.14,125.41,29471300.0,0.0,1.0,129.77,131.8499,124.14,125.41,29471300.0
AMZN,2010-02-01,123.18,124.86,113.82,118.87,37774400.0,0.0,1.0,123.18,124.86,113.82,118.87,37774400.0
AMZN,2010-02-02,118.79,118.98,114.4,118.12,23079700.0,0.0,1.0,118.79,118.98,114.4,118.12,23079700.0
AMZN,2010-02-03,117.12,119.61,116.56,119.1,12405900.0,0.0,1.0,117.12,119.61,116.56,119.1,12405900.0
AMZN,2010-02-04,118.64,120.33,115.74,115.94,12784000.0,0.0,1.0,118.64,120.33,115.74,115.94,12784000.0
AMZN,2010-02-05,115.88,117.65,114.1,117.39,11024800.0,0.0,1.0,115.88,117.65,114.1,117.39,11024800.0
AMZN,2010-02-08,119.375,121.0,116.56,116.83,9890200.0,0.0,1.0,119.375,121.0,116.56,116.83,9890200.0
AMZN,2010-02-09,118.2,119.09,117.0,118.03,9223000.0,0.0,1.0,118.2,119.09,117.0,118.03,9223000.0
AMZN,2010-02-10,118.0,118.61,116.0,117.36,6233200.0,0.0,1.0,118.0,118.61,116.0,117.36,6233200.0
AMZN,2010-02-11,117.21,120.4201,116.5,120.09,8343500.0,0.0,1.0,117.21,120.4201,116.5,120.09,8343500.0
AMZN,2010-02-12,118.99,119.94,117.5,119.66,8073500.0,0.0,1.0,118.99,119.94,117.5,119.66,8073500.0
AMZN,2010-02-16,120.06,120.5,117.18,117.53,8932700.0,0.0,1.0,120.06,120.5,117.18,117.53,8932700.0
AMZN,2010-02-17,117.075,117.13,115.55,116.31,8944800.0,0.0,1.0,117.075,117.13,115.55,116.31,8944800.0
AMZN,2010-02-18,115.8386,118.51,114.82,118.08,9800100.0,0.0,1.0,115.8386,118.51,114.82,118.08,9800100.0
AMZN,2010-02-19,117.91,119.09,117.0,117.52,7115600.0,0.0,1.0,117.91,119.09,117.0,117.52,7115600.0
AMZN,2010-02-22,117.37,118.97,116.18,118.01,6807300.0,0.0,1.0,117.37,118.97,116.18,118.01,6807300.0
AMZN,2010-02-23,118.01,119.25,116.51,117.24,7068200.0,0.0,1.0,118.01,119.25,116.51,117.24,7068200.0
AMZN,2010-02-24,117.96,119.8,117.15,119.72,7389900.0,0.0,1.0,117.96,119.8,117.15,119.72,7389900.0
AMZN,2010-02-25,118.17,118.34,115.85,118.2,9533400.0,0.0,1.0,118.17,118.34,115.85,118.2,9533400.0
AMZN,2010-02-26,117.88,119.43,117.0,118.4,5721600.0,0.0,1.0,117.88,119.43,117.0,118.4,5721600.0
AMZN,2010-03-01,118.85,124.66,117.53,124.54,13296500.0,0.0,1.0,118.85,124.66,117.53,124.54,13296500.0
AMZN,2010-03-02,125.01,127.35,124.8,125.53,12097500.0,0.0,1.0,125.01,127.35,124.8,125.53,12097500.0
AMZN,2010-03-03,125.4,126.94,124.43,125.89,6440400.0,0.0,1.0,125.4,126.94,124.43,125.89,6440400.0
AMZN,2010-03-04,125.96,128.85,125.57,128.53,7509700.0,0.0,1.0,125.96,128.85,125.57,128.53,7509700.0
AMZN,2010-03-05,129.13,129.45,127.07,128.91,6769300.0,0.0,1.0,129.13,129.45,127.07,128.91,6769300.0
AMZN,2010-03-08,128.3,130.85,127.71,130.11,5605900.0,0.0,1.0,128.3,130.85,127.71,130.11,5605900.0
AMZN,2010-03-09,129.59,130.81,127.97,128.82,6070800.0,0.0,1.0,129.59,130.81,127.97,128.82,6070800.0
AMZN,2010-03-10,129.11,131.17,128.48,130.51,5625700.0,0.0,1.0,129.11,131.17,128.48,130.51,5625700.0
AMZN,2010-03-11,130.45,133.62,130.36,133.58,7240800.0,0.0,1.0,130.45,133.62,130.36,133.58,7240800.0
AMZN,2010-03-12,134.2,134.2,131.18,131.82,6150800.0,0.0,1.0,134.2,134.2,131.18,131.82,6150800.0
AMZN,2010-03-15,131.7,132.0,128.63,131.13,6329200.0,0.0,1.0,131.7,132.0,128.63,131.13,6329200.0
AMZN,2010-03-16,131.24,132.29,130.5,131.79,4132500.0,0.0,1.0,131.24,132.29,130.5,131.79,4132500.0
AMZN,2010-03-17,132.41,132.694,131.22,131.34,4358800.0,0.0,1.0,132.41,132.694,131.22,131.34,4358800.0
AMZN,2010-03-18,131.02,132.85,130.44,132.76,5021300.0,0.0,1.0,131.02,132.85,130.44,132.76,5021300.0
AMZN,2010-03-19,133.71,133.71,129.66,130.35,8905000.0,0.0,1.0,133.71,133.71,129.66,130.35,8905000.0
AMZN,2010-03-22,130.2,130.96,128.64,130.47,5383400.0,0.0,1.0,130.2,130.96,128.64,130.47,5383400.0
AMZN,2010-03-23,130.89,130.94,128.07,129.26,4213100.0,0.0,1.0,130.89,130.94,128.07,129.26,4213100.0
AMZN,2010-03-24,128.64,129.4,127.2,128.04,4696400.0,0.0,1.0,128.64,129.4,127.2,128.04,4696400.0
AMZN,2010-03-25,129.6101,136.91,128.04,134.73,16209600.0,0.0,1.0,129.6101,136.91,128.04,134.73,16209600.0
AMZN,2010-03-26,134.895,136.99,133.76,135.06,6565700.0,0.0,1.0,134.895,136.99,133.76,135.06,6565700.0
AMZN,2010-03-29,135.37,136.63,134.33,135.12,4626900.0,0.0,1.0,135.37,136.63,134.33,135.12,4626900.0
AMZN,2010-03-30,135.74,138.19,135.36,136.579,6192700.0,0.0,1.0,135.74,138.19,135.36,136.579,6192700.0
AMZN,2010-03-31,136.0,136.8,134.48,135.77,4600600.0,0.0,1.0,136.0,136.8,134.48,135.77,4600600.0
AMZN,2010-04-01,135.8,136.51,131.18,131.81,8785800.0,0.0,1.0,135.8,136.51,131.18,131.81,8785800.0
AMZN,2010-04-05,132.85,133.74,130.78,131.49,5816500.0,0.0,1.0,132.85,133.74,130.78,131.49,5816500.0
AMZN,2010-04-06,131.23,136.0,131.18,135.56,7950300.0,0.0,1.0,131.23,136.0,131.18,135.56,7950300.0
AMZN,2010-04-07,135.96,136.08,133.86,134.87,5945400.0,0.0,1.0,135.96,136.08,133.86,134.87,5945400.0
AMZN,2010-04-08,134.71,141.25,134.71,140.96,12689100.0,0.0,1.0,134.71,141.25,134.71,140.96,12689100.0
AMZN,2010-04-09,140.72,141.33,139.07,140.06,6011100.0,0.0,1.0,140.72,141.33,139.07,140.06,6011100.0
AMZN,2010-04-12,140.0,142.915,139.68,141.2,5445300.0,0.0,1.0,140.0,142.915,139.68,141.2,5445300.0
AMZN,2010-04-13,141.23,141.98,139.12,140.16,4785500.0,0.0,1.0,141.23,141.98,139.12,140.16,4785500.0
AMZN,2010-04-14,140.34,144.5,139.2,144.28,7900300.0,0.0,1.0,140.34,144.5,139.2,144.28,7900300.0
AMZN,2010-04-15,144.55,147.09,144.0,145.82,7829600.0,0.0,1.0,144.55,147.09,144.0,145.82,7829600.0
AMZN,2010-04-16,144.88,147.17,141.45,142.171,8396800.0,0.0,1.0,144.88,147.17,141.45,142.171,8396800.0
AMZN,2010-04-19,142.35,143.67,139.13,142.43,6022000.0,0.0,1.0,142.35,143.67,139.13,142.43,6022000.0
AMZN,2010-04-20,143.83,144.64,142.1,144.2,4311700.0,0.0,1.0,143.83,144.64,142.1,144.2,4311700.0
AMZN,2010-04-21,145.17,149.0,143.5219,146.43,7374400.0,0.0,1.0,145.17,149.0,143.5219,146.43,7374400.0
AMZN,2010-04-22,147.01,151.09,145.88,150.09,15165800.0,0.0,1.0,147.01,151.09,145.88,150.09,15165800.0
AMZN,2010-04-23,145.38,149.09,142.42,143.63,18975200.0,0.0,1.0,145.38,149.09,142.42,143.63,18975200.0
AMZN,2010-04-26,143.2,147.73,142.9,147.11,9318300.0,0.0,1.0,143.2,147.73,142.9,147.11,9318300.0
AMZN,2010-04-27,145.55,146.44,141.11,142.02,8639000.0,0.0,1.0,145.55,146.44,141.11,142.02,8639000.0
AMZN,2010-04-28,142.59,142.75,138.69,139.35,9235300.0,0.0,1.0,142.59,142.75,138.69,139.35,9235300.0
AMZN,2010-04-29,140.09,142.45,139.79,141.73,6314200.0,0.0,1.0,140.09,142.45,139.79,141.73,6314200.0
AMZN,2010-04-30,141.4,141.4,136.91,137.1,6113500.0,0.0,1.0,141.4,141.4,136.91,137.1,6113500.0
AMZN,2010-05-03,137.2,139.44,136.11,137.49,5654600.0,0.0,1.0,137.2,139.44,136.11,137.49,5654600.0
AMZN,2010-05-04,135.6225,135.81,128.38,129.83,12667800.0,0.0,1.0,135.6225,135.81,128.38,129.83,12667800.0
AMZN,2010-05-05,128.0,131.61,127.55,130.93,9458100.0,0.0,1.0,128.0,131.61,127.55,130.93,9458100.0
AMZN,2010-05-06,130.0,132.33,120.6,128.71,10189000.0,0.0,1.0,130.0,132.33,120.6,128.71,10189000.0
AMZN,2010-05-07,127.97,131.18,123.76,124.98,11927600.0,0.0,1.0,127.97,131.18,123.76,124.98,11927600.0
AMZN,2010-05-10,129.73,132.21,129.26,131.29,6806100.0,0.0,1.0,129.73,132.21,129.26,131.29,6806100.0
AMZN,2010-05-11,129.95,133.08,128.47,130.46,6044100.0,0.0,1.0,129.95,133.08,128.47,130.46,6044100.0
AMZN,2010-05-12,131.41,134.13,129.68,133.87,5904500.0,0.0,1.0,131.41,134.13,129.68,133.87,5904500.0
AMZN,2010-05-13,133.93,136.99,131.0,131.47,5940200.0,0.0,1.0,133.93,136.99,131.0,131.47,5940200.0
AMZN,2010-05-14,130.36,131.0,126.76,128.533,5277800.0,0.0,1.0,130.36,131.0,126.76,128.533,5277800.0
AMZN,2010-05-17,128.24,129.95,125.8,128.91,5642200.0,0.0,1.0,128.24,129.95,125.8,128.91,5642200.0
AMZN,2010-05-18,130.14,131.25,125.51,126.28,5256900.0,0.0,1.0,130.14,131.25,125.51,126.28,5256900.0
AMZN,2010-05-19,125.51,127.93,123.8,124.59,6463300.0,0.0,1.0,125.51,127.93,123.8,124.59,6463300.0
AMZN,2010-05-20,122.64,125.0,118.78,119.71,8594400.0,0.0,1.0,122.64,125.0,118.78,119.71,8594400.0
AMZN,2010-05-21,117.895,124.97,117.52,122.72,7966900.0,0.0,1.0,117.895,124.97,117.52,122.72,7966900.0
AMZN,2010-05-24,122.57,124.5,120.65,122.12,4535900.0,0.0,1.0,122.57,124.5,120.65,122.12,4535900.0
AMZN,2010-05-25,118.54,125.19,118.5,124.86,6913400.0,0.0,1.0,118.54,125.19,118.5,124.86,6913400.0
AMZN,2010-05-26,125.05,125.79,122.3,123.21,6964600.0,0.0,1.0,125.05,125.79,122.3,123.21,6964600.0
AMZN,2010-05-27,124.98,126.85,120.6,126.7,4747700.0,0.0,1.0,124.98,126.85,120.6,126.7,4747700.0
AMZN,2010-05-28,126.07,127.6,124.01,125.46,3954800.0,0.0,1.0,126.07,127.6,124.01,125.46,3954800.0
AMZN,2010-06-01,124.97,126.572,123.02,123.24,3659500.0,0.0,1.0,124.97,126.572,123.02,123.24,3659500.0
AMZN,2010-06-02,124.02,126.43,121.65,126.31,4764700.0,0.0,1.0,124.02,126.43,121.65,126.31,4764700.0
AMZN,2010-06-03,126.25,129.15,124.85,128.76,5276900.0,0.0,1.0,126.25,129.15,124.85,128.76,5276900.0
AMZN,2010-06-04,126.33,128.2,122.18,122.77,5497700.0,0.0,1.0,126.33,128.2,122.18,122.77,5497700.0
AMZN,2010-06-07,125.84,126.606,121.6744,122.01,6566400.0,0.0,1.0,125.84,126.606,121.6744,122.01,6566400.0
AMZN,2010-06-08,122.0,122.0,115.8,118.835,11484400.0,0.0,1.0,122.0,122.0,115.8,118.835,11484400.0
AMZN,2010-06-09,120.31,121.47,117.36,117.91,7369200.0,0.0,1.0,120.31,121.47,117.36,117.91,7369200.0
AMZN,2010-06-10,120.0,123.5,119.2,123.21,6061800.0,0.0,1.0,120.0,123.5,119.2,123.21,6061800.0
AMZN,2010-06-11,121.39,123.53,120.29,123.03,4204600.0,0.0,1.0,121.39,123.53,120.29,123.03,4204600.0
AMZN,2010-06-14,124.24,125.7,123.5,123.83,3923000.0,0.0,1.0,124.24,125.7,123.5,123.83,3923000.0
AMZN,2010-06-15,123.2,126.92,122.5,126.84,4541000.0,0.0,1.0,123.2,126.92,122.5,126.84,4541000.0
AMZN,2010-06-16,125.39,127.98,125.365,126.9,3964300.0,0.0,1.0,125.39,127.98,125.365,126.9,3964300.0
AMZN,2010-06-17,126.74,127.8,124.69,125.89,3479000.0,0.0,1.0,126.74,127.8,124.69,125.89,3479000.0
AMZN,2010-06-18,126.48,127.48,125.07,125.83,3836000.0,0.0,1.0,126.48,127.48,125.07,125.83,3836000.0
AMZN,2010-06-21,126.79,127.48,121.41,122.55,5327700.0,0.0,1.0,126.79,127.48,121.41,122.55,5327700.0
AMZN,2010-06-22,122.65,125.23,121.55,122.307,6207200.0,0.0,1.0,122.65,125.23,121.55,122.307,6207200.0
AMZN,2010-06-23,122.11,123.22,120.04,121.45,5455100.0,0.0,1.0,122.11,123.22,120.04,121.45,5455100.0
AMZN,2010-06-24,120.61,120.85,116.8,118.33,7771100.0,0.0,1.0,120.61,120.85,116.8,118.33,7771100.0
AMZN,2010-06-25,118.14,121.76,117.626,121.0,5769700.0,0.0,1.0,118.14,121.76,117.626,121.0,5769700.0
AMZN,2010-06-28,118.85,120.04,117.1,117.8,5612200.0,0.0,1.0,118.85,120.04,117.1,117.8,5612200.0
AMZN,2010-06-29,116.26,116.48,106.01,108.61,12866300.0,0.0,1.0,116.26,116.48,106.01,108.61,12866300.0
AMZN,2010-06-30,108.58,112.68,108.11,109.26,9740700.0,0.0,1.0,108.58,112.68,108.11,109.26,9740700.0
AMZN,2010-07-01,108.9,111.69,106.7,110.96,8529800.0,0.0,1.0,108.9,111.69,106.7,110.96,8529800.0
AMZN,2010-07-02,110.92,111.29,108.56,109.14,4477100.0,0.0,1.0,110.92,111.29,108.56,109.14,4477100.0
AMZN,2010-07-06,110.65,112.53,109.0,110.06,5219300.0,0.0,1.0,110.65,112.53,109.0,110.06,5219300.0
AMZN,2010-07-07,109.84,113.63,109.81,113.43,4941000.0,0.0,1.0,109.84,113.63,109.81,113.43,4941000.0
AMZN,2010-07-08,115.02,117.48,114.07,116.22,6775000.0,0.0,1.0,115.02,117.48,114.07,116.22,6775000.0
AMZN,2010-07-09,116.55,117.4,114.65,117.26,4065100.0,0.0,1.0,116.55,117.4,114.65,117.26,4065100.0
AMZN,2010-07-12,117.81,119.7,117.32,119.51,4783600.0,0.0,1.0,117.81,119.7,117.32,119.51,4783600.0
AMZN,2010-07-13,120.69,124.88,120.3,123.65,7091100.0,0.0,1.0,120.69,124.88,120.3,123.65,7091100.0
AMZN,2010-07-14,123.03,123.75,121.4749,123.3,5257000.0,0.0,1.0,123.03,123.75,121.4749,123.3,5257000.0
AMZN,2010-07-15,120.13,122.48,119.26,122.06,6047700.0,0.0,1.0,120.13,122.48,119.26,122.06,6047700.0
AMZN,2010-07-16,121.28,121.92,118.01,118.49,6227900.0,0.0,1.0,121.28,121.92,118.01,118.49,6227900.0
AMZN,2010-07-19,118.38,120.74,117.0,119.94,5030900.0,0.0,1.0,118.38,120.74,117.0,119.94,5030900.0
AMZN,2010-07-20,120.61,120.71,117.51,120.1,6785000.0,0.0,1.0,120.61,120.71,117.51,120.1,6785000.0
AMZN,2010-07-21,120.62,121.25,117.26,117.43,5011700.0,0.0,1.0,120.62,121.25,117.26,117.43,5011700.0
AMZN,2010-07-22,118.71,120.87,118.02,120.07,15003400.0,0.0,1.0,118.71,120.87,118.02,120.07,15003400.0
AMZN,2010-07-23,105.925,119.28,105.8,118.87,42421100.0,0.0,1.0,105.925,119.28,105.8,118.87,42421100.0
AMZN,2010-07-26,118.26,118.6,114.88,118.4,11137800.0,0.0,1.0,118.26,118.6,114.88,118.4,11137800.0
AMZN,2010-07-27,118.43,118.5,115.0658,117.13,7796100.0,0.0,1.0,118.43,118.5,115.0658,117.13,7796100.0
AMZN,2010-07-28,117.0,118.2,116.4,117.13,5472300.0,0.0,1.0,117.0,118.2,116.4,117.13,5472300.0
AMZN,2010-07-29,117.99,118.87,115.52,116.86,6175800.0,0.0,1.0,117.99,118.87,115.52,116.86,6175800.0
AMZN,2010-07-30,115.53,118.74,114.51,117.89,7077500.0,0.0,1.0,115.53,118.74,114.51,117.89,7077500.0
AMZN,2010-08-02,119.15,120.38,117.57,120.07,5443700.0,0.0,1.0,119.15,120.38,117.57,120.07,5443700.0
AMZN,2010-08-03,120.0,122.87,119.68,122.42,5953800.0,0.0,1.0,120.0,122.87,119.68,122.42,5953800.0
AMZN,2010-08-04,123.06,128.47,123.0,127.58,9270800.0,0.0,1.0,123.06,128.47,123.0,127.58,9270800.0
AMZN,2010-08-05,126.77,128.0,125.82,127.83,4282300.0,0.0,1.0,126.77,128.0,125.82,127.83,4282300.0
AMZN,2010-08-06,126.72,128.4,125.9,128.32,5065200.0,0.0,1.0,126.72,128.4,125.9,128.32,5065200.0
AMZN,2010-08-09,128.46,129.93,127.8501,128.83,5085800.0,0.0,1.0,128.46,129.93,127.8501,128.83,5085800.0
AMZN,2010-08-10,127.95,130.0,127.38,130.0,5706900.0,0.0,1.0,127.95,130.0,127.38,130.0,5706900.0
AMZN,2010-08-11,128.1,128.12,125.2,125.89,5541700.0,0.0,1.0,128.1,128.12,125.2,125.89,5541700.0
AMZN,2010-08-12,123.76,127.0,123.55,126.56,4367900.0,0.0,1.0,123.76,127.0,123.55,126.56,4367900.0
AMZN,2010-08-13,126.06,127.48,124.26,124.69,3976600.0,0.0,1.0,126.06,127.48,124.26,124.69,3976600.0
AMZN,2010-08-16,123.61,127.37,123.04,126.07,4024700.0,0.0,1.0,123.61,127.37,123.04,126.07,4024700.0
AMZN,2010-08-17,127.34,129.98,126.79,128.86,5044700.0,0.0,1.0,127.34,129.98,126.79,128.86,5044700.0
AMZN,2010-08-18,129.25,130.81,128.26,129.65,7901500.0,0.0,1.0,129.25,130.81,128.26,129.65,7901500.0
AMZN,2010-08-19,129.22,130.02,126.82,127.57,5582500.0,0.0,1.0,129.22,130.02,126.82,127.57,5582500.0
AMZN,2010-08-20,127.2,128.04,126.02,127.76,4170100.0,0.0,1.0,127.2,128.04,126.02,127.76,4170100.0
AMZN,2010-08-23,127.86,129.22,126.5,126.6,3861300.0,0.0,1.0,127.86,129.22,126.5,126.6,3861300.0
AMZN,2010-08-24,125.41,125.44,123.18,124.53,5369700.0,0.0,1.0,125.41,125.44,123.18,124.53,5369700.0
AMZN,2010-08-25,123.85,127.37,123.83,126.85,5344500.0,0.0,1.0,123.85,127.37,123.83,126.85,5344500.0
AMZN,2010-08-26,127.15,127.59,124.82,124.86,4694500.0,0.0,1.0,127.15,127.59,124.82,124.86,4694500.0
AMZN,2010-08-27,125.46,126.64,122.25,126.64,5080000.0,0.0,1.0,125.46,126.64,122.25,126.64,5080000.0
AMZN,2010-08-30,126.03,126.95,123.69,123.79,3426000.0,0.0,1.0,126.03,126.95,123.69,123.79,3426000.0
AMZN,2010-08-31,122.85,125.9,122.5,124.83,4225600.0,0.0,1.0,122.85,125.9,122.5,124.83,4225600.0
AMZN,2010-09-01,126.36,132.599,126.17,132.49,7138300.0,0.0,1.0,126.36,132.599,126.17,132.49,7138300.0
AMZN,2010-09-02,132.17,135.21,132.05,135.21,5407400.0,0.0,1.0,132.17,135.21,132.05,135.21,5407400.0
AMZN,2010-09-03,136.89,139.5,136.625,138.79,6581200.0,0.0,1.0,136.89,139.5,136.625,138.79,6581200.0
AMZN,2010-09-07,137.56,138.6,136.89,137.22,3883000.0,0.0,1.0,137.56,138.6,136.89,137.22,3883000.0
AMZN,2010-09-08,137.93,139.7,136.45,139.14,5828500.0,0.0,1.0,137.93,139.7,136.45,139.14,5828500.0
AMZN,2010-09-09,140.3872,141.37,139.26,140.38,4958000.0,0.0,1.0,140.3872,141.37,139.26,140.38,4958000.0
AMZN,2010-09-10,140.75,142.6001,140.04,142.44,5043600.0,0.0,1.0,140.75,142.6001,140.04,142.44,5043600.0
AMZN,2010-09-13,144.07,145.74,143.76,145.07,5077400.0,0.0,1.0,144.07,145.74,143.76,145.07,5077400.0
AMZN,2010-09-14,144.5,146.7,143.832,145.75,4319400.0,0.0,1.0,144.5,146.7,143.832,145.75,4319400.0
AMZN,2010-09-15,144.88,145.62,143.56,145.45,4903600.0,0.0,1.0,144.88,145.62,143.56,145.45,4903600.0
AMZN,2010-09-16,145.4,148.23,145.16,148.13,5827000.0,0.0,1.0,145.4,148.23,145.16,148.13,5827000.0
AMZN,2010-09-17,148.9,148.98,146.5,148.325,7259600.0,0.0,1.0,148.9,148.98,146.5,148.325,7259600.0
AMZN,2010-09-20,148.7,151.95,147.35,151.3048,6449400.0,0.0,1.0,148.7,151.95,147.35,151.3048,6449400.0
AMZN,2010-09-21,150.76,153.31,149.6,150.73,7542000.0,0.0,1.0,150.76,153.31,149.6,150.73,7542000.0
AMZN,2010-09-22,149.84,152.7,149.1,151.83,6612400.0,0.0,1.0,149.84,152.7,149.1,151.83,6612400.0
AMZN,2010-09-23,151.2,155.92,150.97,152.85,7065600.0,0.0,1.0,151.2,155.92,150.97,152.85,7065600.0
AMZN,2010-09-24,155.43,160.89,155.42,160.73,10590600.0,0.0,1.0,155.43,160.89,155.42,160.73,10590600.0
AMZN,2010-09-27,160.22,161.2,157.88,159.37,6446300.0,0.0,1.0,160.22,161.2,157.88,159.37,6446300.0
AMZN,2010-09-28,159.84,160.88,154.89,159.7,8494200.0,0.0,1.0,159.84,160.88,154.89,159.7,8494200.0
AMZN,2010-09-29,159.03,161.78,157.75,158.99,7287500.0,0.0,1.0,159.03,161.78,157.75,158.99,7287500.0
AMZN,2010-09-30,160.01,160.93,155.6,157.06,7606000.0,0.0,1.0,160.01,160.93,155.6,157.06,7606000.0
AMZN,2010-10-01,157.06,157.44,152.2,153.71,8683400.0,0.0,1.0,157.06,157.44,152.2,153.71,8683400.0
AMZN,2010-10-04,153.95,155.96,152.79,155.39,5346500.0,0.0,1.0,153.95,155.96,152.79,155.39,5346500.0
AMZN,2010-10-05,157.08,161.21,157.01,160.87,5620000.0,0.0,1.0,157.08,161.21,157.01,160.87,5620000.0
AMZN,2010-10-06,160.6,160.68,154.6,155.4,6060800.0,0.0,1.0,160.6,160.68,154.6,155.4,6060800.0
AMZN,2010-10-07,156.51,157.4,153.39,156.27,4622000.0,0.0,1.0,156.51,157.4,153.39,156.27,4622000.0
AMZN,2010-10-08,155.18,156.28,152.78,155.55,6918400.0,0.0,1.0,155.18,156.28,152.78,155.55,6918400.0
AMZN,2010-10-11,154.89,156.63,152.34,153.03,4486400.0,0.0,1.0,154.89,156.63,152.34,153.03,4486400.0
AMZN,2010-10-12,152.51,156.95,151.4,156.48,5280800.0,0.0,1.0,152.51,156.95,151.4,156.48,5280800.0
AMZN,2010-10-13,156.69,156.79,153.85,155.17,5632800.0,0.0,1.0,156.69,156.79,153.85,155.17,5632800.0
AMZN,2010-10-14,155.16,156.9499,154.23,155.53,4024100.0,0.0,1.0,155.16,156.9499,154.23,155.53,4024100.0
AMZN,2010-10-15,158.4199,164.88,156.75,164.64,10135500.0,0.0,1.0,158.4199,164.88,156.75,164.64,10135500.0
AMZN,2010-10-18,165.0,165.19,161.82,163.56,6331300.0,0.0,1.0,165.0,165.19,161.82,163.56,6331300.0
AMZN,2010-10-19,160.68,162.8,157.0,158.67,7525000.0,0.0,1.0,160.68,162.8,157.0,158.67,7525000.0
AMZN,2010-10-20,158.78,159.87,156.57,158.67,5790400.0,0.0,1.0,158.78,159.87,156.57,158.67,5790400.0
AMZN,2010-10-21,162.67,166.13,161.29,164.97,13482500.0,0.0,1.0,162.67,166.13,161.29,164.97,13482500.0
AMZN,2010-10-22,162.45,170.17,162.27,169.13,16318400.0,0.0,1.0,162.45,170.17,162.27,169.13,16318400.0
AMZN,2010-10-25,171.57,171.99,168.32,169.0,6530900.0,0.0,1.0,171.57,171.99,168.32,169.0,6530900.0
AMZN,2010-10-26,167.5701,171.0,167.5,169.95,4689600.0,0.0,1.0,167.5701,171.0,167.5,169.95,4689600.0
AMZN,2010-10-27,168.91,169.75,166.54,167.51,5721800.0,0.0,1.0,168.91,169.75,166.54,167.51,5721800.0
AMZN,2010-10-28,168.31,168.49,165.05,166.84,4684400.0,0.0,1.0,168.31,168.49,165.05,166.84,4684400.0
AMZN,2010-10-29,165.8,168.5,164.81,165.23,4998500.0,0.0,1.0,165.8,168.5,164.81,165.23,4998500.0
AMZN,2010-11-01,164.45,164.58,161.52,162.58,5239900.0,0.0,1.0,164.45,164.58,161.52,162.58,5239900.0
AMZN,2010-11-02,163.75,165.94,163.36,164.61,4260000.0,0.0,1.0,163.75,165.94,163.36,164.61,4260000.0
AMZN,2010-11-03,165.4,168.61,162.29,168.47,6112100.0,0.0,1.0,165.4,168.61,162.29,168.47,6112100.0
AMZN,2010-11-04,169.86,172.53,168.4,168.93,7395900.0,0.0,1.0,169.86,172.53,168.4,168.93,7395900.0
AMZN,2010-11-05,169.35,171.65,168.59,170.77,5212200.0,0.0,1.0,169.35,171.65,168.59,170.77,5212200.0
AMZN,2010-11-08,170.84,173.2,168.78,171.99,5706000.0,0.0,1.0,170.84,173.2,168.78,171.99,5706000.0
AMZN,2010-11-09,172.67,173.14,169.06,170.27,3978600.0,0.0,1.0,172.67,173.14,169.06,170.27,3978600.0
AMZN,2010-11-10,170.59,173.37,169.41,173.33,5440300.0,0.0,1.0,170.59,173.37,169.41,173.33,5440300.0
AMZN,2010-11-11,171.0,172.05,169.4201,170.37,5691700.0,0.0,1.0,171.0,172.05,169.4201,170.37,5691700.0
AMZN,2010-11-12,170.12,171.26,165.05,165.68,7160600.0,0.0,1.0,170.12,171.26,165.05,165.68,7160600.0
AMZN,2010-11-15,165.16,165.35,158.56,158.9,9648600.0,0.0,1.0,165.16,165.35,158.56,158.9,9648600.0
AMZN,2010-11-16,158.74,160.91,156.77,157.78,6571400.0,0.0,1.0,158.74,160.91,156.77,157.78,6571400.0
AMZN,2010-11-17,157.84,160.85,157.55,158.35,4524900.0,0.0,1.0,157.84,160.85,157.55,158.35,4524900.0
AMZN,2010-11-18,160.7401,165.0,160.7401,164.17,6225300.0,0.0,1.0,160.7401,165.0,160.7401,164.17,6225300.0
AMZN,2010-11-19,163.95,164.99,162.84,164.82,4464800.0,0.0,1.0,163.95,164.99,162.84,164.82,4464800.0
AMZN,2010-11-22,165.1,170.6,165.0,170.39,6142500.0,0.0,1.0,165.1,170.6,165.0,170.39,6142500.0
AMZN,2010-11-23,168.61,168.81,164.62,168.2,6465300.0,0.0,1.0,168.61,168.81,164.62,168.2,6465300.0
AMZN,2010-11-24,171.53,177.89,171.53,177.25,10042500.0,0.0,1.0,171.53,177.89,171.53,177.25,10042500.0
AMZN,2010-11-26,177.36,178.38,176.16,177.2,4271600.0,0.0,1.0,177.36,178.38,176.16,177.2,4271600.0
AMZN,2010-11-29,179.99,181.8425,177.57,179.49,9695000.0,0.0,1.0,179.99,181.8425,177.57,179.49,9695000.0
AMZN,2010-11-30,176.95,177.7,174.9,175.4,6762200.0,0.0,1.0,176.95,177.7,174.9,175.4,6762200.0
AMZN,2010-12-01,179.16,179.32,176.0,176.55,5770100.0,0.0,1.0,179.16,179.32,176.0,176.55,5770100.0
AMZN,2010-12-02,176.86,177.45,173.92,176.53,5537600.0,0.0,1.0,176.86,177.45,173.92,176.53,5537600.0
AMZN,2010-12-03,175.5,176.4,174.05,175.68,4907500.0,0.0,1.0,175.5,176.4,174.05,175.68,4907500.0
AMZN,2010-12-06,175.52,178.43,174.6,178.05,5654200.0,0.0,1.0,175.52,178.43,174.6,178.05,5654200.0
AMZN,2010-12-07,180.5,181.47,176.57,176.77,5077100.0,0.0,1.0,180.5,181.47,176.57,176.77,5077100.0
AMZN,2010-12-08,177.49,178.16,175.2,176.29,3726900.0,0.0,1.0,177.49,178.16,175.2,176.29,3726900.0
AMZN,2010-12-09,177.77,178.11,173.8,174.85,4555500.0,0.0,1.0,177.77,178.11,173.8,174.85,4555500.0
AMZN,2010-12-10,174.88,175.95,173.36,175.62,3565500.0,0.0,1.0,174.88,175.95,173.36,175.62,3565500.0
AMZN,2010-12-13,176.33,177.94,173.73,174.25,4202500.0,0.0,1.0,176.33,177.94,173.73,174.25,4202500.0
AMZN,2010-12-14,174.28,175.76,173.09,173.94,3685300.0,0.0,1.0,174.28,175.76,173.09,173.94,3685300.0
AMZN,2010-12-15,173.72,179.0,173.5909,175.57,5810500.0,0.0,1.0,173.72,179.0,173.5909,175.57,5810500.0
AMZN,2010-12-16,175.58,178.3,175.04,178.04,4121500.0,0.0,1.0,175.58,178.3,175.04,178.04,4121500.0
AMZN,2010-12-17,178.41,178.75,177.02,177.58,4507300.0,0.0,1.0,178.41,178.75,177.02,177.58,4507300.0
AMZN,2010-12-20,179.27,183.98,178.04,183.29,8735300.0,0.0,1.0,179.27,183.98,178.04,183.29,8735300.0
AMZN,2010-12-21,183.88,185.65,182.6001,184.75,5111000.0,0.0,1.0,183.88,185.65,182.6001,184.75,5111000.0
AMZN,2010-12-22,185.0,185.45,184.11,184.76,2578100.0,0.0,1.0,185.0,185.45,184.11,184.76,2578100.0
AMZN,2010-12-23,184.34,184.98,181.8905,182.59,3358200.0,0.0,1.0,184.34,184.98,181.8905,182.59,3358200.0
AMZN,2010-12-27,181.9019,183.14,180.45,182.14,2249400.0,0.0,1.0,181.9019,183.14,180.45,182.14,2249400.0
AMZN,2010-12-28,182.1,182.77,181.05,181.09,1975000.0,0.0,1.0,182.1,182.77,181.05,181.09,1975000.0
AMZN,2010-12-29,181.8,184.35,180.41,183.37,3120100.0,0.0,1.0,181.8,184.35,180.41,183.37,3120100.0
AMZN,2010-12-30,183.92,184.55,182.75,182.75,1961200.0,0.0,1.0,183.92,184.55,182.75,182.75,1961200.0
AMZN,2010-12-31,181.96,182.3,179.51,180.0,3451900.0,0.0,1.0,181.96,182.3,179.51,180.0,3451900.0
AMZN,2011-01-03,181.37,186.0,181.21,184.22,5331400.0,0.0,1.0,181.37,186.0,181.21,184.22,5331400.0
AMZN,2011-01-04,186.15,187.6995,183.78,185.01,5031800.0,0.0,1.0,186.15,187.6995,183.78,185.01,5031800.0
AMZN,2011-01-05,184.1,187.45,184.07,187.42,3418800.0,0.0,1.0,184.1,187.45,184.07,187.42,3418800.0
AMZN,2011-01-06,186.5,187.41,185.25,185.86,3179700.0,0.0,1.0,186.5,187.41,185.25,185.86,3179700.0
AMZN,2011-01-07,187.88,188.45,183.74,185.49,5221700.0,0.0,1.0,187.88,188.45,183.74,185.49,5221700.0
AMZN,2011-01-10,185.04,185.29,182.51,184.68,3375900.0,0.0,1.0,185.04,185.29,182.51,184.68,3375900.0
AMZN,2011-01-11,185.42,186.0,183.21,184.34,2814200.0,0.0,1.0,185.42,186.0,183.21,184.34,2814200.0
AMZN,2011-01-12,185.36,185.38,183.3,184.08,2679100.0,0.0,1.0,185.36,185.38,183.3,184.08,2679100.0
AMZN,2011-01-13,183.6,186.45,183.51,185.53,3367000.0,0.0,1.0,183.6,186.45,183.51,185.53,3367000.0
AMZN,2011-01-14,185.5,188.94,184.92,188.75,3662800.0,0.0,1.0,185.5,188.94,184.92,188.75,3662800.0
AMZN,2011-01-18,188.66,191.6,188.25,191.25,3896200.0,0.0,1.0,188.66,191.6,188.25,191.25,3896200.0
AMZN,2011-01-19,190.9,191.0,186.21,186.87,3882400.0,0.0,1.0,190.9,191.0,186.21,186.87,3882400.0
AMZN,2011-01-20,185.29,186.85,181.0,181.96,5709900.0,0.0,1.0,185.29,186.85,181.0,181.96,5709900.0
AMZN,2011-01-21,183.0001,183.25,176.84,177.42,6806200.0,0.0,1.0,183.0001,183.25,176.84,177.42,6806200.0
AMZN,2011-01-24,177.95,178.49,174.1475,176.85,5600300.0,0.0,1.0,177.95,178.49,174.1475,176.85,5600300.0
AMZN,2011-01-25,175.5017,176.75,174.28,176.7,4651000.0,0.0,1.0,175.5017,176.75,174.28,176.7,4651000.0
AMZN,2011-01-26,177.51,177.89,174.63,175.39,3762200.0,0.0,1.0,177.51,177.89,174.63,175.39,3762200.0
AMZN,2011-01-27,177.48,185.0,177.31,184.45,14594400.0,0.0,1.0,177.48,185.0,177.31,184.45,14594400.0
AMZN,2011-01-28,171.45,173.71,166.9,171.14,19908200.0,0.0,1.0,171.45,173.71,166.9,171.14,19908200.0
AMZN,2011-01-31,170.16,171.44,167.41,169.64,6718100.0,0.0,1.0,170.16,171.44,167.41,169.64,6718100.0
AMZN,2011-02-01,170.52,173.1,169.51,172.11,5085900.0,0.0,1.0,170.52,173.1,169.51,172.11,5085900.0
AMZN,2011-02-02,171.42,175.2,170.87,173.53,4547500.0,0.0,1.0,171.42,175.2,170.87,173.53,4547500.0
AMZN,2011-02-03,173.5,174.67,171.95,173.71,3678900.0,0.0,1.0,173.5,174.67,171.95,173.71,3678900.0
AMZN,2011-02-04,174.0,177.19,173.75,175.93,4347800.0,0.0,1.0,174.0,177.19,173.75,175.93,4347800.0
AMZN,2011-02-07,176.15,177.55,174.77,176.43,5254700.0,0.0,1.0,176.15,177.55,174.77,176.43,5254700.0
AMZN,2011-02-08,176.66,183.11,176.59,183.06,7794900.0,0.0,1.0,176.66,183.11,176.59,183.06,7794900.0
AMZN,2011-02-09,183.15,186.47,182.26,185.3,8312700.0,0.0,1.0,183.15,186.47,182.26,185.3,8312700.0
AMZN,2011-02-10,184.39,187.24,183.6,186.21,5331400.0,0.0,1.0,184.39,187.24,183.6,186.21,5331400.0
AMZN,2011-02-11,185.5619,189.5,185.37,189.25,4487900.0,0.0,1.0,185.5619,189.5,185.37,189.25,4487900.0
AMZN,2011-02-14,189.25,191.4,188.35,190.42,4061300.0,0.0,1.0,189.25,191.4,188.35,190.42,4061300.0
AMZN,2011-02-15,188.73,190.49,188.25,189.03,3890900.0,0.0,1.0,188.73,190.49,188.25,189.03,3890900.0
AMZN,2011-02-16,189.77,190.0,186.35,186.62,4628200.0,0.0,1.0,189.77,190.0,186.35,186.62,4628200.0
AMZN,2011-02-17,185.77,189.09,185.31,187.76,3425500.0,0.0,1.0,185.77,189.09,185.31,187.76,3425500.0
AMZN,2011-02-18,187.54,188.5,185.13,186.5,4178600.0,0.0,1.0,187.54,188.5,185.13,186.5,4178600.0
AMZN,2011-02-22,183.68,184.72,179.32,180.42,5637100.0,0.0,1.0,183.68,184.72,179.32,180.42,5637100.0
AMZN,2011-02-23,180.25,181.15,174.39,176.68,5482000.0,0.0,1.0,180.25,181.15,174.39,176.68,5482000.0
AMZN,2011-02-24,176.86,179.75,174.56,177.75,4656500.0,0.0,1.0,176.86,179.75,174.56,177.75,4656500.0
AMZN,2011-02-25,178.95,180.75,177.1,177.24,4191400.0,0.0,1.0,178.95,180.75,177.1,177.24,4191400.0
AMZN,2011-02-28,173.91,175.89,172.15,173.29,6783200.0,0.0,1.0,173.91,175.89,172.15,173.29,6783200.0
AMZN,2011-03-01,173.53,173.96,168.67,169.44,5847100.0,0.0,1.0,173.53,173.96,168.67,169.44,5847100.0
AMZN,2011-03-02,169.09,173.3,168.35,172.02,5185700.0,0.0,1.0,169.09,173.3,168.35,172.02,5185700.0
AMZN,2011-03-03,173.71,174.46,172.05,172.79,4138200.0,0.0,1.0,173.71,174.46,172.05,172.79,4138200.0
AMZN,2011-03-04,172.62,172.75,169.51,171.67,4924300.0,0.0,1.0,172.62,172.75,169.51,171.67,4924300.0
AMZN,2011-03-07,171.92,172.09,166.24,169.08,5932900.0,0.0,1.0,171.92,172.09,166.24,169.08,5932900.0
AMZN,2011-03-08,169.39,169.71,166.72,166.89,4219000.0,0.0,1.0,169.39,169.71,166.72,166.89,4219000.0
AMZN,2011-03-09,166.67,169.75,163.9,169.05,7108900.0,0.0,1.0,166.67,169.75,163.9,169.05,7108900.0
AMZN,2011-03-10,167.07,168.47,164.82,166.14,5998400.0,0.0,1.0,167.07,168.47,164.82,166.14,5998400.0
AMZN,2011-03-11,165.5,169.2,164.12,168.07,4609900.0,0.0,1.0,165.5,169.2,164.12,168.07,4609900.0
AMZN,2011-03-14,166.6,168.08,164.57,166.73,4022000.0,0.0,1.0,166.6,168.08,164.57,166.73,4022000.0
AMZN,2011-03-15,161.39,166.88,160.76,165.08,4934500.0,0.0,1.0,161.39,166.88,160.76,165.08,4934500.0
AMZN,2011-03-16,164.7,168.14,162.8701,164.7,5208100.0,0.0,1.0,164.7,168.14,162.8701,164.7,5208100.0
AMZN,2011-03-17,165.91,166.3,160.78,160.97,6471400.0,0.0,1.0,165.91,166.3,160.78,160.97,6471400.0
AMZN,2011-03-18,161.19,163.54,160.59,161.82,7442700.0,0.0,1.0,161.19,163.54,160.59,161.82,7442700.0
AMZN,2011-03-21,163.37,165.79,161.72,164.525,4055100.0,0.0,1.0,163.37,165.79,161.72,164.525,4055100.0
AMZN,2011-03-22,164.07,164.44,162.25,162.6,3611400.0,0.0,1.0,164.07,164.44,162.25,162.6,3611400.0
AMZN,2011-03-23,162.3,166.26,160.82,165.32,4721300.0,0.0,1.0,162.3,166.26,160.82,165.32,4721300.0
AMZN,2011-03-24,168.21,172.0,167.36,171.1,6283200.0,0.0,1.0,168.21,172.0,167.36,171.1,6283200.0
AMZN,2011-03-25,171.64,173.49,170.3,170.98,4293800.0,0.0,1.0,171.64,173.49,170.3,170.98,4293800.0
AMZN,2011-03-28,171.8,172.5,169.25,169.35,3400800.0,0.0,1.0,171.8,172.5,169.25,169.35,3400800.0
AMZN,2011-03-29,170.73,174.84,170.07,174.62,4884600.0,0.0,1.0,170.73,174.84,170.07,174.62,4884600.0
AMZN,2011-03-30,177.78,181.16,177.66,179.42,6859300.0,0.0,1.0,177.78,181.16,177.66,179.42,6859300.0
AMZN,2011-03-31,179.31,181.57,178.5,180.13,4826500.0,0.0,1.0,179.31,181.57,178.5,180.13,4826500.0
AMZN,2011-04-01,181.58,183.25,178.59,180.13,5684100.0,0.0,1.0,181.58,183.25,178.59,180.13,5684100.0
AMZN,2011-04-04,180.89,183.61,180.69,182.94,4186400.0,0.0,1.0,180.89,183.61,180.69,182.94,4186400.0
AMZN,2011-04-05,182.105,186.36,181.8,185.29,5569200.0,0.0,1.0,182.105,186.36,181.8,185.29,5569200.0
AMZN,2011-04-06,186.15,188.27,181.12,182.76,5430700.0,0.0,1.0,186.15,188.27,181.12,182.76,5430700.0
AMZN,2011-04-07,182.78,185.17,181.76,184.91,4564000.0,0.0,1.0,182.78,185.17,181.76,184.91,4564000.0
AMZN,2011-04-08,185.26,186.22,182.78,184.71,3726400.0,0.0,1.0,185.26,186.22,182.78,184.71,3726400.0
AMZN,2011-04-11,184.86,186.49,181.85,184.04,3297100.0,0.0,1.0,184.86,186.49,181.85,184.04,3297100.0
AMZN,2011-04-12,183.06,184.59,179.42,180.48,5334500.0,0.0,1.0,183.06,184.59,179.42,180.48,5334500.0
AMZN,2011-04-13,180.83,182.88,179.8,182.29,4216300.0,0.0,1.0,180.83,182.88,179.8,182.29,4216300.0
AMZN,2011-04-14,181.39,182.08,179.36,181.82,3588200.0,0.0,1.0,181.39,182.08,179.36,181.82,3588200.0
AMZN,2011-04-15,181.0,181.78,179.0196,180.01,4272400.0,0.0,1.0,181.0,181.78,179.0196,180.01,4272400.0
AMZN,2011-04-18,178.38,178.91,175.37,178.34,4616500.0,0.0,1.0,178.38,178.91,175.37,178.34,4616500.0
AMZN,2011-04-19,178.35,179.47,176.6,178.82,2646000.0,0.0,1.0,178.35,179.47,176.6,178.82,2646000.0
AMZN,2011-04-20,181.62,185.0,181.59,183.87,4067500.0,0.0,1.0,181.62,185.0,181.59,183.87,4067500.0
AMZN,2011-04-21,184.56,185.97,183.046,185.89,3348100.0,0.0,1.0,184.56,185.97,183.046,185.89,3348100.0
AMZN,2011-04-25,185.65,186.35,183.77,185.42,3438100.0,0.0,1.0,185.65,186.35,183.77,185.42,3438100.0
AMZN,2011-04-26,186.27,186.42,180.738,182.3,11200000.0,0.0,1.0,186.27,186.42,180.738,182.3,11200000.0
AMZN,2011-04-27,183.2,197.8,182.75,196.63,23623000.0,0.0,1.0,183.2,197.8,182.75,196.63,23623000.0
AMZN,2011-04-28,195.96,196.79,192.27,195.07,7300000.0,0.0,1.0,195.96,196.79,192.27,195.07,7300000.0
AMZN,2011-04-29,194.38,196.59,193.78,195.81,6640900.0,0.0,1.0,194.38,196.59,193.78,195.81,6640900.0
AMZN,2011-05-02,196.57,203.42,196.18,201.19,9398100.0,0.0,1.0,196.57,203.42,196.18,201.19,9398100.0
AMZN,2011-05-03,201.0,202.59,196.69,198.45,6100000.0,0.0,1.0,201.0,202.59,196.69,198.45,6100000.0
AMZN,2011-05-04,198.25,201.86,195.37,199.97,6550000.0,0.0,1.0,198.25,201.86,195.37,199.97,6550000.0
AMZN,2011-05-05,198.66,201.0,196.12,197.11,4600000.0,0.0,1.0,198.66,201.0,196.12,197.11,4600000.0
AMZN,2011-05-06,199.1,199.56,196.56,197.6,4013900.0,0.0,1.0,199.1,199.56,196.56,197.6,4013900.0
AMZN,2011-05-09,198.34,202.36,196.78,200.8,5825400.0,0.0,1.0,198.34,202.36,196.78,200.8,5825400.0
AMZN,2011-05-10,201.94,205.29,201.56,203.94,5885900.0,0.0,1.0,201.94,205.29,201.56,203.94,5885900.0
AMZN,2011-05-11,203.12,205.5,202.25,204.38,4809000.0,0.0,1.0,203.12,205.5,202.25,204.38,4809000.0
AMZN,2011-05-12,204.22,206.1852,200.62,206.07,4800000.0,0.0,1.0,204.22,206.1852,200.62,206.07,4800000.0
AMZN,2011-05-13,205.7,206.39,202.36,202.56,4123700.0,0.0,1.0,205.7,206.39,202.36,202.56,4123700.0
AMZN,2011-05-16,200.54,200.9,191.37,192.51,9386400.0,0.0,1.0,200.54,200.9,191.37,192.51,9386400.0
AMZN,2011-05-17,191.8166,195.98,191.76,194.81,7073300.0,0.0,1.0,191.8166,195.98,191.76,194.81,7073300.0
AMZN,2011-05-18,194.13,198.283,193.25,197.09,4955800.0,0.0,1.0,194.13,198.283,193.25,197.09,4955800.0
AMZN,2011-05-19,198.33,199.95,197.55,198.805,3701200.0,0.0,1.0,198.33,199.95,197.55,198.805,3701200.0
AMZN,2011-05-20,197.95,199.8,197.24,198.65,3381000.0,0.0,1.0,197.95,199.8,197.24,198.65,3381000.0
AMZN,2011-05-23,195.56,197.29,192.02,196.22,4200000.0,0.0,1.0,195.56,197.29,192.02,196.22,4200000.0
AMZN,2011-05-24,197.0,197.0,193.0,193.27,2972700.0,0.0,1.0,197.0,197.0,193.0,193.27,2972700.0
AMZN,2011-05-25,193.57,194.35,191.14,192.26,4661300.0,0.0,1.0,193.57,194.35,191.14,192.26,4661300.0
AMZN,2011-05-26,191.24,196.45,190.88,195.0,4075200.0,0.0,1.0,191.24,196.45,190.88,195.0,4075200.0
AMZN,2011-05-27,194.76,196.12,193.5,194.13,2352600.0,0.0,1.0,194.76,196.12,193.5,194.13,2352600.0
AMZN,2011-05-31,195.94,198.44,195.03,196.69,3409000.0,0.0,1.0,195.94,198.44,195.03,196.69,3409000.0
AMZN,2011-06-01,196.06,197.26,192.05,192.395,3445200.0,0.0,1.0,196.06,197.26,192.05,192.395,3445200.0
AMZN,2011-06-02,192.28,194.44,190.56,193.65,3044900.0,0.0,1.0,192.28,194.44,190.56,193.65,3044900.0
AMZN,2011-06-03,191.23,193.21,187.62,188.32,4974500.0,0.0,1.0,191.23,193.21,187.62,188.32,4974500.0
AMZN,2011-06-06,187.22,189.85,185.18,185.69,3716000.0,0.0,1.0,187.22,189.85,185.18,185.69,3716000.0
AMZN,2011-06-07,185.72,190.63,185.52,187.55,4866500.0,0.0,1.0,185.72,190.63,185.52,187.55,4866500.0
AMZN,2011-06-08,187.4499,189.81,186.32,188.05,3716600.0,0.0,1.0,187.4499,189.81,186.32,188.05,3716600.0
AMZN,2011-06-09,189.74,191.76,185.71,189.68,4187300.0,0.0,1.0,189.74,191.76,185.71,189.68,4187300.0
AMZN,2011-06-10,189.25,190.77,186.28,186.53,3760400.0,0.0,1.0,189.25,190.77,186.28,186.53,3760400.0
AMZN,2011-06-13,186.81,189.31,184.86,186.29,3868900.0,0.0,1.0,186.81,189.31,184.86,186.29,3868900.0
AMZN,2011-06-14,188.99,190.72,187.07,189.96,3960300.0,0.0,1.0,188.99,190.72,187.07,189.96,3960300.0
AMZN,2011-06-15,188.04,192.45,185.3,185.98,6317700.0,0.0,1.0,188.04,192.45,185.3,185.98,6317700.0
AMZN,2011-06-16,185.74,187.0,181.59,183.65,6032100.0,0.0,1.0,185.74,187.0,181.59,183.65,6032100.0
AMZN,2011-06-17,186.51,187.39,184.64,186.37,6322200.0,0.0,1.0,186.51,187.39,184.64,186.37,6322200.0
AMZN,2011-06-20,185.96,188.852,185.57,187.72,2831700.0,0.0,1.0,185.96,188.852,185.57,187.72,2831700.0
AMZN,2011-06-21,188.3,195.0,187.12,194.23,4182600.0,0.0,1.0,188.3,195.0,187.12,194.23,4182600.0
AMZN,2011-06-22,193.96,195.2,191.32,191.63,3129700.0,0.0,1.0,193.96,195.2,191.32,191.63,3129700.0
AMZN,2011-06-23,189.5,194.46,188.3,194.16,4609600.0,0.0,1.0,189.5,194.46,188.3,194.16,4609600.0
AMZN,2011-06-24,193.88,194.92,191.35,192.55,3614500.0,0.0,1.0,193.88,194.92,191.35,192.55,3614500.0
AMZN,2011-06-27,194.5,202.58,194.03,201.25,6100700.0,0.0,1.0,194.5,202.58,194.03,201.25,6100700.0
AMZN,2011-06-28,201.92,202.88,200.6,202.35,3825300.0,0.0,1.0,201.92,202.88,200.6,202.35,3825300.0
AMZN,2011-06-29,202.67,206.25,201.03,204.18,4608900.0,0.0,1.0,202.67,206.25,201.03,204.18,4608900.0
AMZN,2011-06-30,200.78,205.2,200.5,204.49,4448100.0,0.0,1.0,200.78,205.2,200.5,204.49,4448100.0
AMZN,2011-07-01,205.55,210.27,203.61,209.49,4008700.0,0.0,1.0,205.55,210.27,203.61,209.49,4008700.0
AMZN,2011-07-05,208.76,214.45,208.73,213.19,3585200.0,0.0,1.0,208.76,214.45,208.73,213.19,3585200.0
AMZN,2011-07-06,212.12,214.4,211.0101,214.19,2607600.0,0.0,1.0,212.12,214.4,211.0101,214.19,2607600.0
AMZN,2011-07-07,215.09,217.8,215.09,216.74,3144900.0,0.0,1.0,215.09,217.8,215.09,216.74,3144900.0
AMZN,2011-07-08,214.3,218.32,213.25,218.28,3707900.0,0.0,1.0,214.3,218.32,213.25,218.28,3707900.0
AMZN,2011-07-11,216.74,217.5,211.0,212.55,4033700.0,0.0,1.0,216.74,217.5,211.0,212.55,4033700.0
AMZN,2011-07-12,214.64,215.65,211.12,211.23,3985700.0,0.0,1.0,214.64,215.65,211.12,211.23,3985700.0
AMZN,2011-07-13,214.7,216.83,212.14,213.5,4229900.0,0.0,1.0,214.7,216.83,212.14,213.5,4229900.0
AMZN,2011-07-14,213.58,215.91,209.38,210.38,3902500.0,0.0,1.0,213.58,215.91,209.38,210.38,3902500.0
AMZN,2011-07-15,213.08,214.53,209.29,212.87,4072600.0,0.0,1.0,213.08,214.53,209.29,212.87,4072600.0
AMZN,2011-07-18,212.53,213.39,208.29,211.53,2898100.0,0.0,1.0,212.53,213.39,208.29,211.53,2898100.0
AMZN,2011-07-19,213.77,218.4,213.77,218.06,4437200.0,0.0,1.0,213.77,218.4,213.77,218.06,4437200.0
AMZN,2011-07-20,220.05,220.2,214.41,215.55,3372900.0,0.0,1.0,220.05,220.2,214.41,215.55,3372900.0
AMZN,2011-07-21,216.74,217.09,211.07,213.21,4545300.0,0.0,1.0,216.74,217.09,211.07,213.21,4545300.0
AMZN,2011-07-22,213.86,217.949,211.11,216.52,3591700.0,0.0,1.0,213.86,217.949,211.11,216.52,3591700.0
AMZN,2011-07-25,215.49,216.08,213.0,213.49,3342800.0,0.0,1.0,215.49,216.08,213.0,213.49,3342800.0
AMZN,2011-07-26,214.99,215.6,210.35,214.18,9863600.0,0.0,1.0,214.99,215.6,210.35,214.18,9863600.0
AMZN,2011-07-27,224.39,227.2,219.62,222.518,12955600.0,0.0,1.0,224.39,227.2,219.62,222.518,12955600.0
AMZN,2011-07-28,223.27,225.95,220.23,223.9,5354900.0,0.0,1.0,223.27,225.95,220.23,223.9,5354900.0
AMZN,2011-07-29,221.29,225.75,219.51,222.52,5167700.0,0.0,1.0,221.29,225.75,219.51,222.52,5167700.0
AMZN,2011-08-01,225.0,227.45,217.66,221.32,5789300.0,0.0,1.0,225.0,227.45,217.66,221.32,5789300.0
AMZN,2011-08-02,220.32,222.43,211.3,211.7,6586700.0,0.0,1.0,220.32,222.43,211.3,211.7,6586700.0
AMZN,2011-08-03,212.97,214.83,205.54,209.96,8197100.0,0.0,1.0,212.97,214.83,205.54,209.96,8197100.0
AMZN,2011-08-04,206.73,208.0,201.45,201.48,6579500.0,0.0,1.0,206.73,208.0,201.45,201.48,6579500.0
AMZN,2011-08-05,204.67,207.32,194.84,202.7,10024000.0,0.0,1.0,204.67,207.32,194.84,202.7,10024000.0
AMZN,2011-08-08,196.4,200.39,190.05,193.7,10427500.0,0.0,1.0,196.4,200.39,190.05,193.7,10427500.0
AMZN,2011-08-09,196.7,205.09,190.46,205.09,10491200.0,0.0,1.0,196.7,205.09,190.46,205.09,10491200.0
AMZN,2011-08-10,200.76,202.4,193.6,194.13,8757600.0,0.0,1.0,200.76,202.4,193.6,194.13,8757600.0
AMZN,2011-08-11,197.0088,200.85,191.36,198.36,7401900.0,0.0,1.0,197.0088,200.85,191.36,198.36,7401900.0
AMZN,2011-08-12,200.28,204.56,197.21,202.3,5620400.0,0.0,1.0,200.28,204.56,197.21,202.3,5620400.0
AMZN,2011-08-15,202.06,205.28,198.32,202.95,4785900.0,0.0,1.0,202.06,205.28,198.32,202.95,4785900.0
AMZN,2011-08-16,201.14,201.39,194.75,197.68,5205900.0,0.0,1.0,201.14,201.39,194.75,197.68,5205900.0
AMZN,2011-08-17,198.53,199.6,193.74,195.93,3991100.0,0.0,1.0,198.53,199.6,193.74,195.93,3991100.0
AMZN,2011-08-18,191.21,191.34,179.72,182.52,8275200.0,0.0,1.0,191.21,191.34,179.72,182.52,8275200.0
AMZN,2011-08-19,180.29,190.0,177.55,178.93,7244200.0,0.0,1.0,180.29,190.0,177.55,178.93,7244200.0
AMZN,2011-08-22,182.83,184.2,177.1,177.54,5313700.0,0.0,1.0,182.83,184.2,177.1,177.54,5313700.0
AMZN,2011-08-23,178.92,194.84,178.52,193.55,7351600.0,0.0,1.0,178.92,194.84,178.52,193.55,7351600.0
AMZN,2011-08-24,193.89,196.31,190.17,193.73,6248700.0,0.0,1.0,193.89,196.31,190.17,193.73,6248700.0
AMZN,2011-08-25,194.41,196.99,191.07,192.03,3760800.0,0.0,1.0,194.41,196.99,191.07,192.03,3760800.0
AMZN,2011-08-26,191.24,199.72,189.6,199.27,5310700.0,0.0,1.0,191.24,199.72,189.6,199.27,5310700.0
AMZN,2011-08-29,202.82,206.67,202.55,206.53,4511000.0,0.0,1.0,202.82,206.67,202.55,206.53,4511000.0
AMZN,2011-08-30,205.78,212.49,204.3214,210.92,5915700.0,0.0,1.0,205.78,212.49,204.3214,210.92,5915700.0
AMZN,2011-08-31,212.27,216.17,211.35,215.23,7405000.0,0.0,1.0,212.27,216.17,211.35,215.23,7405000.0
AMZN,2011-09-01,215.28,217.64,211.62,212.54,5275300.0,0.0,1.0,215.28,217.64,211.62,212.54,5275300.0
AMZN,2011-09-02,208.94,210.69,207.0,210.0,4232000.0,0.0,1.0,208.94,210.69,207.0,210.0,4232000.0
AMZN,2011-09-06,204.77,216.6,204.47,216.18,6216200.0,0.0,1.0,204.77,216.6,204.47,216.18,6216200.0
AMZN,2011-09-07,218.8,220.19,214.22,219.9,5295800.0,0.0,1.0,218.8,220.19,214.22,219.9,5295800.0
AMZN,2011-09-08,218.3,220.64,216.34,217.26,4397900.0,0.0,1.0,218.3,220.64,216.34,217.26,4397900.0
AMZN,2011-09-09,215.05,216.96,209.75,211.39,4574300.0,0.0,1.0,215.05,216.96,209.75,211.39,4574300.0
AMZN,2011-09-12,212.66,216.66,208.65,216.56,5342100.0,0.0,1.0,212.66,216.66,208.65,216.56,5342100.0
AMZN,2011-09-13,217.79,219.95,215.01,219.53,4835900.0,0.0,1.0,217.79,219.95,215.01,219.53,4835900.0
AMZN,2011-09-14,220.22,224.99,216.724,222.57,5881700.0,0.0,1.0,220.22,224.99,216.724,222.57,5881700.0
AMZN,2011-09-15,223.99,227.2,221.25,226.78,5608800.0,0.0,1.0,223.99,227.2,221.25,226.78,5608800.0
AMZN,2011-09-16,227.57,240.44,226.74,239.3,11753000.0,0.0,1.0,227.57,240.44,226.74,239.3,11753000.0
AMZN,2011-09-19,237.11,244.0,232.8801,241.69,8223300.0,0.0,1.0,237.11,244.0,232.8801,241.69,8223300.0
AMZN,2011-09-20,240.8,241.05,231.03,233.25,7385500.0,0.0,1.0,240.8,241.05,231.03,233.25,7385500.0
AMZN,2011-09-21,234.51,240.52,231.81,231.87,5881500.0,0.0,1.0,234.51,240.52,231.81,231.87,5881500.0
AMZN,2011-09-22,224.72,228.79,219.0,223.23,8254600.0,0.0,1.0,224.72,228.79,219.0,223.23,8254600.0
AMZN,2011-09-23,220.51,224.49,219.061,223.61,6468100.0,0.0,1.0,220.51,224.49,219.061,223.61,6468100.0
AMZN,2011-09-26,227.48,230.24,221.4,229.85,5794100.0,0.0,1.0,227.48,230.24,221.4,229.85,5794100.0
AMZN,2011-09-27,234.22,234.75,222.4,224.21,7837500.0,0.0,1.0,234.22,234.75,222.4,224.21,7837500.0
AMZN,2011-09-28,226.35,235.81,225.6,229.71,14436900.0,0.0,1.0,226.35,235.81,225.6,229.71,14436900.0
AMZN,2011-09-29,234.17,234.3,216.29,222.44,9378500.0,0.0,1.0,234.17,234.3,216.29,222.44,9378500.0
AMZN,2011-09-30,218.19,223.0,215.21,216.23,6550300.0,0.0,1.0,218.19,223.0,215.21,216.23,6550300.0
AMZN,2011-10-03,217.01,221.6,211.39,211.98,6624400.0,0.0,1.0,217.01,221.6,211.39,211.98,6624400.0
AMZN,2011-10-04,209.62,215.0,200.43,212.5,8711600.0,0.0,1.0,209.62,215.0,200.43,212.5,8711600.0
AMZN,2011-10-05,212.53,220.17,208.481,219.498,6508200.0,0.0,1.0,212.53,220.17,208.481,219.498,6508200.0
AMZN,2011-10-06,220.28,223.62,217.55,221.51,6849300.0,0.0,1.0,220.28,223.62,217.55,221.51,6849300.0
AMZN,2011-10-07,222.48,227.9,218.41,224.74,6784300.0,0.0,1.0,222.48,227.9,218.41,224.74,6784300.0
AMZN,2011-10-10,226.23,232.8,224.1,231.32,5143100.0,0.0,1.0,226.23,232.8,224.1,231.32,5143100.0
AMZN,2011-10-11,230.6,236.75,229.0,235.48,5003700.0,0.0,1.0,230.6,236.75,229.0,235.48,5003700.0
AMZN,2011-10-12,236.64,241.84,234.33,236.81,6510800.0,0.0,1.0,236.64,241.84,234.33,236.81,6510800.0
AMZN,2011-10-13,237.0,239.68,235.23,236.15,4833500.0,0.0,1.0,237.0,239.68,235.23,236.15,4833500.0
AMZN,2011-10-14,240.87,246.71,240.18,246.71,5923700.0,0.0,1.0,240.87,246.71,240.18,246.71,5923700.0
AMZN,2011-10-17,244.2901,246.71,240.67,242.33,4779000.0,0.0,1.0,244.2901,246.71,240.67,242.33,4779000.0
AMZN,2011-10-18,242.31,244.61,236.624,243.88,4609700.0,0.0,1.0,242.31,244.61,236.624,243.88,4609700.0
AMZN,2011-10-19,240.67,243.33,229.25,231.53,6715100.0,0.0,1.0,240.67,243.33,229.25,231.53,6715100.0
AMZN,2011-10-20,232.13,234.739,229.8,233.61,4524900.0,0.0,1.0,232.13,234.739,229.8,233.61,4524900.0
AMZN,2011-10-21,236.91,236.9999,230.6,234.78,4572500.0,0.0,1.0,236.91,236.9999,230.6,234.78,4572500.0
AMZN,2011-10-24,236.02,240.47,234.0,237.61,4975800.0,0.0,1.0,236.02,240.47,234.0,237.61,4975800.0
AMZN,2011-10-25,238.59,239.01,225.89,227.15,14012600.0,0.0,1.0,238.59,239.01,225.89,227.15,14012600.0
AMZN,2011-10-26,203.69,207.58,196.51,198.4,24134200.0,0.0,1.0,203.69,207.58,196.51,198.4,24134200.0
AMZN,2011-10-27,204.26,208.6,201.1,206.78,10774300.0,0.0,1.0,204.26,208.6,201.1,206.78,10774300.0
AMZN,2011-10-28,206.53,218.4,205.75,217.32,9880400.0,0.0,1.0,206.53,218.4,205.75,217.32,9880400.0
AMZN,2011-10-31,215.79,218.89,213.04,213.51,7343300.0,0.0,1.0,215.79,218.89,213.04,213.51,7343300.0
AMZN,2011-11-01,208.11,216.21,207.43,212.105,8511800.0,0.0,1.0,208.11,216.21,207.43,212.105,8511800.0
AMZN,2011-11-02,215.55,216.79,212.72,215.62,6122000.0,0.0,1.0,215.55,216.79,212.72,215.62,6122000.0
AMZN,2011-11-03,216.305,218.5,213.02,218.29,5315000.0,0.0,1.0,216.305,218.5,213.02,218.29,5315000.0
AMZN,2011-11-04,217.65,218.23,214.3308,216.48,4065800.0,0.0,1.0,217.65,218.23,214.3308,216.48,4065800.0
AMZN,2011-11-07,216.84,220.2,214.0,217.0,3860000.0,0.0,1.0,216.84,220.2,214.0,217.0,3860000.0
AMZN,2011-11-08,219.2,219.35,215.21,217.99,3914500.0,0.0,1.0,219.2,219.35,215.21,217.99,3914500.0
AMZN,2011-11-09,214.95,215.7,210.6,211.22,4680600.0,0.0,1.0,214.95,215.7,210.6,211.22,4680600.0
AMZN,2011-11-10,213.5,214.0592,208.1,210.79,5044600.0,0.0,1.0,213.5,214.0592,208.1,210.79,5044600.0
AMZN,2011-11-11,212.52,217.88,210.31,217.39,5163100.0,0.0,1.0,212.52,217.88,210.31,217.39,5163100.0
AMZN,2011-11-14,215.65,222.35,214.25,218.93,6522200.0,0.0,1.0,215.65,222.35,214.25,218.93,6522200.0
AMZN,2011-11-15,218.0,220.3275,214.26,217.83,5739000.0,0.0,1.0,218.0,220.3275,214.26,217.83,5739000.0
AMZN,2011-11-16,216.2701,216.97,211.23,211.99,5509400.0,0.0,1.0,216.2701,216.97,211.23,211.99,5509400.0
AMZN,2011-11-17,212.51,212.9,202.1,204.52,7983100.0,0.0,1.0,212.51,212.9,202.1,204.52,7983100.0
AMZN,2011-11-18,205.33,205.34,197.11,197.14,8437500.0,0.0,1.0,205.33,205.34,197.11,197.14,8437500.0
AMZN,2011-11-21,193.29,193.36,185.05,189.25,11321200.0,0.0,1.0,193.29,193.36,185.05,189.25,11321200.0
AMZN,2011-11-22,186.95,194.04,183.58,192.34,9915600.0,0.0,1.0,186.95,194.04,183.58,192.34,9915600.0
AMZN,2011-11-23,193.06,194.6,187.89,188.99,8011300.0,0.0,1.0,193.06,194.6,187.89,188.99,8011300.0
AMZN,2011-11-25,190.41,190.83,181.51,182.399,4972000.0,0.0,1.0,190.41,190.83,181.51,182.399,4972000.0
AMZN,2011-11-28,191.65,194.6197,190.54,194.15,7207300.0,0.0,1.0,191.65,194.6197,190.54,194.15,7207300.0
AMZN,2011-11-29,194.78,195.5,187.3,188.39,6575100.0,0.0,1.0,194.78,195.5,187.3,188.39,6575100.0
AMZN,2011-11-30,194.76,195.3,188.75,192.29,7717000.0,0.0,1.0,194.76,195.3,188.75,192.29,7717000.0
AMZN,2011-12-01,191.85,198.075,191.59,197.13,7327700.0,0.0,1.0,191.85,198.075,191.59,197.13,7327700.0
AMZN,2011-12-02,197.07,199.66,195.18,196.03,7526200.0,0.0,1.0,197.07,199.66,195.18,196.03,7526200.0
AMZN,2011-12-05,198.86,199.0,193.6677,196.24,5922100.0,0.0,1.0,198.86,199.0,193.6677,196.24,5922100.0
AMZN,2011-12-06,195.98,198.32,190.11,191.99,5202000.0,0.0,1.0,195.98,198.32,190.11,191.99,5202000.0
AMZN,2011-12-07,191.03,196.71,189.12,195.32,6427300.0,0.0,1.0,191.03,196.71,189.12,195.32,6427300.0
AMZN,2011-12-08,193.57,195.89,190.08,190.48,4361100.0,0.0,1.0,193.57,195.89,190.08,190.48,4361100.0
AMZN,2011-12-09,191.21,193.95,188.4,193.03,5158800.0,0.0,1.0,191.21,193.95,188.4,193.03,5158800.0
AMZN,2011-12-12,190.03,191.15,187.63,189.52,4343200.0,0.0,1.0,190.03,191.15,187.63,189.52,4343200.0
AMZN,2011-12-13,188.56,189.68,178.5,180.51,9297300.0,0.0,1.0,188.56,189.68,178.5,180.51,9297300.0
AMZN,2011-12-14,179.0,180.75,170.25,180.21,11614200.0,0.0,1.0,179.0,180.75,170.25,180.21,11614200.0
AMZN,2011-12-15,182.05,184.799,179.53,181.26,7259900.0,0.0,1.0,182.05,184.799,179.53,181.26,7259900.0
AMZN,2011-12-16,182.42,184.41,180.31,181.26,6664100.0,0.0,1.0,182.42,184.41,180.31,181.26,6664100.0
AMZN,2011-12-19,182.0,183.17,179.0,179.33,4533600.0,0.0,1.0,182.0,183.17,179.0,179.33,4533600.0
AMZN,2011-12-20,182.69,183.17,180.54,182.52,4600100.0,0.0,1.0,182.69,183.17,180.54,182.52,4600100.0
AMZN,2011-12-21,181.92,183.5,172.49,174.35,8066700.0,0.0,1.0,181.92,183.5,172.49,174.35,8066700.0
AMZN,2011-12-22,175.09,179.67,174.21,179.03,4694900.0,0.0,1.0,175.09,179.67,174.21,179.03,4694900.0
AMZN,2011-12-23,179.22,179.68,175.6,177.28,3496500.0,0.0,1.0,179.22,179.68,175.6,177.28,3496500.0
AMZN,2011-12-27,177.73,178.5947,176.16,176.27,2950900.0,0.0,1.0,177.73,178.5947,176.16,176.27,2950900.0
AMZN,2011-12-28,176.39,176.65,172.28,173.89,3659500.0,0.0,1.0,176.39,176.65,172.28,173.89,3659500.0
AMZN,2011-12-29,169.62,174.55,166.97,173.86,8209300.0,0.0,1.0,169.62,174.55,166.97,173.86,8209300.0
AMZN,2011-12-30,173.36,175.17,172.49,173.1,4279800.0,0.0,1.0,173.36,175.17,172.49,173.1,4279800.0
AMZN,2012-01-03,175.89,179.475,175.55,179.03,5110800.0,0.0,1.0,175.89,179.475,175.55,179.03,5110800.0
AMZN,2012-01-04,179.21,180.5,176.065,177.51,4205200.0,0.0,1.0,179.21,180.5,176.065,177.51,4205200.0
AMZN,2012-01-05,175.94,178.25,174.05,177.61,3809100.0,0.0,1.0,175.94,178.25,174.05,177.61,3809100.0
AMZN,2012-01-06,178.07,184.65,177.5,182.61,7008400.0,0.0,1.0,178.07,184.65,177.5,182.61,7008400.0
AMZN,2012-01-09,182.76,184.37,177.0,178.56,5056900.0,0.0,1.0,182.76,184.37,177.0,178.56,5056900.0
AMZN,2012-01-10,181.1,182.4,177.1,179.34,3985800.0,0.0,1.0,181.1,182.4,177.1,179.34,3985800.0
AMZN,2012-01-11,179.64,180.77,178.19,178.9,3102700.0,0.0,1.0,179.64,180.77,178.19,178.9,3102700.0
AMZN,2012-01-12,179.42,179.49,175.75,175.93,5385800.0,0.0,1.0,179.42,179.49,175.75,175.93,5385800.0
AMZN,2012-01-13,175.81,178.8,173.5,178.42,4753500.0,0.0,1.0,175.81,178.8,173.5,178.42,4753500.0
AMZN,2012-01-17,180.15,183.3,178.51,181.66,5644500.0,0.0,1.0,180.15,183.3,178.51,181.66,5644500.0
AMZN,2012-01-18,181.94,190.25,181.12,189.44,7473500.0,0.0,1.0,181.94,190.25,181.12,189.44,7473500.0
AMZN,2012-01-19,190.88,195.94,190.36,194.45,7096000.0,0.0,1.0,190.88,195.94,190.36,194.45,7096000.0
AMZN,2012-01-20,190.71,192.9,189.04,190.93,5610300.0,0.0,1.0,190.71,192.9,189.04,190.93,5610300.0
AMZN,2012-01-23,190.79,191.73,185.23,186.09,4585300.0,0.0,1.0,190.79,191.73,185.23,186.09,4585300.0
AMZN,2012-01-24,185.0,188.41,183.82,187.0,4673800.0,0.0,1.0,185.0,188.41,183.82,187.0,4673800.0
AMZN,2012-01-25,186.99,188.17,184.61,187.8,4306400.0,0.0,1.0,186.99,188.17,184.61,187.8,4306400.0
AMZN,2012-01-26,189.3,194.85,188.73,193.316,5873600.0,0.0,1.0,189.3,194.85,188.73,193.316,5873600.0
AMZN,2012-01-27,193.09,196.5,192.33,195.37,4659000.0,0.0,1.0,193.09,196.5,192.33,195.37,4659000.0
AMZN,2012-01-30,193.68,195.0,190.13,192.15,5424100.0,0.0,1.0,193.68,195.0,190.13,192.15,5424100.0
AMZN,2012-01-31,194.0,195.63,189.7,194.44,12772200.0,0.0,1.0,194.0,195.63,189.7,194.44,12772200.0
AMZN,2012-02-01,173.81,179.95,172.0,179.46,21336600.0,0.0,1.0,173.81,179.95,172.0,179.46,21336600.0
AMZN,2012-02-02,179.65,181.9362,176.8,181.72,8736300.0,0.0,1.0,179.65,181.9362,176.8,181.72,8736300.0
AMZN,2012-02-03,182.83,187.9,181.89,187.68,8120500.0,0.0,1.0,182.83,187.9,181.89,187.68,8120500.0
AMZN,2012-02-06,186.28,186.56,182.9201,183.14,5310000.0,0.0,1.0,186.28,186.56,182.9201,183.14,5310000.0
AMZN,2012-02-07,182.65,184.94,182.06,184.19,5103900.0,0.0,1.0,182.65,184.94,182.06,184.19,5103900.0
AMZN,2012-02-08,184.95,186.49,182.91,185.48,5476600.0,0.0,1.0,184.95,186.49,182.91,185.48,5476600.0
AMZN,2012-02-09,184.5,185.69,181.76,184.98,7189200.0,0.0,1.0,184.5,185.69,181.76,184.98,7189200.0
AMZN,2012-02-10,183.42,187.63,182.52,185.54,5797100.0,0.0,1.0,183.42,187.63,182.52,185.54,5797100.0
AMZN,2012-02-13,187.17,192.4993,185.68,191.59,6071400.0,0.0,1.0,187.17,192.4993,185.68,191.59,6071400.0
AMZN,2012-02-14,191.08,193.57,186.1,191.3,9527100.0,0.0,1.0,191.08,193.57,186.1,191.3,9527100.0
AMZN,2012-02-15,191.29,191.54,183.26,184.47,7794400.0,0.0,1.0,191.29,191.54,183.26,184.47,7794400.0
AMZN,2012-02-16,177.79,181.68,175.14,179.93,12563800.0,0.0,1.0,177.79,181.68,175.14,179.93,12563800.0
AMZN,2012-02-17,180.09,183.41,179.36,182.5,7418100.0,0.0,1.0,180.09,183.41,179.36,182.5,7418100.0
AMZN,2012-02-21,182.65,184.75,180.5768,182.26,6756500.0,0.0,1.0,182.65,184.75,180.5768,182.26,6756500.0
AMZN,2012-02-22,181.95,182.99,180.29,180.58,5785400.0,0.0,1.0,181.95,182.99,180.29,180.58,5785400.0
AMZN,2012-02-23,178.78,180.75,176.96,178.89,5153800.0,0.0,1.0,178.78,180.75,176.96,178.89,5153800.0
AMZN,2012-02-24,179.7,180.74,178.37,179.13,3668700.0,0.0,1.0,179.7,180.74,178.37,179.13,3668700.0
AMZN,2012-02-27,177.54,179.19,176.5,178.53,3706200.0,0.0,1.0,177.54,179.19,176.5,178.53,3706200.0
AMZN,2012-02-28,178.9,184.29,177.95,183.8,5764500.0,0.0,1.0,178.9,184.29,177.95,183.8,5764500.0
AMZN,2012-02-29,183.89,184.0,179.01,179.69,5300300.0,0.0,1.0,183.89,184.0,179.01,179.69,5300300.0
AMZN,2012-03-01,179.89,180.49,176.58,180.04,4936000.0,0.0,1.0,179.89,180.49,176.58,180.04,4936000.0
AMZN,2012-03-02,179.48,181.84,178.918,179.3,3657800.0,0.0,1.0,179.48,181.84,178.918,179.3,3657800.0
AMZN,2012-03-05,179.0,181.82,178.18,180.26,4682700.0,0.0,1.0,179.0,181.82,178.18,180.26,4682700.0
AMZN,2012-03-06,178.68,183.5,178.04,181.09,5612200.0,0.0,1.0,178.68,183.5,178.04,181.09,5612200.0
AMZN,2012-03-07,182.65,185.5,182.4,183.77,4951500.0,0.0,1.0,182.65,185.5,182.4,183.77,4951500.0
AMZN,2012-03-08,184.17,188.38,183.8,187.64,4221500.0,0.0,1.0,184.17,188.38,183.8,187.64,4221500.0
AMZN,2012-03-09,186.79,187.2,183.44,184.32,4510600.0,0.0,1.0,186.79,187.2,183.44,184.32,4510600.0
AMZN,2012-03-12,184.13,185.4,182.2,183.39,2587600.0,0.0,1.0,184.13,185.4,182.2,183.39,2587600.0
AMZN,2012-03-13,183.92,184.87,180.77,184.59,4405800.0,0.0,1.0,183.92,184.87,180.77,184.59,4405800.0
AMZN,2012-03-14,183.65,184.3199,181.14,182.26,3699700.0,0.0,1.0,183.65,184.3199,181.14,182.26,3699700.0
AMZN,2012-03-15,182.02,184.43,180.3,184.43,4160100.0,0.0,1.0,182.02,184.43,180.3,184.43,4160100.0
AMZN,2012-03-16,183.28,185.68,182.35,185.05,4934000.0,0.0,1.0,183.28,185.68,182.35,185.05,4934000.0
AMZN,2012-03-19,183.45,186.68,183.0,185.52,3903400.0,0.0,1.0,183.45,186.68,183.0,185.52,3903400.0
AMZN,2012-03-20,184.88,194.41,182.88,192.33,9165400.0,0.0,1.0,184.88,194.41,182.88,192.33,9165400.0
AMZN,2012-03-21,192.5,194.28,191.26,191.73,4214400.0,0.0,1.0,192.5,194.28,191.26,191.73,4214400.0
AMZN,2012-03-22,190.54,194.06,190.26,192.4,3739600.0,0.0,1.0,190.54,194.06,190.26,192.4,3739600.0
AMZN,2012-03-23,192.01,196.2,191.8,195.04,5984000.0,0.0,1.0,192.01,196.2,191.8,195.04,5984000.0
AMZN,2012-03-26,196.48,202.97,195.5,202.87,7613700.0,0.0,1.0,196.48,202.97,195.5,202.87,7613700.0
AMZN,2012-03-27,203.59,209.85,202.88,205.44,9600800.0,0.0,1.0,203.59,209.85,202.88,205.44,9600800.0
AMZN,2012-03-28,206.14,207.0,200.31,201.16,6245000.0,0.0,1.0,206.14,207.0,200.31,201.16,6245000.0
AMZN,2012-03-29,201.28,205.31,200.63,204.61,5711200.0,0.0,1.0,201.28,205.31,200.63,204.61,5711200.0
AMZN,2012-03-30,205.02,206.85,201.87,202.51,4438100.0,0.0,1.0,205.02,206.85,201.87,202.51,4438100.0
AMZN,2012-04-02,198.02,199.9,197.0,198.05,6430300.0,0.0,1.0,198.02,199.9,197.0,198.05,6430300.0
AMZN,2012-04-03,198.24,202.39,197.5,199.66,5000700.0,0.0,1.0,198.24,202.39,197.5,199.66,5000700.0
AMZN,2012-04-04,196.95,197.68,192.36,193.99,5456900.0,0.0,1.0,196.95,197.68,192.36,193.99,5456900.0
AMZN,2012-04-05,193.55,196.03,193.55,194.39,3217500.0,0.0,1.0,193.55,196.03,193.55,194.39,3217500.0
AMZN,2012-04-09,192.02,194.2,190.5,191.87,3135900.0,0.0,1.0,192.02,194.2,190.5,191.87,3135900.0
AMZN,2012-04-10,192.75,193.52,186.57,186.98,4455000.0,0.0,1.0,192.75,193.52,186.57,186.98,4455000.0
AMZN,2012-04-11,189.63,191.97,186.79,187.97,4337800.0,0.0,1.0,189.63,191.97,186.79,187.97,4337800.0
AMZN,2012-04-12,188.06,192.26,185.61,190.69,4027900.0,0.0,1.0,188.06,192.26,185.61,190.69,4027900.0
AMZN,2012-04-13,189.9,189.94,186.26,188.46,3431800.0,0.0,1.0,189.9,189.94,186.26,188.46,3431800.0
AMZN,2012-04-16,189.01,189.47,183.65,185.5,4044300.0,0.0,1.0,189.01,189.47,183.65,185.5,4044300.0
AMZN,2012-04-17,187.21,190.04,186.87,188.39,2829200.0,0.0,1.0,187.21,190.04,186.87,188.39,2829200.0
AMZN,2012-04-18,188.82,193.45,188.74,191.07,4001900.0,0.0,1.0,188.82,193.45,188.74,191.07,4001900.0
AMZN,2012-04-19,192.93,194.55,189.75,191.1,4002400.0,0.0,1.0,192.93,194.55,189.75,191.1,4002400.0
AMZN,2012-04-20,192.34,193.48,189.8,189.98,3243600.0,0.0,1.0,192.34,193.48,189.8,189.98,3243600.0
AMZN,2012-04-23,188.99,188.99,185.51,188.24,3481000.0,0.0,1.0,188.99,188.99,185.51,188.24,3481000.0
AMZN,2012-04-24,188.68,190.7,186.51,190.33,3376300.0,0.0,1.0,188.68,190.7,186.51,190.33,3376300.0
AMZN,2012-04-25,191.67,194.8,191.6,194.42,3955100.0,0.0,1.0,191.67,194.8,191.6,194.42,3955100.0
AMZN,2012-04-26,193.57,196.36,193.02,195.99,10234000.0,0.0,1.0,193.57,196.36,193.02,195.99,10234000.0
AMZN,2012-04-27,224.83,228.69,220.22,226.85,22116900.0,0.0,1.0,224.83,228.69,220.22,226.85,22116900.0
AMZN,2012-04-30,223.95,233.84,223.05,231.9,9756900.0,0.0,1.0,223.95,233.84,223.05,231.9,9756900.0
AMZN,2012-05-01,229.4,232.97,228.4,230.04,6754900.0,0.0,1.0,229.4,232.97,228.4,230.04,6754900.0
AMZN,2012-05-02,227.82,231.44,227.4,230.25,4593400.0,0.0,1.0,227.82,231.44,227.4,230.25,4593400.0
AMZN,2012-05-03,229.74,232.53,228.03,229.45,4055500.0,0.0,1.0,229.74,232.53,228.03,229.45,4055500.0
AMZN,2012-05-04,227.8,229.7199,223.74,223.99,4585200.0,0.0,1.0,227.8,229.7199,223.74,223.99,4585200.0
AMZN,2012-05-07,222.36,226.8675,222.29,225.16,3314300.0,0.0,1.0,222.36,226.8675,222.29,225.16,3314300.0
AMZN,2012-05-08,223.15,225.39,218.2,223.9,4522400.0,0.0,1.0,223.15,225.39,218.2,223.9,4522400.0
AMZN,2012-05-09,220.59,225.78,220.16,222.98,3712000.0,0.0,1.0,220.59,225.78,220.16,222.98,3712000.0
AMZN,2012-05-10,223.91,229.08,221.95,226.69,4648400.0,0.0,1.0,223.91,229.08,221.95,226.69,4648400.0
AMZN,2012-05-11,225.95,230.68,225.73,227.68,4193600.0,0.0,1.0,225.95,230.68,225.73,227.68,4193600.0
AMZN,2012-05-14,225.6,227.29,222.51,222.93,3096600.0,0.0,1.0,225.6,227.29,222.51,222.93,3096600.0
AMZN,2012-05-15,226.5,230.61,223.0,224.39,5713700.0,0.0,1.0,226.5,230.61,223.0,224.39,5713700.0
AMZN,2012-05-16,225.0,228.0,222.5,224.06,5261800.0,0.0,1.0,225.0,228.0,222.5,224.06,5261800.0
AMZN,2012-05-17,225.05,226.0,218.09,218.36,4505500.0,0.0,1.0,225.05,226.0,218.09,218.36,4505500.0
AMZN,2012-05-18,219.41,219.63,212.81,213.85,5231700.0,0.0,1.0,219.41,219.63,212.81,213.85,5231700.0
AMZN,2012-05-21,214.03,219.98,212.82,218.11,3579800.0,0.0,1.0,214.03,219.98,212.82,218.11,3579800.0
AMZN,2012-05-22,218.31,218.87,213.96,215.33,3733100.0,0.0,1.0,218.31,218.87,213.96,215.33,3733100.0
AMZN,2012-05-23,214.71,217.55,211.18,217.28,4243800.0,0.0,1.0,214.71,217.55,211.18,217.28,4243800.0
AMZN,2012-05-24,216.98,217.66,212.7,215.24,3141100.0,0.0,1.0,216.98,217.66,212.7,215.24,3141100.0
AMZN,2012-05-25,214.99,215.98,212.22,212.89,2171400.0,0.0,1.0,214.99,215.98,212.22,212.89,2171400.0
AMZN,2012-05-29,214.3,216.55,212.29,214.75,2693900.0,0.0,1.0,214.3,216.55,212.29,214.75,2693900.0
AMZN,2012-05-30,212.14,212.98,207.752,209.23,4078200.0,0.0,1.0,212.14,212.98,207.752,209.23,4078200.0
AMZN,2012-05-31,209.48,213.7878,207.11,212.91,4944000.0,0.0,1.0,209.48,213.7878,207.11,212.91,4944000.0
AMZN,2012-06-01,208.44,211.23,207.3,208.22,3951500.0,0.0,1.0,208.44,211.23,207.3,208.22,3951500.0
AMZN,2012-06-04,207.4,215.35,206.37,214.57,4299600.0,0.0,1.0,207.4,215.35,206.37,214.57,4299600.0
AMZN,2012-06-05,213.85,216.86,211.16,213.21,3543900.0,0.0,1.0,213.85,216.86,211.16,213.21,3543900.0
AMZN,2012-06-06,214.63,218.4,214.52,217.64,2710100.0,0.0,1.0,214.63,218.4,214.52,217.64,2710100.0
AMZN,2012-06-07,219.65,221.49,218.11,218.8,3503900.0,0.0,1.0,219.65,221.49,218.11,218.8,3503900.0
AMZN,2012-06-08,218.61,219.42,216.66,218.48,2877000.0,0.0,1.0,218.61,219.42,216.66,218.48,2877000.0
AMZN,2012-06-11,217.49,220.87,215.2,216.5,3749100.0,0.0,1.0,217.49,220.87,215.2,216.5,3749100.0
AMZN,2012-06-12,217.65,218.0,214.5222,216.42,2833300.0,0.0,1.0,217.65,218.0,214.5222,216.42,2833300.0
AMZN,2012-06-13,215.52,217.38,213.52,214.73,2325200.0,0.0,1.0,215.52,217.38,213.52,214.73,2325200.0
AMZN,2012-06-14,215.26,216.5,212.56,214.45,3060900.0,0.0,1.0,215.26,216.5,212.56,214.45,3060900.0
AMZN,2012-06-15,215.29,219.33,214.46,218.35,3785200.0,0.0,1.0,215.29,219.33,214.46,218.35,3785200.0
AMZN,2012-06-18,217.28,223.76,216.73,222.66,3369600.0,0.0,1.0,217.28,223.76,216.73,222.66,3369600.0
AMZN,2012-06-19,223.26,225.2,221.66,224.03,2716600.0,0.0,1.0,223.26,225.2,221.66,224.03,2716600.0
AMZN,2012-06-20,224.51,224.74,220.84,223.02,2444400.0,0.0,1.0,224.51,224.74,220.84,223.02,2444400.0
AMZN,2012-06-21,223.84,226.03,220.52,220.575,2843000.0,0.0,1.0,223.84,226.03,220.52,220.575,2843000.0
AMZN,2012-06-22,221.83,222.51,219.35,222.16,2187500.0,0.0,1.0,221.83,222.51,219.35,222.16,2187500.0
AMZN,2012-06-25,220.3,221.59,218.0,220.07,2382300.0,0.0,1.0,220.3,221.59,218.0,220.07,2382300.0
AMZN,2012-06-26,221.45,226.39,221.45,225.61,3754100.0,0.0,1.0,221.45,226.39,221.45,225.61,3754100.0
AMZN,2012-06-27,225.01,227.5,223.3,225.62,2799200.0,0.0,1.0,225.01,227.5,223.3,225.62,2799200.0
AMZN,2012-06-28,223.92,224.62,218.75,221.31,2994800.0,0.0,1.0,223.92,224.62,218.75,221.31,2994800.0
AMZN,2012-06-29,224.7,228.35,223.71,228.35,3614400.0,0.0,1.0,224.7,228.35,223.71,228.35,3614400.0
AMZN,2012-07-02,229.3,229.34,226.34,229.32,2330700.0,0.0,1.0,229.3,229.34,226.34,229.32,2330700.0
AMZN,2012-07-03,229.14,229.53,227.59,229.53,1331700.0,0.0,1.0,229.14,229.53,227.59,229.53,1331700.0
AMZN,2012-07-05,228.62,230.5,226.53,227.06,2682300.0,0.0,1.0,228.62,230.5,226.53,227.06,2682300.0
AMZN,2012-07-06,226.35,228.9,224.18,225.05,3203200.0,0.0,1.0,226.35,228.9,224.18,225.05,3203200.0
AMZN,2012-07-09,225.0,226.0,223.45,225.05,1922000.0,0.0,1.0,225.0,226.0,223.45,225.05,1922000.0
AMZN,2012-07-10,226.25,227.14,218.28,219.5,2982100.0,0.0,1.0,226.25,227.14,218.28,219.5,2982100.0
AMZN,2012-07-11,218.95,221.74,215.34,218.37,2734700.0,0.0,1.0,218.95,221.74,215.34,218.37,2734700.0
AMZN,2012-07-12,216.61,217.3,212.61,215.36,2616200.0,0.0,1.0,216.61,217.3,212.61,215.36,2616200.0
AMZN,2012-07-13,215.63,219.31,213.88,218.39,2221900.0,0.0,1.0,215.63,219.31,213.88,218.39,2221900.0
AMZN,2012-07-16,216.6,218.31,214.46,216.01,2004200.0,0.0,1.0,216.6,218.31,214.46,216.01,2004200.0
AMZN,2012-07-17,217.45,217.94,213.96,216.93,1987000.0,0.0,1.0,217.45,217.94,213.96,216.93,1987000.0
AMZN,2012-07-18,216.15,218.67,215.71,217.47,2093000.0,0.0,1.0,216.15,218.67,215.71,217.47,2093000.0
AMZN,2012-07-19,220.73,227.5,220.69,226.17,5449400.0,0.0,1.0,220.73,227.5,220.69,226.17,5449400.0
AMZN,2012-07-20,225.36,229.39,225.295,228.29,4170000.0,0.0,1.0,225.36,229.39,225.295,228.29,4170000.0
AMZN,2012-07-23,224.72,226.58,221.54,226.01,5515100.0,0.0,1.0,224.72,226.58,221.54,226.01,5515100.0
AMZN,2012-07-24,226.27,226.61,221.23,223.04,5008700.0,0.0,1.0,226.27,226.61,221.23,223.04,5008700.0
AMZN,2012-07-25,222.0,222.5,215.91,217.05,3646700.0,0.0,1.0,222.0,222.5,215.91,217.05,3646700.0
AMZN,2012-07-26,220.0,221.45,214.95,220.01,6937400.0,0.0,1.0,220.0,221.45,214.95,220.01,6937400.0
AMZN,2012-07-27,225.25,238.34,224.5,237.32,11313900.0,0.0,1.0,225.25,238.34,224.5,237.32,11313900.0
AMZN,2012-07-30,237.0,240.74,234.07,236.09,3736400.0,0.0,1.0,237.0,240.74,234.07,236.09,3736400.0
AMZN,2012-07-31,235.1,236.3,231.61,233.3,3453600.0,0.0,1.0,235.1,236.3,231.61,233.3,3453600.0
AMZN,2012-08-01,234.14,234.38,230.7001,232.09,2543800.0,0.0,1.0,234.14,234.38,230.7001,232.09,2543800.0
AMZN,2012-08-02,230.56,234.34,228.66,230.81,3048100.0,0.0,1.0,230.56,234.34,228.66,230.81,3048100.0
AMZN,2012-08-03,234.03,236.49,233.03,234.97,2825300.0,0.0,1.0,234.03,236.49,233.03,234.97,2825300.0
AMZN,2012-08-06,235.56,235.74,233.81,233.99,1843700.0,0.0,1.0,235.56,235.74,233.81,233.99,1843700.0
AMZN,2012-08-07,234.13,238.0,233.25,236.56,2058300.0,0.0,1.0,234.13,238.0,233.25,236.56,2058300.0
AMZN,2012-08-08,235.29,236.45,233.592,234.38,1534300.0,0.0,1.0,235.29,236.45,233.592,234.38,1534300.0
AMZN,2012-08-09,233.93,235.99,233.5,234.06,1548100.0,0.0,1.0,233.93,235.99,233.5,234.06,1548100.0
AMZN,2012-08-10,233.08,234.85,231.43,232.75,1852500.0,0.0,1.0,233.08,234.85,231.43,232.75,1852500.0
AMZN,2012-08-13,232.23,234.3676,231.0,232.44,1997300.0,0.0,1.0,232.23,234.3676,231.0,232.44,1997300.0
AMZN,2012-08-14,234.71,236.72,232.6207,233.19,2751000.0,0.0,1.0,234.71,236.72,232.6207,233.19,2751000.0
AMZN,2012-08-15,232.26,238.14,232.25,237.42,3264700.0,0.0,1.0,232.26,238.14,232.25,237.42,3264700.0
AMZN,2012-08-16,237.72,242.825,236.2,241.55,4312100.0,0.0,1.0,237.72,242.825,236.2,241.55,4312100.0
AMZN,2012-08-17,240.6,243.35,240.47,241.17,3085800.0,0.0,1.0,240.6,243.35,240.47,241.17,3085800.0
AMZN,2012-08-20,241.3736,241.65,238.2,240.35,1889900.0,0.0,1.0,241.3736,241.65,238.2,240.35,1889900.0
AMZN,2012-08-21,240.88,243.85,238.55,239.45,2571500.0,0.0,1.0,240.88,243.85,238.55,239.45,2571500.0
AMZN,2012-08-22,239.4,244.9,238.8,243.1,2473700.0,0.0,1.0,239.4,244.9,238.8,243.1,2473700.0
AMZN,2012-08-23,242.14,243.48,239.02,241.198,2453900.0,0.0,1.0,242.14,243.48,239.02,241.198,2453900.0
AMZN,2012-08-24,241.68,246.87,241.36,245.74,3698800.0,0.0,1.0,241.68,246.87,241.36,245.74,3698800.0
AMZN,2012-08-27,245.79,247.5,243.12,243.92,2929700.0,0.0,1.0,245.79,247.5,243.12,243.92,2929700.0
AMZN,2012-08-28,243.97,246.7799,243.0,246.11,2742300.0,0.0,1.0,243.97,246.7799,243.0,246.11,2742300.0
AMZN,2012-08-29,246.78,247.61,244.59,247.12,1772600.0,0.0,1.0,246.78,247.61,244.59,247.12,1772600.0
AMZN,2012-08-30,246.99,250.0,245.25,246.22,3647500.0,0.0,1.0,246.99,250.0,245.25,246.22,3647500.0
AMZN,2012-08-31,248.07,249.45,245.5001,248.27,3347500.0,0.0,1.0,248.07,249.45,245.5001,248.27,3347500.0
AMZN,2012-09-04,248.27,251.0,244.66,247.88,3950800.0,0.0,1.0,248.27,251.0,244.66,247.88,3950800.0
AMZN,2012-09-05,247.61,248.61,245.3,246.22,2652600.0,0.0,1.0,247.61,248.61,245.3,246.22,2652600.0
AMZN,2012-09-06,248.23,252.7,247.2,251.38,5361400.0,0.0,1.0,248.23,252.7,247.2,251.38,5361400.0
AMZN,2012-09-07,253.85,259.42,253.52,259.14,5029500.0,0.0,1.0,253.85,259.42,253.52,259.14,5029500.0
AMZN,2012-09-10,259.0,260.0,256.82,257.09,2567200.0,0.0,1.0,259.0,260.0,256.82,257.09,2567200.0
AMZN,2012-09-11,257.6,257.6,254.26,255.67,2524800.0,0.0,1.0,257.6,257.6,254.26,255.67,2524800.0
AMZN,2012-09-12,256.5,257.78,253.5,255.63,2273200.0,0.0,1.0,256.5,257.78,253.5,255.63,2273200.0
AMZN,2012-09-13,254.94,262.0,253.8,260.24,3525600.0,0.0,1.0,254.94,262.0,253.8,260.24,3525600.0
AMZN,2012-09-14,261.4,264.11,259.77,261.27,3666200.0,0.0,1.0,261.4,264.11,259.77,261.27,3666200.0
AMZN,2012-09-17,261.25,261.25,257.0,258.0,2306300.0,0.0,1.0,261.25,261.25,257.0,258.0,2306300.0
AMZN,2012-09-18,258.48,260.5,257.0,258.75,2215000.0,0.0,1.0,258.48,260.5,257.0,258.75,2215000.0
AMZN,2012-09-19,259.45,262.84,258.53,261.68,2636800.0,0.0,1.0,259.45,262.84,258.53,261.68,2636800.0
AMZN,2012-09-20,260.03,260.87,258.0,260.81,2913600.0,0.0,1.0,260.03,260.87,258.0,260.81,2913600.0
AMZN,2012-09-21,261.74,262.0,256.74,257.47,6059300.0,0.0,1.0,261.74,262.0,256.74,257.47,6059300.0
AMZN,2012-09-24,255.22,255.6,253.0,254.805,2707900.0,0.0,1.0,255.22,255.6,253.0,254.805,2707900.0
AMZN,2012-09-25,256.33,258.95,251.03,252.46,4405800.0,0.0,1.0,256.33,258.95,251.03,252.46,4405800.0
AMZN,2012-09-26,252.4,254.61,248.23,249.67,2920500.0,0.0,1.0,252.4,254.61,248.23,249.67,2920500.0
AMZN,2012-09-27,250.54,257.4,250.52,256.59,3397400.0,0.0,1.0,250.54,257.4,250.52,256.59,3397400.0
AMZN,2012-09-28,256.14,257.0,253.2,254.32,2456600.0,0.0,1.0,256.14,257.0,253.2,254.32,2456600.0
AMZN,2012-10-01,255.4,256.16,250.49,252.01,2581200.0,0.0,1.0,255.4,256.16,250.49,252.01,2581200.0
AMZN,2012-10-02,252.8,253.15,249.03,250.6,2195800.0,0.0,1.0,252.8,253.15,249.03,250.6,2195800.0
AMZN,2012-10-03,251.21,256.1,249.56,255.92,2745600.0,0.0,1.0,251.21,256.1,249.56,255.92,2745600.0
AMZN,2012-10-04,256.01,261.52,255.87,260.47,2700400.0,0.0,1.0,256.01,261.52,255.87,260.47,2700400.0
AMZN,2012-10-05,261.2,261.9,257.49,258.51,2806500.0,0.0,1.0,261.2,261.9,257.49,258.51,2806500.0
AMZN,2012-10-08,257.67,259.8,255.56,259.06,1762300.0,0.0,1.0,257.67,259.8,255.56,259.06,1762300.0
AMZN,2012-10-09,258.67,259.35,250.73,250.96,3494800.0,0.0,1.0,258.67,259.35,250.73,250.96,3494800.0
AMZN,2012-10-10,252.0,252.46,244.01,244.99,3948300.0,0.0,1.0,252.0,252.46,244.01,244.99,3948300.0
AMZN,2012-10-11,248.0,249.3,241.89,244.22,3447300.0,0.0,1.0,248.0,249.3,241.89,244.22,3447300.0
AMZN,2012-10-12,243.33,245.46,241.91,242.36,2203200.0,0.0,1.0,243.33,245.46,241.91,242.36,2203200.0
AMZN,2012-10-15,242.85,244.776,238.51,244.18,2959800.0,0.0,1.0,242.85,244.776,238.51,244.18,2959800.0
AMZN,2012-10-16,244.87,245.77,242.08,243.94,2204100.0,0.0,1.0,244.87,245.77,242.08,243.94,2204100.0
AMZN,2012-10-17,243.37,248.7999,243.3,247.49,3302700.0,0.0,1.0,243.37,248.7999,243.3,247.49,3302700.0
AMZN,2012-10-18,247.77,250.91,242.7,244.85,5305300.0,0.0,1.0,247.77,250.91,242.7,244.85,5305300.0
AMZN,2012-10-19,245.16,246.82,238.94,240.0,4395300.0,0.0,1.0,245.16,246.82,238.94,240.0,4395300.0
AMZN,2012-10-22,238.81,238.95,232.32,233.78,4500000.0,0.0,1.0,238.81,238.95,232.32,233.78,4500000.0
AMZN,2012-10-23,231.05,236.5,230.01,234.31,4430800.0,0.0,1.0,231.05,236.5,230.01,234.31,4430800.0
AMZN,2012-10-24,235.88,235.94,227.9501,228.49,3678700.0,0.0,1.0,235.88,235.94,227.9501,228.49,3678700.0
AMZN,2012-10-25,230.92,230.92,222.92,222.92,6741300.0,0.0,1.0,230.92,230.92,222.92,222.92,6741300.0
AMZN,2012-10-26,228.6001,238.71,226.69,238.24,11367500.0,0.0,1.0,228.6001,238.71,226.69,238.24,11367500.0
AMZN,2012-10-31,236.32,238.7,230.5,232.8931,4797600.0,0.0,1.0,236.32,238.7,230.5,232.8931,4797600.0
AMZN,2012-11-01,234.23,234.55,231.34,232.14,3905100.0,0.0,1.0,234.23,234.55,231.34,232.14,3905100.0
AMZN,2012-11-02,234.01,237.4,232.11,232.4224,3374700.0,0.0,1.0,234.01,237.4,232.11,232.4224,3374700.0
AMZN,2012-11-05,232.04,234.83,230.11,234.33,1846100.0,0.0,1.0,232.04,234.83,230.11,234.33,1846100.0
AMZN,2012-11-06,235.41,237.75,234.45,237.56,2661300.0,0.0,1.0,235.41,237.75,234.45,237.56,2661300.0
AMZN,2012-11-07,235.65,235.66,229.42,232.0608,3624200.0,0.0,1.0,235.65,235.66,229.42,232.0608,3624200.0
AMZN,2012-11-08,232.22,233.45,227.1,227.35,2982400.0,0.0,1.0,232.22,233.45,227.1,227.35,2982400.0
AMZN,2012-11-09,226.26,230.97,224.6002,226.31,3092500.0,0.0,1.0,226.26,230.97,224.6002,226.31,3092500.0
AMZN,2012-11-12,226.59,229.2199,225.41,226.47,2128800.0,0.0,1.0,226.59,229.2199,225.41,226.47,2128800.0
AMZN,2012-11-13,225.12,227.9,224.71,226.6,2629800.0,0.0,1.0,225.12,227.9,224.71,226.6,2629800.0
AMZN,2012-11-14,226.5,227.41,222.51,222.95,3034100.0,0.0,1.0,226.5,227.41,222.51,222.95,3034100.0
AMZN,2012-11-15,222.3,225.16,218.18,220.599,3404700.0,0.0,1.0,222.3,225.16,218.18,220.599,3404700.0
AMZN,2012-11-16,221.31,226.25,218.64,225.23,4352800.0,0.0,1.0,221.31,226.25,218.64,225.23,4352800.0
AMZN,2012-11-19,228.32,232.5,227.45,229.71,3591200.0,0.0,1.0,228.32,232.5,227.45,229.71,3591200.0
AMZN,2012-11-20,230.0,233.82,229.5,233.78,2771700.0,0.0,1.0,230.0,233.82,229.5,233.78,2771700.0
AMZN,2012-11-21,233.84,238.67,232.75,238.03,2959300.0,0.0,1.0,233.84,238.67,232.75,238.03,2959300.0
AMZN,2012-11-23,239.89,240.0,236.48,239.88,1776800.0,0.0,1.0,239.89,240.0,236.48,239.88,1776800.0
AMZN,2012-11-26,240.39,244.319,238.0,243.62,4178300.0,0.0,1.0,240.39,244.319,238.0,243.62,4178300.0
AMZN,2012-11-27,243.22,245.67,241.54,243.4017,3048500.0,0.0,1.0,243.22,245.67,241.54,243.4017,3048500.0
AMZN,2012-11-28,242.45,247.23,241.504,247.11,2743400.0,0.0,1.0,242.45,247.23,241.504,247.11,2743400.0
AMZN,2012-11-29,248.05,252.48,247.5,251.27,5310500.0,0.0,1.0,248.05,252.48,247.5,251.27,5310500.0
AMZN,2012-11-30,250.38,252.65,248.27,252.05,3797400.0,0.0,1.0,250.38,252.65,248.27,252.05,3797400.0
AMZN,2012-12-03,252.54,254.16,250.0,250.3291,2990600.0,0.0,1.0,252.54,254.16,250.0,250.3291,2990600.0
AMZN,2012-12-04,249.94,253.0,248.66,252.4881,3114700.0,0.0,1.0,249.94,253.0,248.66,252.4881,3114700.0
AMZN,2012-12-05,252.44,255.55,250.38,253.96,2852200.0,0.0,1.0,252.44,255.55,250.38,253.96,2852200.0
AMZN,2012-12-06,253.0,255.17,251.51,253.37,3557900.0,0.0,1.0,253.0,255.17,251.51,253.37,3557900.0
AMZN,2012-12-07,254.14,255.21,252.01,253.2681,2170300.0,0.0,1.0,254.14,255.21,252.01,253.2681,2170300.0
AMZN,2012-12-10,253.1,254.78,247.3,247.77,3503800.0,0.0,1.0,253.1,254.78,247.3,247.77,3503800.0
AMZN,2012-12-11,248.5,253.48,246.65,250.69,4185200.0,0.0,1.0,248.5,253.48,246.65,250.69,4185200.0
AMZN,2012-12-12,251.07,254.36,250.06,251.76,2628100.0,0.0,1.0,251.07,254.36,250.06,251.76,2628100.0
AMZN,2012-12-13,251.11,254.54,250.02,251.25,2460200.0,0.0,1.0,251.11,254.54,250.02,251.25,2460200.0
AMZN,2012-12-14,250.11,251.9,247.79,249.19,2526900.0,0.0,1.0,250.11,251.9,247.79,249.19,2526900.0
AMZN,2012-12-17,249.81,254.0,249.26,253.86,2277000.0,0.0,1.0,249.81,254.0,249.26,253.86,2277000.0
AMZN,2012-12-18,254.57,263.11,254.57,260.4,4961000.0,0.0,1.0,254.57,263.11,254.57,260.4,4961000.0
AMZN,2012-12-19,261.3,261.6699,257.68,257.99,2300000.0,0.0,1.0,261.3,261.6699,257.68,257.99,2300000.0
AMZN,2012-12-20,258.36,262.41,256.54,261.5,2584600.0,0.0,1.0,258.36,262.41,256.54,261.5,2584600.0
AMZN,2012-12-21,257.82,258.38,255.74,256.92,4704600.0,0.0,1.0,257.82,258.38,255.74,256.92,4704600.0
AMZN,2012-12-24,257.3,259.5,256.96,258.62,984400.0,0.0,1.0,257.3,259.5,256.96,258.62,984400.0
AMZN,2012-12-26,257.15,257.42,248.04,248.6314,4152700.0,0.0,1.0,257.15,257.42,248.04,248.6314,4152700.0
AMZN,2012-12-27,248.28,249.35,242.86,248.31,3639300.0,0.0,1.0,248.28,249.35,242.86,248.31,3639300.0
AMZN,2012-12-28,245.85,247.44,245.05,245.18,1858700.0,0.0,1.0,245.85,247.44,245.05,245.18,1858700.0
AMZN,2012-12-31,243.75,252.41,242.75,250.87,3419000.0,0.0,1.0,243.75,252.41,242.75,250.87,3419000.0
AMZN,2013-01-02,256.08,258.0999,253.26,257.31,3271000.0,0.0,1.0,256.08,258.0999,253.26,257.31,3271000.0
AMZN,2013-01-03,257.27,260.88,256.37,258.48,2750900.0,0.0,1.0,257.27,260.88,256.37,258.48,2750900.0
AMZN,2013-01-04,257.58,259.8,256.65,259.15,1874200.0,0.0,1.0,257.58,259.8,256.65,259.15,1874200.0
AMZN,2013-01-07,262.97,269.725,262.67,268.4592,4910000.0,0.0,1.0,262.97,269.725,262.67,268.4592,4910000.0
AMZN,2013-01-08,267.07,268.98,263.567,266.38,3010700.0,0.0,1.0,267.07,268.98,263.567,266.38,3010700.0
AMZN,2013-01-09,268.17,269.5,265.401,266.35,2265600.0,0.0,1.0,268.17,269.5,265.401,266.35,2265600.0
AMZN,2013-01-10,268.54,268.74,262.3,265.34,2863400.0,0.0,1.0,268.54,268.74,262.3,265.34,2863400.0
AMZN,2013-01-11,265.1,268.43,264.11,267.94,2413300.0,0.0,1.0,265.1,268.43,264.11,267.94,2413300.0
AMZN,2013-01-14,268.0,274.26,267.54,272.73,4275000.0,0.0,1.0,268.0,274.26,267.54,272.73,4275000.0
AMZN,2013-01-15,270.68,272.73,269.3,271.9,2326900.0,0.0,1.0,270.68,272.73,269.3,271.9,2326900.0
AMZN,2013-01-16,270.53,271.24,267.83,268.93,2065600.0,0.0,1.0,270.53,271.24,267.83,268.93,2065600.0
AMZN,2013-01-17,271.43,271.97,269.21,270.48,1884600.0,0.0,1.0,271.43,271.97,269.21,270.48,1884600.0
AMZN,2013-01-18,270.83,274.5,269.6,272.12,2942000.0,0.0,1.0,270.83,274.5,269.6,272.12,2942000.0
AMZN,2013-01-22,271.62,272.1,269.23,270.19,2137700.0,0.0,1.0,271.62,272.1,269.23,270.19,2137700.0
AMZN,2013-01-23,270.57,271.09,266.65,268.11,2508900.0,0.0,1.0,270.57,271.09,266.65,268.11,2508900.0
AMZN,2013-01-24,269.37,276.65,269.37,273.62,3417000.0,0.0,1.0,269.37,276.65,269.37,273.62,3417000.0
AMZN,2013-01-25,275.0,284.72,274.4,283.99,4968100.0,0.0,1.0,275.0,284.72,274.4,283.99,4968100.0
AMZN,2013-01-28,283.78,284.48,274.4,276.04,4321400.0,0.0,1.0,283.78,284.48,274.4,276.04,4321400.0
AMZN,2013-01-29,275.35,275.46,258.35,260.35,10172600.0,0.0,1.0,275.35,275.46,258.35,260.35,10172600.0
AMZN,2013-01-30,283.0,284.2,267.11,272.764,13075400.0,0.0,1.0,283.0,284.2,267.11,272.764,13075400.0
AMZN,2013-01-31,271.04,275.94,263.6991,265.5,6772100.0,0.0,1.0,271.04,275.94,263.6991,265.5,6772100.0
AMZN,2013-02-01,268.93,268.93,262.8,265.0,6115000.0,0.0,1.0,268.93,268.93,262.8,265.0,6115000.0
AMZN,2013-02-04,262.78,264.684,259.07,259.98,3723600.0,0.0,1.0,262.78,264.684,259.07,259.98,3723600.0
AMZN,2013-02-05,262.0,268.03,261.46,266.89,4012900.0,0.0,1.0,262.0,268.03,261.46,266.89,4012900.0
AMZN,2013-02-06,265.16,266.89,261.11,262.22,2770400.0,0.0,1.0,265.16,266.89,261.11,262.22,2770400.0
AMZN,2013-02-07,264.1,264.1,255.11,260.23,3975700.0,0.0,1.0,264.1,264.1,255.11,260.23,3975700.0
AMZN,2013-02-08,261.4,265.25,260.555,261.95,3879200.0,0.0,1.0,261.4,265.25,260.555,261.95,3879200.0
AMZN,2013-02-11,263.2,263.25,256.6,257.21,3403700.0,0.0,1.0,263.2,263.25,256.6,257.21,3403700.0
AMZN,2013-02-12,259.19,260.16,257.0,258.7,2943700.0,0.0,1.0,259.19,260.16,257.0,258.7,2943700.0
AMZN,2013-02-13,261.53,269.96,260.3,269.47,5293000.0,0.0,1.0,261.53,269.96,260.3,269.47,5293000.0
AMZN,2013-02-14,267.37,270.65,265.4,269.24,3463000.0,0.0,1.0,267.37,270.65,265.4,269.24,3463000.0
AMZN,2013-02-15,267.63,268.92,263.11,265.09,3979900.0,0.0,1.0,267.63,268.92,263.11,265.09,3979900.0
AMZN,2013-02-19,265.91,270.11,264.5,269.75,2854200.0,0.0,1.0,265.91,270.11,264.5,269.75,2854200.0
AMZN,2013-02-20,270.2,274.3,266.371,266.41,3528900.0,0.0,1.0,270.2,274.3,266.371,266.41,3528900.0
AMZN,2013-02-21,265.12,269.48,263.25,265.94,3637400.0,0.0,1.0,265.12,269.48,263.25,265.94,3637400.0
AMZN,2013-02-22,266.62,267.11,261.61,265.42,3124800.0,0.0,1.0,266.62,267.11,261.61,265.42,3124800.0
AMZN,2013-02-25,266.94,268.694,259.65,259.87,3032400.0,0.0,1.0,266.94,268.694,259.65,259.87,3032400.0
AMZN,2013-02-26,260.89,262.04,255.73,259.36,3348600.0,0.0,1.0,260.89,262.04,255.73,259.36,3348600.0
AMZN,2013-02-27,259.4,265.83,256.86,263.25,2908100.0,0.0,1.0,259.4,265.83,256.86,263.25,2908100.0
AMZN,2013-02-28,261.81,267.0,260.63,264.27,2667200.0,0.0,1.0,261.81,267.0,260.63,264.27,2667200.0
AMZN,2013-03-01,263.27,266.6,261.04,265.74,2957000.0,0.0,1.0,263.27,266.6,261.04,265.74,2957000.0
AMZN,2013-03-04,265.36,273.3,264.14,273.11,3453000.0,0.0,1.0,265.36,273.3,264.14,273.11,3453000.0
AMZN,2013-03-05,274.0,276.68,269.99,275.59,3686200.0,0.0,1.0,274.0,276.68,269.99,275.59,3686200.0
AMZN,2013-03-06,275.76,276.489,271.832,273.79,2050700.0,0.0,1.0,275.76,276.489,271.832,273.79,2050700.0
AMZN,2013-03-07,274.1,274.8,271.85,273.88,1939000.0,0.0,1.0,274.1,274.8,271.85,273.88,1939000.0
AMZN,2013-03-08,275.0,275.44,271.5,274.19,1879800.0,0.0,1.0,275.0,275.44,271.5,274.19,1879800.0
AMZN,2013-03-11,273.43,273.99,270.4,271.24,1904900.0,0.0,1.0,273.43,273.99,270.4,271.24,1904900.0
AMZN,2013-03-12,271.0,277.4,270.3601,274.13,3246200.0,0.0,1.0,271.0,277.4,270.3601,274.13,3246200.0
AMZN,2013-03-13,275.24,276.5,272.64,275.1,1884200.0,0.0,1.0,275.24,276.5,272.64,275.1,1884200.0
AMZN,2013-03-14,269.67,270.0,263.53,265.74,5226700.0,0.0,1.0,269.67,270.0,263.53,265.74,5226700.0
AMZN,2013-03-15,264.98,267.26,260.05,261.82,4865900.0,0.0,1.0,264.98,267.26,260.05,261.82,4865900.0
AMZN,2013-03-18,259.3,261.49,257.12,257.89,2720200.0,0.0,1.0,259.3,261.49,257.12,257.89,2720200.0
AMZN,2013-03-19,258.4,259.5,252.62,256.41,3738500.0,0.0,1.0,258.4,259.5,252.62,256.41,3738500.0
AMZN,2013-03-20,258.05,259.76,254.5501,257.278,2738900.0,0.0,1.0,258.05,259.76,254.5501,257.278,2738900.0
AMZN,2013-03-21,256.11,257.0,252.68,253.39,2806400.0,0.0,1.0,256.11,257.0,252.68,253.39,2806400.0
AMZN,2013-03-22,254.55,257.77,252.07,257.75,3124600.0,0.0,1.0,254.55,257.77,252.07,257.75,3124600.0
AMZN,2013-03-25,258.58,259.429,254.5,256.02,2513900.0,0.0,1.0,258.58,259.429,254.5,256.02,2513900.0
AMZN,2013-03-26,257.05,261.48,256.28,260.31,2421000.0,0.0,1.0,257.05,261.48,256.28,260.31,2421000.0
AMZN,2013-03-27,258.75,265.93,257.9,265.3,2874900.0,0.0,1.0,258.75,265.93,257.9,265.3,2874900.0
AMZN,2013-03-28,265.82,267.375,264.06,266.49,2473700.0,0.0,1.0,265.82,267.375,264.06,266.49,2473700.0
AMZN,2013-04-01,266.98,267.4,261.01,261.61,2524800.0,0.0,1.0,266.98,267.4,261.01,261.61,2524800.0
AMZN,2013-04-02,262.4,265.89,260.55,263.322,2631100.0,0.0,1.0,262.4,265.89,260.55,263.322,2631100.0
AMZN,2013-04-03,262.12,263.67,257.75,259.03,2413800.0,0.0,1.0,262.12,263.67,257.75,259.03,2413800.0
AMZN,2013-04-04,259.23,260.41,256.12,259.08,1964400.0,0.0,1.0,259.23,260.41,256.12,259.08,1964400.0
AMZN,2013-04-05,255.72,256.18,253.67,255.48,2557400.0,0.0,1.0,255.72,256.18,253.67,255.48,2557400.0
AMZN,2013-04-08,255.92,259.679,255.63,258.95,2295600.0,0.0,1.0,255.92,259.679,255.63,258.95,2295600.0
AMZN,2013-04-09,258.85,262.61,257.0,261.14,2156600.0,0.0,1.0,258.85,262.61,257.0,261.14,2156600.0
AMZN,2013-04-10,261.78,265.98,259.32,264.77,2322500.0,0.0,1.0,261.78,265.98,259.32,264.77,2322500.0
AMZN,2013-04-11,264.74,270.97,264.74,269.85,3090500.0,0.0,1.0,264.74,270.97,264.74,269.85,3090500.0
AMZN,2013-04-12,270.12,273.27,267.02,272.87,2866300.0,0.0,1.0,270.12,273.27,267.02,272.87,2866300.0
AMZN,2013-04-15,271.08,275.12,267.1,267.72,3326000.0,0.0,1.0,271.08,275.12,267.1,267.72,3326000.0
AMZN,2013-04-16,269.31,272.8,268.06,272.34,2137200.0,0.0,1.0,269.31,272.8,268.06,272.34,2137200.0
AMZN,2013-04-17,270.8,270.85,264.25,267.4,3135100.0,0.0,1.0,270.8,270.85,264.25,267.4,3135100.0
AMZN,2013-04-18,266.81,266.9899,256.6,259.42,3137600.0,0.0,1.0,266.81,266.9899,256.6,259.42,3137600.0
AMZN,2013-04-19,258.16,262.88,257.5,260.32,2602500.0,0.0,1.0,258.16,262.88,257.5,260.32,2602500.0
AMZN,2013-04-22,259.35,264.6,258.03,263.55,2119100.0,0.0,1.0,259.35,264.6,258.03,263.55,2119100.0
AMZN,2013-04-23,264.5,269.87,264.5,268.9,2270600.0,0.0,1.0,264.5,269.87,264.5,268.9,2270600.0
AMZN,2013-04-24,269.5,271.47,266.81,268.78,1852800.0,0.0,1.0,269.5,271.47,266.81,268.78,1852800.0
AMZN,2013-04-25,271.53,275.8,270.5,274.7,6116500.0,0.0,1.0,271.53,275.8,270.5,274.7,6116500.0
AMZN,2013-04-26,269.97,272.02,252.81,254.81,14030000.0,0.0,1.0,269.97,272.02,252.81,254.81,14030000.0
AMZN,2013-04-29,254.9,257.01,249.15,249.74,7117000.0,0.0,1.0,254.9,257.01,249.15,249.74,7117000.0
AMZN,2013-04-30,249.3701,254.68,248.56,253.81,4248800.0,0.0,1.0,249.3701,254.68,248.56,253.81,4248800.0
AMZN,2013-05-01,253.9,254.2,245.75,248.23,4391400.0,0.0,1.0,253.9,254.2,245.75,248.23,4391400.0
AMZN,2013-05-02,248.94,252.93,245.78,252.55,3936200.0,0.0,1.0,248.94,252.93,245.78,252.55,3936200.0
AMZN,2013-05-03,256.14,259.25,254.7,258.05,3514000.0,0.0,1.0,256.14,259.25,254.7,258.05,3514000.0
AMZN,2013-05-06,258.09,259.5,253.4201,255.72,2347800.0,0.0,1.0,258.09,259.5,253.4201,255.72,2347800.0
AMZN,2013-05-07,256.31,259.74,252.9101,257.73,3133700.0,0.0,1.0,256.31,259.74,252.9101,257.73,3133700.0
AMZN,2013-05-08,256.87,260.295,255.334,258.68,2677000.0,0.0,1.0,256.87,260.295,255.334,258.68,2677000.0
AMZN,2013-05-09,258.73,263.55,256.88,260.16,2769300.0,0.0,1.0,258.73,263.55,256.88,260.16,2769300.0
AMZN,2013-05-10,260.88,263.65,260.21,263.63,3145300.0,0.0,1.0,260.88,263.65,260.21,263.63,3145300.0
AMZN,2013-05-13,262.77,265.88,262.0,264.51,2149500.0,0.0,1.0,262.77,265.88,262.0,264.51,2149500.0
AMZN,2013-05-14,264.5,269.4,264.028,268.33,2700000.0,0.0,1.0,264.5,269.4,264.028,268.33,2700000.0
AMZN,2013-05-15,267.07,269.05,264.56,266.56,2720500.0,0.0,1.0,267.07,269.05,264.56,266.56,2720500.0
AMZN,2013-05-16,265.96,268.43,263.85,264.12,1643500.0,0.0,1.0,265.96,268.43,263.85,264.12,1643500.0
AMZN,2013-05-17,265.83,269.98,265.0,269.9,2527300.0,0.0,1.0,265.83,269.98,265.0,269.9,2527300.0
AMZN,2013-05-20,269.0,271.79,266.5,267.63,2209000.0,0.0,1.0,269.0,271.79,266.5,267.63,2209000.0
AMZN,2013-05-21,268.74,270.77,267.66,268.86,1741200.0,0.0,1.0,268.74,270.77,267.66,268.86,1741200.0
AMZN,2013-05-22,267.39,267.59,260.8,262.96,3332000.0,0.0,1.0,267.39,267.59,260.8,262.96,3332000.0
AMZN,2013-05-23,260.49,263.17,259.59,261.8,2000300.0,0.0,1.0,260.49,263.17,259.59,261.8,2000300.0
AMZN,2013-05-24,259.85,261.93,258.34,261.74,1696300.0,0.0,1.0,259.85,261.93,258.34,261.74,1696300.0
AMZN,2013-05-28,266.48,271.1,266.0,267.29,3471000.0,0.0,1.0,266.48,271.1,266.0,267.29,3471000.0
AMZN,2013-05-29,265.46,268.25,264.844,265.53,1903400.0,0.0,1.0,265.46,268.25,264.844,265.53,1903400.0
AMZN,2013-05-30,265.71,268.57,265.615,266.83,1667500.0,0.0,1.0,265.71,268.57,265.615,266.83,1667500.0
AMZN,2013-05-31,266.0,271.91,265.94,269.2,3374300.0,0.0,1.0,266.0,271.91,265.94,269.2,3374300.0
AMZN,2013-06-03,268.96,269.11,262.95,266.88,2543900.0,0.0,1.0,268.96,269.11,262.95,266.88,2543900.0
AMZN,2013-06-04,267.0,268.88,263.02,265.7,2088600.0,0.0,1.0,267.0,268.88,263.02,265.7,2088600.0
AMZN,2013-06-05,265.81,271.66,265.02,267.17,3512300.0,0.0,1.0,265.81,271.66,265.02,267.17,3512300.0
AMZN,2013-06-06,267.75,270.5,264.21,267.83,2476300.0,0.0,1.0,267.75,270.5,264.21,267.83,2476300.0
AMZN,2013-06-07,269.74,280.1,269.13,276.87,4632600.0,0.0,1.0,269.74,280.1,269.13,276.87,4632600.0
AMZN,2013-06-10,276.68,282.47,275.24,281.07,3086500.0,0.0,1.0,276.68,282.47,275.24,281.07,3086500.0
AMZN,2013-06-11,276.0,278.411,274.24,274.78,3097800.0,0.0,1.0,276.0,278.411,274.24,274.78,3097800.0
AMZN,2013-06-12,276.6,276.8,270.45,271.67,2238900.0,0.0,1.0,276.6,276.8,270.45,271.67,2238900.0
AMZN,2013-06-13,271.5,276.8,270.2901,275.79,2649800.0,0.0,1.0,271.5,276.8,270.2901,275.79,2649800.0
AMZN,2013-06-14,275.0,277.07,273.442,273.99,2150800.0,0.0,1.0,275.0,277.07,273.442,273.99,2150800.0
AMZN,2013-06-17,276.35,280.2,275.65,278.06,2884000.0,0.0,1.0,276.35,280.2,275.65,278.06,2884000.0
AMZN,2013-06-18,279.08,282.91,278.11,281.76,2146100.0,0.0,1.0,279.08,282.91,278.11,281.76,2146100.0
AMZN,2013-06-19,281.26,283.34,277.87,278.16,2827500.0,0.0,1.0,281.26,283.34,277.87,278.16,2827500.0
AMZN,2013-06-20,275.14,278.6,272.39,273.44,2984000.0,0.0,1.0,275.14,278.6,272.39,273.44,2984000.0
AMZN,2013-06-21,274.57,275.8399,269.79,273.36,4201000.0,0.0,1.0,274.57,275.8399,269.79,273.36,4201000.0
AMZN,2013-06-24,271.29,273.16,265.0,270.61,3863800.0,0.0,1.0,271.29,273.16,265.0,270.61,3863800.0
AMZN,2013-06-25,272.3,273.47,269.0,272.088,2449600.0,0.0,1.0,272.3,273.47,269.0,272.088,2449600.0
AMZN,2013-06-26,273.98,277.98,273.5001,277.57,3029500.0,0.0,1.0,273.98,277.98,273.5001,277.57,3029500.0
AMZN,2013-06-27,279.18,280.2,274.54,277.55,2519500.0,0.0,1.0,279.18,280.2,274.54,277.55,2519500.0
AMZN,2013-06-28,276.19,279.83,276.19,277.69,3193300.0,0.0,1.0,276.19,279.83,276.19,277.69,3193300.0
AMZN,2013-07-01,279.0,283.29,277.16,282.1,2888200.0,0.0,1.0,279.0,283.29,277.16,282.1,2888200.0
AMZN,2013-07-02,281.04,286.58,280.59,283.73,3238200.0,0.0,1.0,281.04,286.58,280.59,283.73,3238200.0
AMZN,2013-07-03,282.6,285.4,282.0,284.03,1373000.0,0.0,1.0,282.6,285.4,282.0,284.03,1373000.0
AMZN,2013-07-05,285.0,286.3799,282.07,285.88,1985400.0,0.0,1.0,285.0,286.3799,282.07,285.88,1985400.0
AMZN,2013-07-08,286.42,291.67,286.14,290.59,3046700.0,0.0,1.0,286.42,291.67,286.14,290.59,3046700.0
AMZN,2013-07-09,291.0,292.57,288.01,291.53,2775600.0,0.0,1.0,291.0,292.57,288.01,291.53,2775600.0
AMZN,2013-07-10,291.41,293.34,289.4,292.33,1810200.0,0.0,1.0,291.41,293.34,289.4,292.33,1810200.0
AMZN,2013-07-11,294.99,300.69,292.1,299.66,4007300.0,0.0,1.0,294.99,300.69,292.1,299.66,4007300.0
AMZN,2013-07-12,298.69,307.55,298.5,307.55,4539300.0,0.0,1.0,298.69,307.55,298.5,307.55,4539300.0
AMZN,2013-07-15,307.27,307.99,304.35,306.57,2245600.0,0.0,1.0,307.27,307.99,304.35,306.57,2245600.0
AMZN,2013-07-16,307.3,309.39,305.5119,306.87,2660200.0,0.0,1.0,307.3,309.39,305.5119,306.87,2660200.0
AMZN,2013-07-17,306.97,308.8,305.69,308.69,2029700.0,0.0,1.0,306.97,308.8,305.69,308.69,2029700.0
AMZN,2013-07-18,306.27,306.3408,301.87,304.11,3063800.0,0.0,1.0,306.27,306.3408,301.87,304.11,3063800.0
AMZN,2013-07-19,304.39,305.79,301.91,305.23,2973100.0,0.0,1.0,304.39,305.79,301.91,305.23,2973100.0
AMZN,2013-07-22,309.25,309.25,302.0,303.48,2520700.0,0.0,1.0,309.25,309.25,302.0,303.48,2520700.0
AMZN,2013-07-23,303.16,305.06,300.56,301.06,1999600.0,0.0,1.0,303.16,305.06,300.56,301.06,1999600.0
AMZN,2013-07-24,303.02,303.84,298.04,298.94,2000500.0,0.0,1.0,303.02,303.84,298.04,298.94,2000500.0
AMZN,2013-07-25,299.0,304.5,296.75,303.4,5405800.0,0.0,1.0,299.0,304.5,296.75,303.4,5405800.0
AMZN,2013-07-26,299.55,313.62,295.55,312.01,8817500.0,0.0,1.0,299.55,313.62,295.55,312.01,8817500.0
AMZN,2013-07-29,311.07,313.0,305.9,306.1,3211800.0,0.0,1.0,311.07,313.0,305.9,306.1,3211800.0
AMZN,2013-07-30,307.72,309.7833,301.57,302.41,3053400.0,0.0,1.0,307.72,309.7833,301.57,302.41,3053400.0
AMZN,2013-07-31,303.91,305.15,301.0,301.22,1891300.0,0.0,1.0,303.91,305.15,301.0,301.22,1891300.0
AMZN,2013-08-01,303.08,306.21,298.905,305.57,2971700.0,0.0,1.0,303.08,306.21,298.905,305.57,2971700.0
AMZN,2013-08-02,304.63,305.33,301.5,304.21,2502600.0,0.0,1.0,304.63,305.33,301.5,304.21,2502600.0
AMZN,2013-08-05,303.4,303.62,298.3,300.99,2233200.0,0.0,1.0,303.4,303.62,298.3,300.99,2233200.0
AMZN,2013-08-06,300.51,301.36,297.52,300.75,1849000.0,0.0,1.0,300.51,301.36,297.52,300.75,1849000.0
AMZN,2013-08-07,300.15,300.99,296.15,296.91,1961000.0,0.0,1.0,300.15,300.99,296.15,296.91,1961000.0
AMZN,2013-08-08,298.52,298.52,292.5501,295.74,2343400.0,0.0,1.0,298.52,298.52,292.5501,295.74,2343400.0
AMZN,2013-08-09,295.68,299.27,294.2987,297.26,1950300.0,0.0,1.0,295.68,299.27,294.2987,297.26,1950300.0
AMZN,2013-08-12,295.79,299.08,295.26,296.69,1504500.0,0.0,1.0,295.79,299.08,295.26,296.69,1504500.0
AMZN,2013-08-13,295.88,296.37,290.67,293.97,2349900.0,0.0,1.0,295.88,296.37,290.67,293.97,2349900.0
AMZN,2013-08-14,294.29,294.29,290.54,291.34,1415000.0,0.0,1.0,294.29,294.29,290.54,291.34,1415000.0
AMZN,2013-08-15,288.79,289.3,285.15,286.47,2261400.0,0.0,1.0,288.79,289.3,285.15,286.47,2261400.0
AMZN,2013-08-16,286.55,288.33,284.5,284.82,2422500.0,0.0,1.0,286.55,288.33,284.5,284.82,2422500.0
AMZN,2013-08-19,285.19,289.56,283.48,285.57,2477400.0,0.0,1.0,285.19,289.56,283.48,285.57,2477400.0
AMZN,2013-08-20,285.88,289.515,285.74,287.09,1586300.0,0.0,1.0,285.88,289.515,285.74,287.09,1586300.0
AMZN,2013-08-21,285.09,288.5,283.83,284.57,1815300.0,0.0,1.0,285.09,288.5,283.83,284.57,1815300.0
AMZN,2013-08-22,284.8,289.87,284.8,289.73,1422600.0,0.0,1.0,284.8,289.87,284.8,289.73,1422600.0
AMZN,2013-08-23,291.21,291.5,287.9,290.01,1961900.0,0.0,1.0,291.21,291.5,287.9,290.01,1961900.0
AMZN,2013-08-26,290.43,291.0499,285.6207,286.21,1711700.0,0.0,1.0,290.43,291.0499,285.6207,286.21,1711700.0
AMZN,2013-08-27,283.87,285.28,279.74,280.93,2476000.0,0.0,1.0,283.87,285.28,279.74,280.93,2476000.0
AMZN,2013-08-28,280.36,283.0,279.33,281.58,1457100.0,0.0,1.0,280.36,283.0,279.33,281.58,1457100.0
AMZN,2013-08-29,281.45,285.98,280.0,283.98,1566400.0,0.0,1.0,281.45,285.98,280.0,283.98,1566400.0
AMZN,2013-08-30,284.59,284.87,280.0,280.98,1534700.0,0.0,1.0,284.59,284.87,280.0,280.98,1534700.0
AMZN,2013-09-03,284.73,291.39,284.17,288.8,2897600.0,0.0,1.0,284.73,291.39,284.17,288.8,2897600.0
AMZN,2013-09-04,288.33,295.23,287.58,293.64,2438600.0,0.0,1.0,288.33,295.23,287.58,293.64,2438600.0
AMZN,2013-09-05,293.63,297.0,292.71,294.1,1816600.0,0.0,1.0,293.63,297.0,292.71,294.1,1816600.0
AMZN,2013-09-06,295.33,298.88,290.8,295.86,2292000.0,0.0,1.0,295.33,298.88,290.8,295.86,2292000.0
AMZN,2013-09-09,297.22,299.96,296.6,299.71,1643600.0,0.0,1.0,297.22,299.96,296.6,299.71,1643600.0
AMZN,2013-09-10,300.55,301.0,297.22,300.36,1778400.0,0.0,1.0,300.55,301.0,297.22,300.36,1778400.0
AMZN,2013-09-11,298.91,301.86,297.84,299.64,1742600.0,0.0,1.0,298.91,301.86,297.84,299.64,1742600.0
AMZN,2013-09-12,299.39,302.0,297.661,298.86,1606200.0,0.0,1.0,299.39,302.0,297.661,298.86,1606200.0
AMZN,2013-09-13,300.14,300.22,296.201,297.92,1350600.0,0.0,1.0,300.14,300.22,296.201,297.92,1350600.0
AMZN,2013-09-16,299.82,301.0,295.26,296.06,1808400.0,0.0,1.0,299.82,301.0,295.26,296.06,1808400.0
AMZN,2013-09-17,297.63,304.65,296.0101,304.17,2296500.0,0.0,1.0,297.63,304.65,296.0101,304.17,2296500.0
AMZN,2013-09-18,304.06,312.74,302.91,312.034,2946400.0,0.0,1.0,304.06,312.74,302.91,312.034,2946400.0
AMZN,2013-09-19,313.77,314.54,311.04,312.06,2350900.0,0.0,1.0,313.77,314.54,311.04,312.06,2350900.0
AMZN,2013-09-20,312.54,320.57,312.41,316.34,5302300.0,0.0,1.0,312.54,320.57,312.41,316.34,5302300.0
AMZN,2013-09-23,314.01,315.9,308.771,311.49,1884900.0,0.0,1.0,314.01,315.9,308.771,311.49,1884900.0
AMZN,2013-09-24,312.43,318.0799,311.28,314.13,2033600.0,0.0,1.0,312.43,318.0799,311.28,314.13,2033600.0
AMZN,2013-09-25,314.53,316.71,310.75,312.65,2008600.0,0.0,1.0,314.53,316.71,310.75,312.65,2008600.0
AMZN,2013-09-26,313.9,319.37,313.26,318.12,1989900.0,0.0,1.0,313.9,319.37,313.26,318.12,1989900.0
AMZN,2013-09-27,316.92,317.21,313.35,316.01,1657500.0,0.0,1.0,316.92,317.21,313.35,316.01,1657500.0
AMZN,2013-09-30,313.41,315.31,311.06,312.64,1623600.0,0.0,1.0,313.41,315.31,311.06,312.64,1623600.0
AMZN,2013-10-01,314.22,321.0,313.65,320.95,2396400.0,0.0,1.0,314.22,321.0,313.65,320.95,2396400.0
AMZN,2013-10-02,318.04,321.73,317.52,320.51,2217400.0,0.0,1.0,318.04,321.73,317.52,320.51,2217400.0
AMZN,2013-10-03,320.39,322.92,313.02,314.76,2674800.0,0.0,1.0,320.39,322.92,313.02,314.76,2674800.0
AMZN,2013-10-04,315.13,319.2,312.62,319.04,1815000.0,0.0,1.0,315.13,319.2,312.62,319.04,1815000.0
AMZN,2013-10-07,315.24,315.3399,309.74,310.03,2083200.0,0.0,1.0,315.24,315.3399,309.74,310.03,2083200.0
AMZN,2013-10-08,311.5,311.545,300.27,303.23,3166200.0,0.0,1.0,311.5,311.545,300.27,303.23,3166200.0
AMZN,2013-10-09,303.42,303.4978,296.5025,298.23,3247400.0,0.0,1.0,303.42,303.4978,296.5025,298.23,3247400.0
AMZN,2013-10-10,304.63,306.7,302.5901,305.174,2555100.0,0.0,1.0,304.63,306.7,302.5901,305.174,2555100.0
AMZN,2013-10-11,304.77,310.93,303.84,310.889,2163100.0,0.0,1.0,304.77,310.93,303.84,310.889,2163100.0
AMZN,2013-10-14,309.22,311.645,307.0,310.7,1939100.0,0.0,1.0,309.22,311.645,307.0,310.7,1939100.0
AMZN,2013-10-15,309.87,310.79,305.26,306.4,2261100.0,0.0,1.0,309.87,310.79,305.26,306.4,2261100.0
AMZN,2013-10-16,308.38,310.8,305.554,310.49,2170700.0,0.0,1.0,308.38,310.8,305.554,310.49,2170700.0
AMZN,2013-10-17,307.07,311.0,305.24,310.77,2648400.0,0.0,1.0,307.07,311.0,305.24,310.77,2648400.0
AMZN,2013-10-18,319.36,331.89,316.75,328.931,5969800.0,0.0,1.0,319.36,331.89,316.75,328.931,5969800.0
AMZN,2013-10-21,329.89,330.0,323.8,326.44,2522300.0,0.0,1.0,329.89,330.0,323.8,326.44,2522300.0
AMZN,2013-10-22,327.72,337.11,325.68,332.54,3935500.0,0.0,1.0,327.72,337.11,325.68,332.54,3935500.0
AMZN,2013-10-23,330.84,331.72,324.0601,326.756,2818200.0,0.0,1.0,330.84,331.72,324.0601,326.756,2818200.0
AMZN,2013-10-24,329.63,332.6499,326.75,332.21,5884700.0,0.0,1.0,329.63,332.6499,326.75,332.21,5884700.0
AMZN,2013-10-25,358.6,368.4,352.62,363.39,12036800.0,0.0,1.0,358.6,368.4,352.62,363.39,12036800.0
AMZN,2013-10-28,359.92,362.75,357.2,358.16,3635800.0,0.0,1.0,359.92,362.75,357.2,358.16,3635800.0
AMZN,2013-10-29,358.96,362.89,356.29,362.7,2185400.0,0.0,1.0,358.96,362.89,356.29,362.7,2185400.0
AMZN,2013-10-30,362.62,365.0,358.65,361.08,4502200.0,0.0,1.0,362.62,365.0,358.65,361.08,4502200.0
AMZN,2013-10-31,361.73,366.0,359.0,364.03,2466800.0,0.0,1.0,361.73,366.0,359.0,364.03,2466800.0
AMZN,2013-11-01,365.63,365.77,356.1,359.002,3331000.0,0.0,1.0,365.63,365.77,356.1,359.002,3331000.0
AMZN,2013-11-04,360.12,361.0,354.4,358.74,1938400.0,0.0,1.0,360.12,361.0,354.4,358.74,1938400.0
AMZN,2013-11-05,356.78,360.17,354.84,358.892,2007100.0,0.0,1.0,356.78,360.17,354.84,358.892,2007100.0
AMZN,2013-11-06,360.45,362.87,354.5,356.18,2282300.0,0.0,1.0,360.45,362.87,354.5,356.18,2282300.0
AMZN,2013-11-07,355.86,357.9,341.88,343.56,4246300.0,0.0,1.0,355.86,357.9,341.88,343.56,4246300.0
AMZN,2013-11-08,345.95,351.05,344.04,350.31,2656900.0,0.0,1.0,345.95,351.05,344.04,350.31,2656900.0
AMZN,2013-11-11,350.59,355.37,348.06,354.378,2261700.0,0.0,1.0,350.59,355.37,348.06,354.378,2261700.0
AMZN,2013-11-12,352.99,355.4826,347.282,349.53,2343100.0,0.0,1.0,352.99,355.4826,347.282,349.53,2343100.0
AMZN,2013-11-13,347.4,356.22,345.68,356.22,2773300.0,0.0,1.0,347.4,356.22,345.68,356.22,2773300.0
AMZN,2013-11-14,357.39,368.94,356.43,367.396,4159800.0,0.0,1.0,357.39,368.94,356.43,367.396,4159800.0
AMZN,2013-11-15,367.63,372.9,365.55,369.17,4491600.0,0.0,1.0,367.63,372.9,365.55,369.17,4491600.0
AMZN,2013-11-18,370.28,373.49,364.67,366.18,2737400.0,0.0,1.0,370.28,373.49,364.67,366.18,2737400.0
AMZN,2013-11-19,365.82,368.78,362.5,364.94,1904800.0,0.0,1.0,365.82,368.78,362.5,364.94,1904800.0
AMZN,2013-11-20,367.56,367.56,360.45,362.57,1771500.0,0.0,1.0,367.56,367.56,360.45,362.57,1771500.0
AMZN,2013-11-21,364.05,369.25,363.3,368.92,1964600.0,0.0,1.0,364.05,369.25,363.3,368.92,1964600.0
AMZN,2013-11-22,370.0,374.5,366.31,372.31,2965500.0,0.0,1.0,370.0,374.5,366.31,372.31,2965500.0
AMZN,2013-11-25,373.82,377.79,373.18,376.64,2972300.0,0.0,1.0,373.82,377.79,373.18,376.64,2972300.0
AMZN,2013-11-26,377.61,382.5,374.8175,381.37,2724400.0,0.0,1.0,377.61,382.5,374.8175,381.37,2724400.0
AMZN,2013-11-27,383.5,387.0,382.611,386.71,2269700.0,0.0,1.0,383.5,387.0,382.611,386.71,2269700.0
AMZN,2013-11-29,389.1,394.0999,388.62,393.62,2406000.0,0.0,1.0,389.1,394.0999,388.62,393.62,2406000.0
AMZN,2013-12-02,399.0,399.0,389.1,392.3,4714000.0,0.0,1.0,399.0,399.0,389.1,392.3,4714000.0
AMZN,2013-12-03,390.11,390.949,383.1,384.66,3702900.0,0.0,1.0,390.11,390.949,383.1,384.66,3702900.0
AMZN,2013-12-04,383.5,389.69,381.4914,385.96,2355300.0,0.0,1.0,383.5,389.69,381.4914,385.96,2355300.0
AMZN,2013-12-05,386.65,386.65,381.371,384.49,1906500.0,0.0,1.0,386.65,386.65,381.371,384.49,1906500.0
AMZN,2013-12-06,388.35,388.35,383.83,386.95,1984700.0,0.0,1.0,388.35,388.35,383.83,386.95,1984700.0
AMZN,2013-12-09,388.11,388.21,382.57,384.89,2761800.0,0.0,1.0,388.11,388.21,382.57,384.89,2761800.0
AMZN,2013-12-10,383.74,389.06,383.02,387.78,2736800.0,0.0,1.0,383.74,389.06,383.02,387.78,2736800.0
AMZN,2013-12-11,387.34,388.98,382.0,382.19,2451300.0,0.0,1.0,387.34,388.98,382.0,382.19,2451300.0
AMZN,2013-12-12,381.26,385.0,379.5,381.25,2123700.0,0.0,1.0,381.26,385.0,379.5,381.25,2123700.0
AMZN,2013-12-13,385.32,389.42,383.8,384.24,3025000.0,0.0,1.0,385.32,389.42,383.8,384.24,3025000.0
AMZN,2013-12-16,385.03,391.7,385.0,388.97,2251700.0,0.0,1.0,385.03,391.7,385.0,388.97,2251700.0
AMZN,2013-12-17,390.65,391.36,386.5,387.65,2343900.0,0.0,1.0,390.65,391.36,386.5,387.65,2343900.0
AMZN,2013-12-18,389.23,396.3,383.1,395.96,3489100.0,0.0,1.0,389.23,396.3,383.1,395.96,3489100.0
AMZN,2013-12-19,394.27,397.29,392.6,395.19,2427200.0,0.0,1.0,394.27,397.29,392.6,395.19,2427200.0
AMZN,2013-12-20,396.55,404.72,395.78,402.2,5033900.0,0.0,1.0,396.55,404.72,395.78,402.2,5033900.0
AMZN,2013-12-23,403.69,405.0,399.2,402.92,2659500.0,0.0,1.0,403.69,405.0,399.2,402.92,2659500.0
AMZN,2013-12-24,402.52,403.7249,396.37,399.2,1380400.0,0.0,1.0,402.52,403.7249,396.37,399.2,1380400.0
AMZN,2013-12-26,401.79,404.52,396.81,404.39,1868500.0,0.0,1.0,401.79,404.52,396.81,404.39,1868500.0
AMZN,2013-12-27,404.65,405.63,396.25,398.08,1986900.0,0.0,1.0,404.65,405.63,396.25,398.08,1986900.0
AMZN,2013-12-30,399.41,399.92,392.45,393.37,2487100.0,0.0,1.0,399.41,399.92,392.45,393.37,2487100.0
AMZN,2013-12-31,394.58,398.83,393.8,398.79,1996500.0,0.0,1.0,394.58,398.83,393.8,398.79,1996500.0
AMZN,2014-01-02,398.8,399.36,394.02,397.97,2137800.0,0.0,1.0,398.8,399.36,394.02,397.97,2137800.0
AMZN,2014-01-03,398.29,402.71,396.22,396.44,2210200.0,0.0,1.0,398.29,402.71,396.22,396.44,2210200.0
AMZN,2014-01-06,395.85,397.0,388.42,393.63,3170600.0,0.0,1.0,395.85,397.0,388.42,393.63,3170600.0
AMZN,2014-01-07,395.04,398.47,394.29,398.03,1916000.0,0.0,1.0,395.04,398.47,394.29,398.03,1916000.0
AMZN,2014-01-08,398.47,403.0,396.04,401.92,2316500.0,0.0,1.0,398.47,403.0,396.04,401.92,2316500.0
AMZN,2014-01-09,403.71,406.89,398.44,401.01,2103000.0,0.0,1.0,403.71,406.89,398.44,401.01,2103000.0
AMZN,2014-01-10,402.53,403.764,393.8,397.66,2679500.0,0.0,1.0,402.53,403.764,393.8,397.66,2679500.0
AMZN,2014-01-13,397.98,399.78,388.45,390.98,2844900.0,0.0,1.0,397.98,399.78,388.45,390.98,2844900.0
AMZN,2014-01-14,392.13,398.63,391.29,397.54,2340100.0,0.0,1.0,392.13,398.63,391.29,397.54,2340100.0
AMZN,2014-01-15,398.94,399.31,392.534,395.87,2678300.0,0.0,1.0,398.94,399.31,392.534,395.87,2678300.0
AMZN,2014-01-16,393.68,399.29,389.41,395.8,2601200.0,0.0,1.0,393.68,399.29,389.41,395.8,2601200.0
AMZN,2014-01-17,394.26,403.49,393.66,399.61,4505100.0,0.0,1.0,394.26,403.49,393.66,399.61,4505100.0
AMZN,2014-01-21,403.0,407.8,401.6,407.05,3122100.0,0.0,1.0,403.0,407.8,401.6,407.05,3122100.0
AMZN,2014-01-22,408.0,408.06,402.0,404.54,2060500.0,0.0,1.0,408.0,408.06,402.0,404.54,2060500.0
AMZN,2014-01-23,401.0,406.17,397.79,399.87,3025400.0,0.0,1.0,401.0,406.17,397.79,399.87,3025400.0
AMZN,2014-01-24,398.16,400.2,387.27,387.6,4458400.0,0.0,1.0,398.16,400.2,387.27,387.6,4458400.0
AMZN,2014-01-27,390.5,394.1,380.49,386.28,3936800.0,0.0,1.0,390.5,394.1,380.49,386.28,3936800.0
AMZN,2014-01-28,387.4,394.74,387.12,394.43,2894500.0,0.0,1.0,387.4,394.74,387.12,394.43,2894500.0
AMZN,2014-01-29,392.16,392.85,383.24,384.2,3382300.0,0.0,1.0,392.16,392.85,383.24,384.2,3382300.0
AMZN,2014-01-30,393.77,406.25,387.7,403.01,10473900.0,0.0,1.0,393.77,406.25,387.7,403.01,10473900.0
AMZN,2014-01-31,371.76,375.45,357.76,358.69,16154800.0,0.0,1.0,371.76,375.45,357.76,358.69,16154800.0
AMZN,2014-02-03,358.98,360.85,340.1,346.15,10280800.0,0.0,1.0,358.98,360.85,340.1,346.15,10280800.0
AMZN,2014-02-04,349.59,353.9975,344.02,347.95,4812900.0,0.0,1.0,349.59,353.9975,344.02,347.95,4812900.0
AMZN,2014-02-05,346.0,349.37,337.73,346.45,4435400.0,0.0,1.0,346.0,349.37,337.73,346.45,4435400.0
AMZN,2014-02-06,347.403,354.82,347.403,354.59,3335700.0,0.0,1.0,347.403,354.82,347.403,354.59,3335700.0
AMZN,2014-02-07,358.98,361.8,352.49,361.08,4330500.0,0.0,1.0,358.98,361.8,352.49,361.08,4330500.0
AMZN,2014-02-10,361.61,365.0,359.35,360.87,3449700.0,0.0,1.0,361.61,365.0,359.35,360.87,3449700.0
AMZN,2014-02-11,361.842,363.61,356.25,361.79,3222100.0,0.0,1.0,361.842,363.61,356.25,361.79,3222100.0
AMZN,2014-02-12,356.43,357.75,346.32,349.25,6587700.0,0.0,1.0,356.43,357.75,346.32,349.25,6587700.0
AMZN,2014-02-13,347.7,357.2,346.5,357.2,4175000.0,0.0,1.0,347.7,357.2,346.5,357.2,4175000.0
AMZN,2014-02-14,359.34,359.34,353.35,357.35,3520200.0,0.0,1.0,359.34,359.34,353.35,357.35,3520200.0
AMZN,2014-02-18,355.28,355.73,349.45,353.65,4998000.0,0.0,1.0,355.28,355.73,349.45,353.65,4998000.0
AMZN,2014-02-19,352.64,354.54,346.1,347.38,4168100.0,0.0,1.0,352.64,354.54,346.1,347.38,4168100.0
AMZN,2014-02-20,348.8,350.46,344.38,349.8,3492800.0,0.0,1.0,348.8,350.46,344.38,349.8,3492800.0
AMZN,2014-02-21,352.44,354.141,346.75,346.76,4210000.0,0.0,1.0,352.44,354.141,346.75,346.76,4210000.0
AMZN,2014-02-24,345.19,353.0,343.29,351.78,3644700.0,0.0,1.0,345.19,353.0,343.29,351.78,3644700.0
AMZN,2014-02-25,353.0,361.08,351.58,358.32,3736400.0,0.0,1.0,353.0,361.08,351.58,358.32,3736400.0
AMZN,2014-02-26,359.86,364.75,357.17,359.8,3622100.0,0.0,1.0,359.86,364.75,357.17,359.8,3622100.0
AMZN,2014-02-27,357.22,360.59,355.5,360.13,3104900.0,0.0,1.0,357.22,360.59,355.5,360.13,3104900.0
AMZN,2014-02-28,360.6,365.865,357.084,362.1,3882000.0,0.0,1.0,360.6,365.865,357.084,362.1,3882000.0
AMZN,2014-03-03,358.735,360.96,354.48,359.78,2798300.0,0.0,1.0,358.735,360.96,354.48,359.78,2798300.0
AMZN,2014-03-04,363.9,365.68,362.46,363.9,2704400.0,0.0,1.0,363.9,365.68,362.46,363.9,2704400.0
AMZN,2014-03-05,364.13,372.728,363.9,372.37,3848300.0,0.0,1.0,364.13,372.728,363.9,372.37,3848300.0
AMZN,2014-03-06,374.05,375.33,368.9,372.16,2926600.0,0.0,1.0,374.05,375.33,368.9,372.16,2926600.0
AMZN,2014-03-07,374.58,374.99,369.531,372.06,2279800.0,0.0,1.0,374.58,374.99,369.531,372.06,2279800.0
AMZN,2014-03-10,372.69,372.73,367.0,370.53,2105800.0,0.0,1.0,372.69,372.73,367.0,370.53,2105800.0
AMZN,2014-03-11,370.99,372.8,367.28,368.82,2246100.0,0.0,1.0,370.99,372.8,367.28,368.82,2246100.0
AMZN,2014-03-12,366.4,371.16,363.61,370.64,2216600.0,0.0,1.0,366.4,371.16,363.61,370.64,2216600.0
AMZN,2014-03-13,376.62,383.11,368.08,371.51,6829000.0,0.0,1.0,376.62,383.11,368.08,371.51,6829000.0
AMZN,2014-03-14,372.8,378.568,371.55,373.74,4402200.0,0.0,1.0,372.8,378.568,371.55,373.74,4402200.0
AMZN,2014-03-17,375.72,378.85,374.88,375.04,2303000.0,0.0,1.0,375.72,378.85,374.88,375.04,2303000.0
AMZN,2014-03-18,377.32,379.0,375.0,378.77,2483500.0,0.0,1.0,377.32,379.0,375.0,378.77,2483500.0
AMZN,2014-03-19,378.77,379.0,369.42,373.23,2646700.0,0.0,1.0,378.77,379.0,369.42,373.23,2646700.0
AMZN,2014-03-20,370.64,373.0,366.22,368.97,2558500.0,0.0,1.0,370.64,373.0,366.22,368.97,2558500.0
AMZN,2014-03-21,371.0,372.84,358.4,360.62,5414100.0,0.0,1.0,371.0,372.84,358.4,360.62,5414100.0
AMZN,2014-03-24,360.09,361.5,348.6,351.85,4873500.0,0.0,1.0,360.09,361.5,348.6,351.85,4873500.0
AMZN,2014-03-25,354.03,358.97,348.84,354.71,4445700.0,0.0,1.0,354.03,358.97,348.84,354.71,4445700.0
AMZN,2014-03-26,357.13,357.6,343.4,343.41,4120700.0,0.0,1.0,357.13,357.6,343.4,343.41,4120700.0
AMZN,2014-03-27,343.15,343.9999,330.88,338.47,5766400.0,0.0,1.0,343.15,343.9999,330.88,338.47,5766400.0
AMZN,2014-03-28,340.05,347.0,336.08,338.29,3986800.0,0.0,1.0,340.05,347.0,336.08,338.29,3986800.0
AMZN,2014-03-31,342.4,346.29,334.06,336.365,4297500.0,0.0,1.0,342.4,346.29,334.06,336.365,4297500.0
AMZN,2014-04-01,338.09,344.43,338.0,342.99,3600100.0,0.0,1.0,338.09,344.43,338.0,342.99,3600100.0
AMZN,2014-04-02,345.99,348.295,340.38,341.96,4475500.0,0.0,1.0,345.99,348.295,340.38,341.96,4475500.0
AMZN,2014-04-03,341.82,342.5,328.46,333.62,6399300.0,0.0,1.0,341.82,342.5,328.46,333.62,6399300.0
AMZN,2014-04-04,335.15,335.44,315.61,323.0,12534600.0,0.0,1.0,335.15,335.44,315.61,323.0,12534600.0
AMZN,2014-04-07,320.99,324.94,313.13,317.76,7077400.0,0.0,1.0,320.99,324.94,313.13,317.76,7077400.0
AMZN,2014-04-08,321.88,328.0,318.44,327.07,6577600.0,0.0,1.0,321.88,328.0,318.44,327.07,6577600.0
AMZN,2014-04-09,328.47,332.18,322.5,331.805,5056600.0,0.0,1.0,328.47,332.18,322.5,331.805,5056600.0
AMZN,2014-04-10,330.6,331.0,316.5,317.11,6126700.0,0.0,1.0,330.6,331.0,316.5,317.11,6126700.0
AMZN,2014-04-11,314.0,316.5,309.5,311.73,7287500.0,0.0,1.0,314.0,316.5,309.5,311.73,7287500.0
AMZN,2014-04-14,317.67,320.48,311.28,315.91,4293500.0,0.0,1.0,317.67,320.48,311.28,315.91,4293500.0
AMZN,2014-04-15,316.7,318.28,305.5,316.08,5398600.0,0.0,1.0,316.7,318.28,305.5,316.08,5398600.0
AMZN,2014-04-16,321.17,324.0,314.71,323.68,4284900.0,0.0,1.0,321.17,324.0,314.71,323.68,4284900.0
AMZN,2014-04-17,319.76,328.66,319.76,324.91,4299200.0,0.0,1.0,319.76,328.66,319.76,324.91,4299200.0
AMZN,2014-04-21,323.97,331.1499,322.31,330.87,2999400.0,0.0,1.0,323.97,331.1499,322.31,330.87,2999400.0
AMZN,2014-04-22,332.0,337.5,328.94,329.32,3711600.0,0.0,1.0,332.0,337.5,328.94,329.32,3711600.0
AMZN,2014-04-23,333.06,333.13,323.39,324.58,3604600.0,0.0,1.0,333.06,333.13,323.39,324.58,3604600.0
AMZN,2014-04-24,329.67,337.4,322.95,337.15,9293700.0,0.0,1.0,329.67,337.4,322.95,337.15,9293700.0
AMZN,2014-04-25,316.25,316.49,302.71,303.83,16180200.0,0.0,1.0,316.25,316.49,302.71,303.83,16180200.0
AMZN,2014-04-28,304.0,304.39,288.0,296.58,14479800.0,0.0,1.0,304.0,304.39,288.0,296.58,14479800.0
AMZN,2014-04-29,296.44,301.84,290.45,300.38,6509300.0,0.0,1.0,296.44,301.84,290.45,300.38,6509300.0
AMZN,2014-04-30,298.1,304.56,298.1,304.13,4088600.0,0.0,1.0,298.1,304.56,298.1,304.13,4088600.0
AMZN,2014-05-01,304.13,310.48,304.0,307.89,4328600.0,0.0,1.0,304.13,310.48,304.0,307.89,4328600.0
AMZN,2014-05-02,310.42,313.29,304.31,308.01,3995100.0,0.0,1.0,310.42,313.29,304.31,308.01,3995100.0
AMZN,2014-05-05,306.37,310.23,305.0,310.05,2519900.0,0.0,1.0,306.37,310.23,305.0,310.05,2519900.0
AMZN,2014-05-06,309.53,309.81,297.04,297.38,4682300.0,0.0,1.0,309.53,309.81,297.04,297.38,4682300.0
AMZN,2014-05-07,295.56,296.4,286.68,292.71,7015200.0,0.0,1.0,295.56,296.4,286.68,292.71,7015200.0
AMZN,2014-05-08,290.82,295.8784,287.23,288.32,3848200.0,0.0,1.0,290.82,295.8784,287.23,288.32,3848200.0
AMZN,2014-05-09,290.57,293.68,284.38,292.24,4063000.0,0.0,1.0,290.57,293.68,284.38,292.24,4063000.0
AMZN,2014-05-12,294.3,303.34,294.16,302.86,3729600.0,0.0,1.0,294.3,303.34,294.16,302.86,3729600.0
AMZN,2014-05-13,302.6,305.6,300.75,304.64,3509900.0,0.0,1.0,302.6,305.6,300.75,304.64,3509900.0
AMZN,2014-05-14,302.5,304.64,296.66,297.62,3323300.0,0.0,1.0,302.5,304.64,296.66,297.62,3323300.0
AMZN,2014-05-15,298.02,299.2,290.38,295.19,4295100.0,0.0,1.0,298.02,299.2,290.38,295.19,4295100.0
AMZN,2014-05-16,292.8,298.88,291.55,297.7,3636800.0,0.0,1.0,292.8,298.88,291.55,297.7,3636800.0
AMZN,2014-05-19,295.76,299.0,293.81,296.755,2284200.0,0.0,1.0,295.76,299.0,293.81,296.755,2284200.0
AMZN,2014-05-20,297.1,304.46,296.75,301.19,4095700.0,0.0,1.0,297.1,304.46,296.75,301.19,4095700.0
AMZN,2014-05-21,302.21,305.96,301.5201,305.01,3408800.0,0.0,1.0,302.21,305.96,301.5201,305.01,3408800.0
AMZN,2014-05-22,305.05,308.54,303.01,304.91,2576800.0,0.0,1.0,305.05,308.54,303.01,304.91,2576800.0
AMZN,2014-05-23,305.46,312.35,304.9,312.24,3052900.0,0.0,1.0,305.46,312.35,304.9,312.24,3052900.0
AMZN,2014-05-27,314.41,314.6296,307.38,310.82,4862100.0,0.0,1.0,314.41,314.6296,307.38,310.82,4862100.0
AMZN,2014-05-28,309.5,313.82,307.42,310.16,2726000.0,0.0,1.0,309.5,313.82,307.42,310.16,2726000.0
AMZN,2014-05-29,310.42,314.87,310.2,313.78,2365500.0,0.0,1.0,310.42,314.87,310.2,313.78,2365500.0
AMZN,2014-05-30,314.43,314.65,307.57,312.55,4260200.0,0.0,1.0,314.43,314.65,307.57,312.55,4260200.0
AMZN,2014-06-02,312.59,312.6,307.0,308.84,2203400.0,0.0,1.0,312.59,312.6,307.0,308.84,2203400.0
AMZN,2014-06-03,305.75,307.92,305.07,307.19,2379200.0,0.0,1.0,305.75,307.92,305.07,307.19,2379200.0
AMZN,2014-06-04,306.85,309.5,303.84,306.78,2107100.0,0.0,1.0,306.85,309.5,303.84,306.78,2107100.0
AMZN,2014-06-05,308.1,327.94,306.9,323.57,7796700.0,0.0,1.0,308.1,327.94,306.9,323.57,7796700.0
AMZN,2014-06-06,325.0,330.88,324.93,329.67,5244000.0,0.0,1.0,325.0,330.88,324.93,329.67,5244000.0
AMZN,2014-06-09,331.57,333.0,325.65,327.5,3212200.0,0.0,1.0,331.57,333.0,325.65,327.5,3212200.0
AMZN,2014-06-10,327.65,335.5,327.5,332.41,3663400.0,0.0,1.0,327.65,335.5,327.5,332.41,3663400.0
AMZN,2014-06-11,336.0,340.7199,333.8772,335.2,4436800.0,0.0,1.0,336.0,340.7199,333.8772,335.2,4436800.0
AMZN,2014-06-12,335.55,335.55,324.66,325.91,4263000.0,0.0,1.0,335.55,335.55,324.66,325.91,4263000.0
AMZN,2014-06-13,327.05,329.298,323.5262,326.27,2764800.0,0.0,1.0,327.05,329.298,323.5262,326.27,2764800.0
AMZN,2014-06-16,324.86,328.6945,323.52,327.62,2396100.0,0.0,1.0,324.86,328.6945,323.52,327.62,2396100.0
AMZN,2014-06-17,327.54,331.34,325.23,325.62,2904200.0,0.0,1.0,327.54,331.34,325.23,325.62,2904200.0
AMZN,2014-06-18,328.0,335.75,325.0,334.38,6401500.0,0.0,1.0,328.0,335.75,325.0,334.38,6401500.0
AMZN,2014-06-19,335.255,338.9,325.98,327.0,5320600.0,0.0,1.0,335.255,338.9,325.98,327.0,5320600.0
AMZN,2014-06-20,327.76,328.22,320.42,324.2,6054000.0,0.0,1.0,327.76,328.22,320.42,324.2,6054000.0
AMZN,2014-06-23,323.33,327.55,321.41,327.24,2604800.0,0.0,1.0,323.33,327.55,321.41,327.24,2604800.0
AMZN,2014-06-24,327.54,329.73,322.738,324.16,2626600.0,0.0,1.0,327.54,329.73,322.738,324.16,2626600.0
AMZN,2014-06-25,324.33,328.15,321.74,327.44,2327800.0,0.0,1.0,324.33,328.15,321.74,327.44,2327800.0
AMZN,2014-06-26,328.49,328.65,322.13,325.69,2699500.0,0.0,1.0,328.49,328.65,322.13,325.69,2699500.0
AMZN,2014-06-27,325.88,326.52,323.27,324.57,2416200.0,0.0,1.0,325.88,326.52,323.27,324.57,2416200.0
AMZN,2014-06-30,324.98,326.98,322.24,324.78,2671300.0,0.0,1.0,324.98,326.98,322.24,324.78,2671300.0
AMZN,2014-07-01,325.86,333.2,325.1,332.39,3173600.0,0.0,1.0,325.86,333.2,325.1,332.39,3173600.0
AMZN,2014-07-02,333.2,336.76,331.66,332.85,2681300.0,0.0,1.0,333.2,336.76,331.66,332.85,2681300.0
AMZN,2014-07-03,334.83,338.3,333.08,337.492,1944300.0,0.0,1.0,334.83,338.3,333.08,337.492,1944300.0
AMZN,2014-07-07,337.5,337.55,332.52,333.55,2128900.0,0.0,1.0,337.5,337.55,332.52,333.55,2128900.0
AMZN,2014-07-08,333.1,333.7397,321.4,323.81,4271600.0,0.0,1.0,333.1,333.7397,321.4,323.81,4271600.0
AMZN,2014-07-09,324.71,330.2,323.15,329.97,3166100.0,0.0,1.0,324.71,330.2,323.15,329.97,3166100.0
AMZN,2014-07-10,324.34,329.98,322.65,327.92,2665000.0,0.0,1.0,324.34,329.98,322.65,327.92,2665000.0
AMZN,2014-07-11,334.71,347.0,334.71,346.2,8300800.0,0.0,1.0,334.71,347.0,334.71,346.2,8300800.0
AMZN,2014-07-14,347.03,355.77,345.356,355.32,5609900.0,0.0,1.0,347.03,355.77,345.356,355.32,5609900.0
AMZN,2014-07-15,353.72,355.59,349.4,354.44,4170900.0,0.0,1.0,353.72,355.59,349.4,354.44,4170900.0
AMZN,2014-07-16,355.62,359.32,353.0,355.9,3503600.0,0.0,1.0,355.62,359.32,353.0,355.9,3503600.0
AMZN,2014-07-17,353.44,356.96,351.38,352.454,3636000.0,0.0,1.0,353.44,356.96,351.38,352.454,3636000.0
AMZN,2014-07-18,354.4,359.68,352.08,358.66,3407400.0,0.0,1.0,354.4,359.68,352.08,358.66,3407400.0
AMZN,2014-07-21,358.1,361.71,356.72,359.76,2278400.0,0.0,1.0,358.1,361.71,356.72,359.76,2278400.0
AMZN,2014-07-22,355.25,362.93,355.25,360.84,2888900.0,0.0,1.0,355.25,362.93,355.25,360.84,2888900.0
AMZN,2014-07-23,359.05,360.63,356.62,358.14,2687300.0,0.0,1.0,359.05,360.63,356.62,358.14,2687300.0
AMZN,2014-07-24,359.98,364.85,358.52,358.61,7000000.0,0.0,1.0,359.98,364.85,358.52,358.61,7000000.0
AMZN,2014-07-25,317.3,324.87,314.76,324.01,17846500.0,0.0,1.0,317.3,324.87,314.76,324.01,17846500.0
AMZN,2014-07-28,324.25,324.82,316.5,320.41,5932000.0,0.0,1.0,324.25,324.82,316.5,320.41,5932000.0
AMZN,2014-07-29,321.98,322.8999,319.5,320.0,2883800.0,0.0,1.0,321.98,322.8999,319.5,320.0,2883800.0
AMZN,2014-07-30,321.45,322.73,318.5,322.51,3969000.0,0.0,1.0,321.45,322.73,318.5,322.51,3969000.0
AMZN,2014-07-31,320.01,320.6836,311.86,312.99,5192000.0,0.0,1.0,320.01,320.6836,311.86,312.99,5192000.0
AMZN,2014-08-01,313.69,315.83,304.588,307.06,7441500.0,0.0,1.0,313.69,315.83,304.588,307.06,7441500.0
AMZN,2014-08-04,308.84,316.18,308.5,313.65,4200900.0,0.0,1.0,308.84,316.18,308.5,313.65,4200900.0
AMZN,2014-08-05,313.3,314.55,310.06,312.32,2852100.0,0.0,1.0,313.3,314.55,310.06,312.32,2852100.0
AMZN,2014-08-06,310.83,315.78,310.2,313.89,2296900.0,0.0,1.0,310.83,315.78,310.2,313.89,2296900.0
AMZN,2014-08-07,315.21,315.8774,309.655,311.45,2935600.0,0.0,1.0,315.21,315.8774,309.655,311.45,2935600.0
AMZN,2014-08-08,311.94,317.32,310.66,316.8,2705900.0,0.0,1.0,311.94,317.32,310.66,316.8,2705900.0
AMZN,2014-08-11,318.48,320.38,316.88,318.33,2468600.0,0.0,1.0,318.48,320.38,316.88,318.33,2468600.0
AMZN,2014-08-12,318.89,321.31,316.95,319.32,1915800.0,0.0,1.0,318.89,321.31,316.95,319.32,1915800.0
AMZN,2014-08-13,327.6,331.72,326.14,326.28,4939100.0,0.0,1.0,327.6,331.72,326.14,326.28,4939100.0
AMZN,2014-08-14,327.8,334.09,326.71,333.21,3420400.0,0.0,1.0,327.8,334.09,326.71,333.21,3420400.0
AMZN,2014-08-15,334.0,335.0,328.32,333.63,3896700.0,0.0,1.0,334.0,335.0,328.32,333.63,3896700.0
AMZN,2014-08-18,335.48,337.8,333.77,334.53,2485400.0,0.0,1.0,335.48,337.8,333.77,334.53,2485400.0
AMZN,2014-08-19,334.87,335.81,333.01,335.13,1713800.0,0.0,1.0,334.87,335.81,333.01,335.13,1713800.0
AMZN,2014-08-20,334.68,337.16,334.022,335.78,1810500.0,0.0,1.0,334.68,337.16,334.022,335.78,1810500.0
AMZN,2014-08-21,336.48,336.582,332.23,332.91,1971100.0,0.0,1.0,336.48,336.582,332.23,332.91,1971100.0
AMZN,2014-08-22,332.99,334.08,330.8,331.59,2211200.0,0.0,1.0,332.99,334.08,330.8,331.59,2211200.0
AMZN,2014-08-25,333.21,336.77,332.71,334.02,1957700.0,0.0,1.0,333.21,336.77,332.71,334.02,1957700.0
AMZN,2014-08-26,337.0,344.36,334.55,341.83,3638200.0,0.0,1.0,337.0,344.36,334.55,341.83,3638200.0
AMZN,2014-08-27,342.09,346.67,341.34,343.18,2961600.0,0.0,1.0,342.09,346.67,341.34,343.18,2961600.0
AMZN,2014-08-28,340.0,341.79,338.8,340.02,2252700.0,0.0,1.0,340.0,341.79,338.8,340.02,2252700.0
AMZN,2014-08-29,341.76,341.8199,337.68,339.04,1939500.0,0.0,1.0,341.76,341.8199,337.68,339.04,1939500.0
AMZN,2014-09-02,339.98,342.5,337.1587,342.38,2326000.0,0.0,1.0,339.98,342.5,337.1587,342.38,2326000.0
AMZN,2014-09-03,342.54,343.27,337.55,339.0,1993700.0,0.0,1.0,342.54,343.27,337.55,339.0,1993700.0
AMZN,2014-09-04,343.69,349.38,343.58,345.95,3952200.0,0.0,1.0,343.69,349.38,343.58,345.95,3952200.0
AMZN,2014-09-05,346.3,346.827,342.5,346.38,2107000.0,0.0,1.0,346.3,346.827,342.5,346.38,2107000.0
AMZN,2014-09-08,344.54,345.81,339.04,342.34,2955300.0,0.0,1.0,344.54,345.81,339.04,342.34,2955300.0
AMZN,2014-09-09,341.61,341.76,329.18,329.75,4634000.0,0.0,1.0,341.61,341.76,329.18,329.75,4634000.0
AMZN,2014-09-10,334.3,334.98,328.82,331.33,3797400.0,0.0,1.0,334.3,334.98,328.82,331.33,3797400.0
AMZN,2014-09-11,329.94,333.01,326.39,330.52,2720200.0,0.0,1.0,329.94,333.01,326.39,330.52,2720200.0
AMZN,2014-09-12,329.56,332.89,328.79,331.19,3429300.0,0.0,1.0,329.56,332.89,328.79,331.19,3429300.0
AMZN,2014-09-15,330.91,331.33,319.0,323.89,4000400.0,0.0,1.0,330.91,331.33,319.0,323.89,4000400.0
AMZN,2014-09-16,321.07,329.48,320.1,327.76,3259900.0,0.0,1.0,321.07,329.48,320.1,327.76,3259900.0
AMZN,2014-09-17,327.76,328.0,321.52,324.0,4136000.0,0.0,1.0,327.76,328.0,321.52,324.0,4136000.0
AMZN,2014-09-18,325.44,327.1,323.7105,325.0,2576900.0,0.0,1.0,325.44,327.1,323.7105,325.0,2576900.0
AMZN,2014-09-19,327.6,332.7559,325.57,331.32,6886200.0,0.0,1.0,327.6,332.7559,325.57,331.32,6886200.0
AMZN,2014-09-22,328.49,329.49,321.06,324.5,3109700.0,0.0,1.0,328.49,329.49,321.06,324.5,3109700.0
AMZN,2014-09-23,322.46,327.6,321.25,323.63,2352600.0,0.0,1.0,322.46,327.6,321.25,323.63,2352600.0
AMZN,2014-09-24,324.17,329.44,319.56,328.21,2635754.0,0.0,1.0,324.17,329.44,319.56,328.21,2635754.0
AMZN,2014-09-25,327.99,328.54,321.4,321.93,2925241.0,0.0,1.0,327.99,328.54,321.4,321.93,2925241.0
AMZN,2014-09-26,320.6,323.5,317.64,323.21,3639155.0,0.0,1.0,320.6,323.5,317.64,323.21,3639155.0
AMZN,2014-09-29,320.5,323.75,319.0,321.82,1929589.0,0.0,1.0,320.5,323.75,319.0,321.82,1929589.0
AMZN,2014-09-30,321.36,323.43,318.51,322.44,2639967.0,0.0,1.0,321.36,323.43,318.51,322.44,2639967.0
AMZN,2014-10-01,322.04,322.165,315.55,317.46,3096735.0,0.0,1.0,322.04,322.165,315.55,317.46,3096735.0
AMZN,2014-10-02,316.92,318.53,311.31,318.41,3553944.0,0.0,1.0,316.92,318.53,311.31,318.41,3553944.0
AMZN,2014-10-03,320.36,325.16,319.53,322.74,3037891.0,0.0,1.0,320.36,325.16,319.53,322.74,3037891.0
AMZN,2014-10-06,323.5,324.13,319.6,322.2,2294194.0,0.0,1.0,323.5,324.13,319.6,322.2,2294194.0
AMZN,2014-10-07,319.43,322.0,316.67,316.98,2365698.0,0.0,1.0,319.43,322.0,316.67,316.98,2365698.0
AMZN,2014-10-08,316.58,324.11,314.14,322.7,3458960.0,0.0,1.0,316.58,324.11,314.14,322.7,3458960.0
AMZN,2014-10-09,321.49,322.271,314.52,315.37,3589464.0,0.0,1.0,321.49,322.271,314.52,315.37,3589464.0
AMZN,2014-10-10,314.02,317.77,311.38,311.39,3684314.0,0.0,1.0,314.02,317.77,311.38,311.39,3684314.0
AMZN,2014-10-13,309.87,313.2,303.47,306.45,4369850.0,0.0,1.0,309.87,313.2,303.47,306.45,4369850.0
AMZN,2014-10-14,308.0,312.24,305.75,308.31,3385809.0,0.0,1.0,308.0,312.24,305.75,308.31,3385809.0
AMZN,2014-10-15,304.35,307.9,299.102,305.97,5348254.0,0.0,1.0,304.35,307.9,299.102,305.97,5348254.0
AMZN,2014-10-16,293.83,306.82,293.83,302.86,4731866.0,0.0,1.0,293.83,306.82,293.83,302.86,4731866.0
AMZN,2014-10-17,307.15,309.2,302.72,303.64,4409218.0,0.0,1.0,307.15,309.2,302.72,303.64,4409218.0
AMZN,2014-10-20,302.95,306.53,302.02,306.21,3239490.0,0.0,1.0,302.95,306.53,302.02,306.21,3239490.0
AMZN,2014-10-21,309.9,315.64,307.07,315.33,3563351.0,0.0,1.0,309.9,315.64,307.07,315.33,3563351.0
AMZN,2014-10-22,315.43,318.98,312.64,312.97,3130049.0,0.0,1.0,315.43,318.98,312.64,312.97,3130049.0
AMZN,2014-10-23,313.4,316.8,311.4,313.18,9038193.0,0.0,1.0,313.4,316.8,311.4,313.18,9038193.0
AMZN,2014-10-24,284.4,293.81,284.0,287.06,19805911.0,0.0,1.0,284.4,293.81,284.0,287.06,19805911.0
AMZN,2014-10-27,285.7,290.42,285.02,289.97,5950594.0,0.0,1.0,285.7,290.42,285.02,289.97,5950594.0
AMZN,2014-10-28,289.76,298.0,289.76,295.59,5576646.0,0.0,1.0,289.76,298.0,289.76,295.59,5576646.0
AMZN,2014-10-29,299.11,299.61,293.0701,294.12,4883259.0,0.0,1.0,299.11,299.61,293.0701,294.12,4883259.0
AMZN,2014-10-30,293.98,299.74,292.36,299.07,4055155.0,0.0,1.0,293.98,299.74,292.36,299.07,4055155.0
AMZN,2014-10-31,305.15,305.72,301.5,305.46,4551795.0,0.0,1.0,305.15,305.72,301.5,305.46,4551795.0
AMZN,2014-11-03,306.24,308.01,303.24,305.72,3244150.0,0.0,1.0,306.24,308.01,303.24,305.72,3244150.0
AMZN,2014-11-04,303.99,304.25,300.17,302.81,3427384.0,0.0,1.0,303.99,304.25,300.17,302.81,3427384.0
AMZN,2014-11-05,303.01,304.0,294.16,296.52,4674492.0,0.0,1.0,303.01,304.0,294.16,296.52,4674492.0
AMZN,2014-11-06,296.69,297.0,292.29,296.64,3758121.0,0.0,1.0,296.69,297.0,292.29,296.64,3758121.0
AMZN,2014-11-07,297.82,299.99,296.29,299.86,2647352.0,0.0,1.0,297.82,299.99,296.29,299.86,2647352.0
AMZN,2014-11-10,300.0,305.799,300.0,305.11,2809056.0,0.0,1.0,300.0,305.799,300.0,305.11,2809056.0
AMZN,2014-11-11,305.94,312.38,303.646,312.01,3807333.0,0.0,1.0,305.94,312.38,303.646,312.01,3807333.0
AMZN,2014-11-12,310.75,312.58,308.79,311.51,2182982.0,0.0,1.0,310.75,312.58,308.79,311.51,2182982.0
AMZN,2014-11-13,312.0,317.89,311.51,316.48,3686428.0,0.0,1.0,312.0,317.89,311.51,316.48,3686428.0
AMZN,2014-11-14,317.12,332.88,316.401,327.82,8877785.0,0.0,1.0,317.12,332.88,316.401,327.82,8877785.0
AMZN,2014-11-17,326.44,328.0,318.03,323.05,4784933.0,0.0,1.0,326.44,328.0,318.03,323.05,4784933.0
AMZN,2014-11-18,323.99,329.56,323.25,324.93,3551161.0,0.0,1.0,323.99,329.56,323.25,324.93,3551161.0
AMZN,2014-11-19,327.25,328.4,324.02,326.54,3281614.0,0.0,1.0,327.25,328.4,324.02,326.54,3281614.0
AMZN,2014-11-20,324.0,332.67,323.33,330.54,3436721.0,0.0,1.0,324.0,332.67,323.33,330.54,3436721.0
AMZN,2014-11-21,335.42,338.33,331.47,332.63,4466587.0,0.0,1.0,335.42,338.33,331.47,332.63,4466587.0
AMZN,2014-11-24,334.78,337.39,333.6,335.64,2754186.0,0.0,1.0,334.78,337.39,333.6,335.64,2754186.0
AMZN,2014-11-25,335.27,336.3325,331.28,335.04,2564989.0,0.0,1.0,335.27,336.3325,331.28,335.04,2564989.0
AMZN,2014-11-26,333.78,334.65,331.75,333.57,1985949.0,0.0,1.0,333.78,334.65,331.75,333.57,1985949.0
AMZN,2014-11-28,336.03,341.26,336.03,338.64,3051798.0,0.0,1.0,336.03,341.26,336.03,338.64,3051798.0
AMZN,2014-12-01,338.12,340.64,325.93,326.0,4944861.0,0.0,1.0,338.12,340.64,325.93,326.0,4944861.0
AMZN,2014-12-02,327.5,327.93,323.25,326.31,2790257.0,0.0,1.0,327.5,327.93,323.25,326.31,2790257.0
AMZN,2014-12-03,325.73,326.77,314.36,316.5,5689904.0,0.0,1.0,325.73,326.77,314.36,316.5,5689904.0
AMZN,2014-12-04,315.53,318.59,313.47,316.93,3296642.0,0.0,1.0,315.53,318.59,313.47,316.93,3296642.0
AMZN,2014-12-05,316.8,316.93,310.84,312.63,3265214.0,0.0,1.0,316.8,316.93,310.84,312.63,3265214.0
AMZN,2014-12-08,311.57,316.56,304.821,306.64,3639180.0,0.0,1.0,311.57,316.56,304.821,306.64,3639180.0
AMZN,2014-12-09,302.99,313.639,301.14,312.5,4049506.0,0.0,1.0,302.99,313.639,301.14,312.5,4049506.0
AMZN,2014-12-10,312.0,313.19,304.68,305.84,3245890.0,0.0,1.0,312.0,313.19,304.68,305.84,3245890.0
AMZN,2014-12-11,307.89,312.64,306.01,307.36,3272919.0,0.0,1.0,307.89,312.64,306.01,307.36,3272919.0
AMZN,2014-12-12,303.99,310.6399,303.01,307.32,3162322.0,0.0,1.0,303.99,310.6399,303.01,307.32,3162322.0
AMZN,2014-12-15,308.87,310.86,302.15,306.07,3841577.0,0.0,1.0,308.87,310.86,302.15,306.07,3841577.0
AMZN,2014-12-16,304.35,304.49,295.01,295.06,6501252.0,0.0,1.0,304.35,304.49,295.01,295.06,6501252.0
AMZN,2014-12-17,296.37,299.67,293.03,298.88,4433505.0,0.0,1.0,296.37,299.67,293.03,298.88,4433505.0
AMZN,2014-12-18,304.01,304.5,293.25,297.73,7738067.0,0.0,1.0,304.01,304.5,293.25,297.73,7738067.0
AMZN,2014-12-19,296.91,301.54,295.52,299.9,8709129.0,0.0,1.0,296.91,301.54,295.52,299.9,8709129.0
AMZN,2014-12-22,301.94,307.36,301.94,306.54,4003827.0,0.0,1.0,301.94,307.36,301.94,306.54,4003827.0
AMZN,2014-12-23,306.98,307.49,303.252,306.285,2718359.0,0.0,1.0,306.98,307.49,303.252,306.285,2718359.0
AMZN,2014-12-24,306.38,307.0,302.875,303.03,1518107.0,0.0,1.0,306.38,307.0,302.875,303.03,1518107.0
AMZN,2014-12-26,305.0,310.7799,303.81,309.09,2893801.0,0.0,1.0,305.0,310.7799,303.81,309.09,2893801.0
AMZN,2014-12-29,307.85,314.27,306.58,312.04,3009046.0,0.0,1.0,307.85,314.27,306.58,312.04,3009046.0
AMZN,2014-12-30,309.91,313.94,309.34,310.3,2093023.0,0.0,1.0,309.91,313.94,309.34,310.3,2093023.0
AMZN,2014-12-31,311.55,312.98,310.01,310.35,2057766.0,0.0,1.0,311.55,312.98,310.01,310.35,2057766.0
AMZN,2015-01-02,312.58,314.75,306.9601,308.52,2788101.0,0.0,1.0,312.58,314.75,306.9601,308.52,2788101.0
AMZN,2015-01-05,307.01,308.38,300.85,302.19,2774231.0,0.0,1.0,307.01,308.38,300.85,302.19,2774231.0
AMZN,2015-01-06,302.24,303.0,292.38,295.29,3519034.0,0.0,1.0,302.24,303.0,292.38,295.29,3519034.0
AMZN,2015-01-07,297.5,301.28,295.33,298.42,2640349.0,0.0,1.0,297.5,301.28,295.33,298.42,2640349.0
AMZN,2015-01-08,300.32,303.14,296.11,300.46,3088398.0,0.0,1.0,300.32,303.14,296.11,300.46,3088398.0
AMZN,2015-01-09,301.48,302.87,296.68,296.93,2570947.0,0.0,1.0,301.48,302.87,296.68,296.93,2570947.0
AMZN,2015-01-12,297.56,298.51,289.281,291.41,3421392.0,0.0,1.0,297.56,298.51,289.281,291.41,3421392.0
AMZN,2015-01-13,297.48,301.4976,293.23,294.74,4136442.0,0.0,1.0,297.48,301.4976,293.23,294.74,4136442.0
AMZN,2015-01-14,291.93,295.91,286.503,293.27,5538666.0,0.0,1.0,291.93,295.91,286.503,293.27,5538666.0
AMZN,2015-01-15,294.0,295.9995,286.815,286.95,4419196.0,0.0,1.0,294.0,295.9995,286.815,286.95,4419196.0
AMZN,2015-01-16,286.28,290.79,285.25,290.74,3478176.0,0.0,1.0,286.28,290.79,285.25,290.74,3478176.0
AMZN,2015-01-20,292.59,293.3599,286.39,289.44,3075081.0,0.0,1.0,292.59,293.3599,286.39,289.44,3075081.0
AMZN,2015-01-21,289.64,306.0,287.26,297.25,10065076.0,0.0,1.0,289.64,306.0,287.26,297.25,10065076.0
AMZN,2015-01-22,300.0,312.25,300.0,310.32,5362640.0,0.0,1.0,300.0,312.25,300.0,310.32,5362640.0
AMZN,2015-01-23,308.08,316.93,307.72,312.39,4496419.0,0.0,1.0,308.08,316.93,307.72,312.39,4496419.0
AMZN,2015-01-26,311.82,313.0,307.5201,309.66,3169665.0,0.0,1.0,311.82,313.0,307.5201,309.66,3169665.0
AMZN,2015-01-27,306.3,310.243,302.625,306.75,2920315.0,0.0,1.0,306.3,310.243,302.625,306.75,2920315.0
AMZN,2015-01-28,309.81,311.51,303.8,303.91,3063774.0,0.0,1.0,309.81,311.51,303.8,303.91,3063774.0
AMZN,2015-01-29,304.73,312.8,299.33,311.78,8656567.0,0.0,1.0,304.73,312.8,299.33,311.78,8656567.0
AMZN,2015-01-30,346.32,359.5,340.74,354.53,23856060.0,0.0,1.0,346.32,359.5,340.74,354.53,23856060.0
AMZN,2015-02-02,350.05,365.0,350.01,364.47,10231914.0,0.0,1.0,350.05,365.0,350.01,364.47,10231914.0
AMZN,2015-02-03,360.29,367.817,360.21,363.55,6212565.0,0.0,1.0,360.29,367.817,360.21,363.55,6212565.0
AMZN,2015-02-04,358.38,367.5,358.23,364.75,4169927.0,0.0,1.0,358.38,367.5,358.23,364.75,4169927.0
AMZN,2015-02-05,366.0,378.8,365.9,373.89,7247605.0,0.0,1.0,366.0,378.8,365.9,373.89,7247605.0
AMZN,2015-02-06,374.87,375.9899,371.01,374.28,3892382.0,0.0,1.0,374.87,375.9899,371.01,374.28,3892382.0
AMZN,2015-02-09,371.0,374.41,367.2,370.56,2724630.0,0.0,1.0,371.0,374.41,367.2,370.56,2724630.0
AMZN,2015-02-10,371.19,374.3,368.51,372.995,2287232.0,0.0,1.0,371.19,374.3,368.51,372.995,2287232.0
AMZN,2015-02-11,371.23,377.1,371.1,375.14,2786523.0,0.0,1.0,371.23,377.1,371.1,375.14,2786523.0
AMZN,2015-02-12,375.1,378.51,373.15,377.17,2791050.0,0.0,1.0,375.1,378.51,373.15,377.17,2791050.0
AMZN,2015-02-13,378.41,383.0,377.01,381.83,3475069.0,0.0,1.0,378.41,383.0,377.01,381.83,3475069.0
AMZN,2015-02-17,377.72,379.985,372.67,375.43,3673208.0,0.0,1.0,377.72,379.985,372.67,375.43,3673208.0
AMZN,2015-02-18,373.78,376.74,372.85,373.37,2650610.0,0.0,1.0,373.78,376.74,372.85,373.37,2650610.0
AMZN,2015-02-19,373.49,381.88,373.43,378.995,2953752.0,0.0,1.0,373.49,381.88,373.43,378.995,2953752.0
AMZN,2015-02-20,378.62,383.7,375.84,383.66,3258023.0,0.0,1.0,378.62,383.7,375.84,383.66,3258023.0
AMZN,2015-02-23,383.44,384.54,378.0,380.14,2176989.0,0.0,1.0,383.44,384.54,378.0,380.14,2176989.0
AMZN,2015-02-24,378.65,380.48,376.16,378.59,1921850.0,0.0,1.0,378.65,380.48,376.16,378.59,1921850.0
AMZN,2015-02-25,377.27,387.85,376.54,385.37,3174495.0,0.0,1.0,377.27,387.85,376.54,385.37,3174495.0
AMZN,2015-02-26,384.07,389.37,383.28,384.8,2687107.0,0.0,1.0,384.07,389.37,383.28,384.8,2687107.0
AMZN,2015-02-27,384.0,385.99,379.79,380.16,2532309.0,0.0,1.0,384.0,385.99,379.79,380.16,2532309.0
AMZN,2015-03-02,380.85,385.9,379.481,385.655,2139205.0,0.0,1.0,380.85,385.9,379.481,385.655,2139205.0
AMZN,2015-03-03,383.95,386.1,381.601,384.61,1946498.0,0.0,1.0,383.95,386.1,381.601,384.61,1946498.0
AMZN,2015-03-04,385.71,387.9,382.19,382.72,2259141.0,0.0,1.0,385.71,387.9,382.19,382.72,2259141.0
AMZN,2015-03-05,385.61,388.4182,383.89,387.83,2693518.0,0.0,1.0,385.61,388.4182,383.89,387.83,2693518.0
AMZN,2015-03-06,385.52,387.0,378.88,380.09,2627042.0,0.0,1.0,385.52,387.0,378.88,380.09,2627042.0
AMZN,2015-03-09,378.4,379.33,375.28,378.56,2311390.0,0.0,1.0,378.4,379.33,375.28,378.56,2311390.0
AMZN,2015-03-10,377.45,377.77,369.18,369.51,3120972.0,0.0,1.0,377.45,377.77,369.18,369.51,3120972.0
AMZN,2015-03-11,370.61,373.35,366.26,366.37,2495097.0,0.0,1.0,370.61,373.35,366.26,366.37,2495097.0
AMZN,2015-03-12,368.82,375.5,367.52,374.24,2810001.0,0.0,1.0,368.82,375.5,367.52,374.24,2810001.0
AMZN,2015-03-13,371.52,373.99,366.68,370.58,2611658.0,0.0,1.0,371.52,373.99,366.68,370.58,2611658.0
AMZN,2015-03-16,370.38,373.94,366.72,373.35,2354059.0,0.0,1.0,370.38,373.94,366.72,373.35,2354059.0
AMZN,2015-03-17,371.11,374.5,369.64,371.92,2036961.0,0.0,1.0,371.11,374.5,369.64,371.92,2036961.0
AMZN,2015-03-18,369.97,375.99,366.7,375.135,2654135.0,0.0,1.0,369.97,375.99,366.7,375.135,2654135.0
AMZN,2015-03-19,373.87,377.11,372.19,373.24,1915671.0,0.0,1.0,373.87,377.11,372.19,373.24,1915671.0
AMZN,2015-03-20,376.29,379.37,375.92,378.49,3763553.0,0.0,1.0,376.29,379.37,375.92,378.49,3763553.0
AMZN,2015-03-23,378.07,381.77,374.94,375.11,2239343.0,0.0,1.0,378.07,381.77,374.94,375.11,2239343.0
AMZN,2015-03-24,373.99,375.24,372.27,374.09,2228214.0,0.0,1.0,373.99,375.24,372.27,374.09,2228214.0
AMZN,2015-03-25,375.17,380.5,370.285,370.96,3429497.0,0.0,1.0,375.17,380.5,370.285,370.96,3429497.0
AMZN,2015-03-26,369.59,371.4,365.65,367.35,2929962.0,0.0,1.0,369.59,371.4,365.65,367.35,2929962.0
AMZN,2015-03-27,367.11,373.17,366.5734,370.56,2609774.0,0.0,1.0,367.11,373.17,366.5734,370.56,2609774.0
AMZN,2015-03-30,371.87,376.12,371.55,374.59,1820933.0,0.0,1.0,371.87,376.12,371.55,374.59,1820933.0
AMZN,2015-03-31,373.24,377.7,371.51,372.1,2506122.0,0.0,1.0,373.24,377.7,371.51,372.1,2506122.0
AMZN,2015-04-01,372.1,373.16,368.34,370.255,2458095.0,0.0,1.0,372.1,373.16,368.34,370.255,2458095.0
AMZN,2015-04-02,370.5,373.28,369.0,372.25,1875279.0,0.0,1.0,370.5,373.28,369.0,372.25,1875279.0
AMZN,2015-04-06,370.1,380.2,369.36,377.04,3050709.0,0.0,1.0,370.1,380.2,369.36,377.04,3050709.0
AMZN,2015-04-07,376.15,379.31,374.03,374.41,1954902.0,0.0,1.0,376.15,379.31,374.03,374.41,1954902.0
AMZN,2015-04-08,374.66,381.58,374.65,381.2,2636434.0,0.0,1.0,374.66,381.58,374.65,381.2,2636434.0
AMZN,2015-04-09,380.66,384.42,378.795,383.54,2392328.0,0.0,1.0,380.66,384.42,378.795,383.54,2392328.0
AMZN,2015-04-10,384.31,387.12,381.3151,382.65,2573519.0,0.0,1.0,384.31,387.12,381.3151,382.65,2573519.0
AMZN,2015-04-13,383.53,385.28,380.14,382.36,1894453.0,0.0,1.0,383.53,385.28,380.14,382.36,1894453.0
AMZN,2015-04-14,383.51,387.81,381.2101,385.11,2583575.0,0.0,1.0,383.51,387.81,381.2101,385.11,2583575.0
AMZN,2015-04-15,384.65,385.78,381.64,383.45,1933229.0,0.0,1.0,384.65,385.78,381.64,383.45,1933229.0
AMZN,2015-04-16,383.69,387.45,383.55,386.04,2080418.0,0.0,1.0,383.69,387.45,383.55,386.04,2080418.0
AMZN,2015-04-17,382.63,383.56,374.4,375.56,3839664.0,0.0,1.0,382.63,383.56,374.4,375.56,3839664.0
AMZN,2015-04-20,378.55,391.94,377.0,389.51,5016148.0,0.0,1.0,378.55,391.94,377.0,389.51,5016148.0
AMZN,2015-04-21,391.31,394.6,386.8,391.18,4643524.0,0.0,1.0,391.31,394.6,386.8,391.18,4643524.0
AMZN,2015-04-22,391.91,394.28,388.0,389.8,3474724.0,0.0,1.0,391.91,394.28,388.0,389.8,3474724.0
AMZN,2015-04-23,390.21,391.88,386.15,389.99,7979985.0,0.0,1.0,390.21,391.88,386.15,389.99,7979985.0
AMZN,2015-04-24,439.0,452.65,439.0,445.1,17176904.0,0.0,1.0,439.0,452.65,439.0,445.1,17176904.0
AMZN,2015-04-27,443.86,446.99,437.41,438.56,5430949.0,0.0,1.0,443.86,446.99,437.41,438.56,5430949.0
AMZN,2015-04-28,438.51,439.0,428.04,429.31,4140483.0,0.0,1.0,438.51,439.0,428.04,429.31,4140483.0
AMZN,2015-04-29,426.75,434.24,426.03,429.37,3621688.0,0.0,1.0,426.75,434.24,426.03,429.37,3621688.0
AMZN,2015-04-30,427.11,431.75,419.24,421.78,3647877.0,0.0,1.0,427.11,431.75,419.24,421.78,3647877.0
AMZN,2015-05-01,423.82,425.64,416.0,422.87,3565824.0,0.0,1.0,423.82,425.64,416.0,422.87,3565824.0
AMZN,2015-05-04,424.8,429.77,422.42,423.04,2270448.0,0.0,1.0,424.8,429.77,422.42,423.04,2270448.0
AMZN,2015-05-05,422.85,427.51,421.02,421.19,2856386.0,0.0,1.0,422.85,427.51,421.02,421.19,2856386.0
AMZN,2015-05-06,421.43,422.7165,414.55,419.1,2552474.0,0.0,1.0,421.43,422.7165,414.55,419.1,2552474.0
AMZN,2015-05-07,424.15,428.5,422.85,426.88,2766132.0,0.0,1.0,424.15,428.5,422.85,426.88,2766132.0
AMZN,2015-05-08,430.75,435.2,430.174,433.69,2908838.0,0.0,1.0,430.75,435.2,430.174,433.69,2908838.0
AMZN,2015-05-11,432.51,439.0,431.37,432.85,2393737.0,0.0,1.0,432.51,439.0,431.37,432.85,2393737.0
AMZN,2015-05-12,431.08,433.25,426.71,431.02,1947822.0,0.0,1.0,431.08,433.25,426.71,431.02,1947822.0
AMZN,2015-05-13,429.98,433.528,425.8,426.87,1996328.0,0.0,1.0,429.98,433.528,425.8,426.87,1996328.0
AMZN,2015-05-14,429.45,433.0,427.01,432.28,1888477.0,0.0,1.0,429.45,433.0,427.01,432.28,1888477.0
AMZN,2015-05-15,428.0,430.3962,424.3,426.0,4240306.0,0.0,1.0,428.0,430.3962,424.3,426.0,4240306.0
AMZN,2015-05-18,426.0,427.27,421.46,425.24,2390229.0,0.0,1.0,426.0,427.27,421.46,425.24,2390229.0
AMZN,2015-05-19,424.87,428.24,420.63,421.71,2465240.0,0.0,1.0,424.87,428.24,420.63,421.71,2465240.0
AMZN,2015-05-20,420.6,427.1,418.36,423.86,2196159.0,0.0,1.0,420.6,427.1,418.36,423.86,2196159.0
AMZN,2015-05-21,428.0,436.9,428.0,431.63,4121401.0,0.0,1.0,428.0,436.9,428.0,431.63,4121401.0
AMZN,2015-05-22,431.55,432.44,427.61,427.63,2020629.0,0.0,1.0,431.55,432.44,427.61,427.63,2020629.0
AMZN,2015-05-26,426.2,427.0,422.0,425.47,2244185.0,0.0,1.0,426.2,427.0,422.0,425.47,2244185.0
AMZN,2015-05-27,427.45,431.85,425.01,431.42,2231088.0,0.0,1.0,427.45,431.85,425.01,431.42,2231088.0
AMZN,2015-05-28,429.71,431.35,425.47,426.57,1912436.0,0.0,1.0,429.71,431.35,425.47,426.57,1912436.0
AMZN,2015-05-29,427.23,432.5,427.23,429.23,3016060.0,0.0,1.0,427.23,432.5,427.23,429.23,3016060.0
AMZN,2015-06-01,430.4,433.16,426.2,430.92,2253264.0,0.0,1.0,430.4,433.16,426.2,430.92,2253264.0
AMZN,2015-06-02,430.07,433.23,426.25,430.99,1669845.0,0.0,1.0,430.07,433.23,426.25,430.99,1669845.0
AMZN,2015-06-03,434.4,438.39,432.75,436.59,2727914.0,0.0,1.0,434.4,438.39,432.75,436.59,2727914.0
AMZN,2015-06-04,434.4,436.755,429.26,430.78,2510761.0,0.0,1.0,434.4,436.755,429.26,430.78,2510761.0
AMZN,2015-06-05,429.66,430.8,426.5,426.95,1907855.0,0.0,1.0,429.66,430.8,426.5,426.95,1907855.0
AMZN,2015-06-08,425.62,426.8,421.425,423.5,2172525.0,0.0,1.0,425.62,426.8,421.425,423.5,2172525.0
AMZN,2015-06-09,422.96,427.49,419.14,425.48,2288663.0,0.0,1.0,422.96,427.49,419.14,425.48,2288663.0
AMZN,2015-06-10,426.46,432.2,425.66,430.77,2172333.0,0.0,1.0,426.46,432.2,425.66,430.77,2172333.0
AMZN,2015-06-11,432.29,438.89,431.47,432.97,2922459.0,0.0,1.0,432.29,438.89,431.47,432.97,2922459.0
AMZN,2015-06-12,431.25,432.36,428.26,429.92,2054385.0,0.0,1.0,431.25,432.36,428.26,429.92,2054385.0
AMZN,2015-06-15,427.66,428.05,422.64,423.67,2050987.0,0.0,1.0,427.66,428.05,422.64,423.67,2050987.0
AMZN,2015-06-16,424.15,427.97,422.67,427.26,2297469.0,0.0,1.0,424.15,427.97,422.67,427.26,2297469.0
AMZN,2015-06-17,428.36,431.35,424.753,427.81,2185869.0,0.0,1.0,428.36,431.35,424.753,427.81,2185869.0
AMZN,2015-06-18,430.3,439.73,429.405,439.39,3378360.0,0.0,1.0,430.3,439.73,429.405,439.39,3378360.0
AMZN,2015-06-19,440.26,444.99,433.24,434.92,4495087.0,0.0,1.0,440.26,444.99,433.24,434.92,4495087.0
AMZN,2015-06-22,437.0,439.24,434.18,436.29,1823572.0,0.0,1.0,437.0,439.24,434.18,436.29,1823572.0
AMZN,2015-06-23,435.59,447.04,433.69,445.99,3245049.0,0.0,1.0,435.59,447.04,433.69,445.99,3245049.0
AMZN,2015-06-24,444.97,446.47,440.23,440.84,2620827.0,0.0,1.0,444.97,446.47,440.23,440.84,2620827.0
AMZN,2015-06-25,438.07,443.47,436.39,440.1,2237458.0,0.0,1.0,438.07,443.47,436.39,440.1,2237458.0
AMZN,2015-06-26,441.76,443.49,435.06,438.1,2624479.0,0.0,1.0,441.76,443.49,435.06,438.1,2624479.0
AMZN,2015-06-29,434.98,437.0,429.0,429.86,2753193.0,0.0,1.0,434.98,437.0,429.0,429.86,2753193.0
AMZN,2015-06-30,434.2,435.57,430.46,434.09,2596873.0,0.0,1.0,434.2,435.57,430.46,434.09,2596873.0
AMZN,2015-07-01,439.35,440.0,435.58,437.39,1987076.0,0.0,1.0,439.35,440.0,435.58,437.39,1987076.0
AMZN,2015-07-02,437.0,438.2,433.48,437.71,1343397.0,0.0,1.0,437.0,438.2,433.48,437.71,1343397.0
AMZN,2015-07-06,435.23,439.73,433.52,436.04,1903161.0,0.0,1.0,435.23,439.73,433.52,436.04,1903161.0
AMZN,2015-07-07,435.68,437.73,425.57,436.72,3454248.0,0.0,1.0,435.68,437.73,425.57,436.72,3454248.0
AMZN,2015-07-08,434.35,435.99,428.83,429.7,2383130.0,0.0,1.0,434.35,435.99,428.83,429.7,2383130.0
AMZN,2015-07-09,434.9,438.72,434.15,434.39,2271395.0,0.0,1.0,434.9,438.72,434.15,434.39,2271395.0
AMZN,2015-07-10,440.49,444.72,439.0,443.51,2400981.0,0.0,1.0,440.49,444.72,439.0,443.51,2400981.0
AMZN,2015-07-13,448.29,457.87,447.54,455.57,3956802.0,0.0,1.0,448.29,457.87,447.54,455.57,3956802.0
AMZN,2015-07-14,462.32,469.6,458.16,465.57,4736215.0,0.0,1.0,462.32,469.6,458.16,465.57,4736215.0
AMZN,2015-07-15,463.04,464.7,460.2,461.19,2987399.0,0.0,1.0,463.04,464.7,460.2,461.19,2987399.0
AMZN,2015-07-16,465.5,475.88,464.8,475.48,4095581.0,0.0,1.0,465.5,475.88,464.8,475.48,4095581.0
AMZN,2015-07-17,477.7,485.42,477.25,483.01,4932176.0,0.0,1.0,477.7,485.42,477.25,483.01,4932176.0
AMZN,2015-07-20,492.57,493.2,485.4,488.1,4752491.0,0.0,1.0,492.57,493.2,485.4,488.1,4752491.0
AMZN,2015-07-21,487.9,488.88,482.55,488.0,3181831.0,0.0,1.0,487.9,488.88,482.55,488.0,3181831.0
AMZN,2015-07-22,485.99,492.5,484.9,488.27,3114898.0,0.0,1.0,485.99,492.5,484.9,488.27,3114898.0
AMZN,2015-07-23,491.66,491.66,475.7,482.18,9374431.0,0.0,1.0,491.66,491.66,475.7,482.18,9374431.0
AMZN,2015-07-24,578.99,580.57,529.35,529.42,21909381.0,0.0,1.0,578.99,580.57,529.35,529.42,21909381.0
AMZN,2015-07-27,527.75,544.95,526.6,531.41,7490960.0,0.0,1.0,527.75,544.95,526.6,531.41,7490960.0
AMZN,2015-07-28,536.0,536.39,523.12,526.03,5273092.0,0.0,1.0,536.0,536.39,523.12,526.03,5273092.0
AMZN,2015-07-29,530.92,532.9655,525.02,529.0,3752634.0,0.0,1.0,530.92,532.9655,525.02,529.0,3752634.0
AMZN,2015-07-30,527.65,539.2,524.29,536.76,3743065.0,0.0,1.0,527.65,539.2,524.29,536.76,3743065.0
AMZN,2015-07-31,539.09,542.84,534.5201,536.15,3025598.0,0.0,1.0,539.09,542.84,534.5201,536.15,3025598.0
AMZN,2015-08-03,537.45,540.44,529.36,535.03,3014236.0,0.0,1.0,537.45,540.44,529.36,535.03,3014236.0
AMZN,2015-08-04,529.69,536.95,529.163,531.9,2934590.0,0.0,1.0,529.69,536.95,529.163,531.9,2934590.0
AMZN,2015-08-05,538.8,539.14,534.119,537.01,2866861.0,0.0,1.0,538.8,539.14,534.119,537.01,2866861.0
AMZN,2015-08-06,539.3,542.74,527.52,529.46,3820453.0,0.0,1.0,539.3,542.74,527.52,529.46,3820453.0
AMZN,2015-08-07,529.16,529.4599,518.21,522.62,3969215.0,0.0,1.0,529.16,529.4599,518.21,522.62,3969215.0
AMZN,2015-08-10,528.52,532.2764,523.0,524.0,2615926.0,0.0,1.0,528.52,532.2764,523.0,524.0,2615926.0
AMZN,2015-08-11,523.65,528.98,522.0,527.46,2676600.0,0.0,1.0,523.65,528.98,522.0,527.46,2676600.0
AMZN,2015-08-12,523.75,527.5,513.06,525.91,4014684.0,0.0,1.0,523.75,527.5,513.06,525.91,4014684.0
AMZN,2015-08-13,527.37,534.66,525.4846,529.66,2895238.0,0.0,1.0,527.37,534.66,525.4846,529.66,2895238.0
AMZN,2015-08-14,528.25,534.11,528.25,531.52,1994799.0,0.0,1.0,528.25,534.11,528.25,531.52,1994799.0
AMZN,2015-08-17,531.29,538.74,527.12,535.22,2581680.0,0.0,1.0,531.29,538.74,527.12,535.22,2581680.0
AMZN,2015-08-18,535.04,539.49,533.0,535.02,2071342.0,0.0,1.0,535.04,539.49,533.0,535.02,2071342.0
AMZN,2015-08-19,533.74,537.25,529.0,532.92,2324040.0,0.0,1.0,533.74,537.25,529.0,532.92,2324040.0
AMZN,2015-08-20,530.39,533.25,515.77,515.78,4407990.0,0.0,1.0,530.39,533.25,515.77,515.78,4407990.0
AMZN,2015-08-21,507.36,512.33,494.47,494.47,6706466.0,0.0,1.0,507.36,512.33,494.47,494.47,6706466.0
AMZN,2015-08-24,463.58,489.76,451.0,463.37,10097601.0,0.0,1.0,463.58,489.76,451.0,463.37,10097601.0
AMZN,2015-08-25,487.49,489.44,466.25,466.37,5679329.0,0.0,1.0,487.49,489.44,466.25,466.37,5679329.0
AMZN,2015-08-26,484.02,503.72,478.76,500.77,6358639.0,0.0,1.0,484.02,503.72,478.76,500.77,6358639.0
AMZN,2015-08-27,514.03,522.69,507.261,518.37,6114506.0,0.0,1.0,514.03,522.69,507.261,518.37,6114506.0
AMZN,2015-08-28,517.5,521.5,513.04,518.01,2746708.0,0.0,1.0,517.5,521.5,513.04,518.01,2746708.0
AMZN,2015-08-31,516.44,519.41,509.07,512.89,3002293.0,0.0,1.0,516.44,519.41,509.07,512.89,3002293.0
AMZN,2015-09-01,499.14,510.0,493.43,496.54,3864514.0,0.0,1.0,499.14,510.0,493.43,496.54,3864514.0
AMZN,2015-09-02,505.09,510.86,497.72,510.55,3707116.0,0.0,1.0,505.09,510.86,497.72,510.55,3707116.0
AMZN,2015-09-03,514.5,515.84,502.57,504.72,3149694.0,0.0,1.0,514.5,515.84,502.57,504.72,3149694.0
AMZN,2015-09-04,497.65,502.85,495.64,499.0,2692510.0,0.0,1.0,497.65,502.85,495.64,499.0,2692510.0
AMZN,2015-09-08,508.69,518.35,508.5144,517.54,3810653.0,0.0,1.0,508.69,518.35,508.5144,517.54,3810653.0
AMZN,2015-09-09,524.0,529.95,515.06,516.89,4370657.0,0.0,1.0,524.0,529.95,515.06,516.89,4370657.0
AMZN,2015-09-10,515.15,526.13,514.78,522.24,2575982.0,0.0,1.0,515.15,526.13,514.78,522.24,2575982.0
AMZN,2015-09-11,521.07,529.44,520.605,529.44,3227862.0,0.0,1.0,521.07,529.44,520.605,529.44,3227862.0
AMZN,2015-09-14,529.44,532.45,518.58,521.38,3130241.0,0.0,1.0,529.44,532.45,518.58,521.38,3130241.0
AMZN,2015-09-15,523.25,527.92,517.2,522.37,2865933.0,0.0,1.0,523.25,527.92,517.2,522.37,2865933.0
AMZN,2015-09-16,521.98,528.3,518.52,527.39,2252790.0,0.0,1.0,521.98,528.3,518.52,527.39,2252790.0
AMZN,2015-09-17,526.98,546.97,526.57,538.87,4169484.0,0.0,1.0,526.98,546.97,526.57,538.87,4169484.0
AMZN,2015-09-18,534.62,546.237,531.35,540.26,6160075.0,0.0,1.0,534.62,546.237,531.35,540.26,6160075.0
AMZN,2015-09-21,544.33,549.78,539.59,548.39,3283313.0,0.0,1.0,544.33,549.78,539.59,548.39,3283313.0
AMZN,2015-09-22,539.71,543.55,532.66,538.4,3841748.0,0.0,1.0,539.71,543.55,532.66,538.4,3841748.0
AMZN,2015-09-23,538.3,541.21,534.0,536.07,2237571.0,0.0,1.0,538.3,541.21,534.0,536.07,2237571.0
AMZN,2015-09-24,530.55,534.56,522.87,533.75,3500964.0,0.0,1.0,530.55,534.56,522.87,533.75,3500964.0
AMZN,2015-09-25,542.57,542.8,521.4,524.25,4030998.0,0.0,1.0,542.57,542.8,521.4,524.25,4030998.0
AMZN,2015-09-28,520.02,520.28,494.3337,504.06,5370668.0,0.0,1.0,520.02,520.28,494.3337,504.06,5370668.0
AMZN,2015-09-29,506.0,511.48,490.5,496.07,4457532.0,0.0,1.0,506.0,511.48,490.5,496.07,4457532.0
AMZN,2015-09-30,505.44,512.8,501.6724,511.67,3902536.0,0.0,1.0,505.44,512.8,501.6724,511.67,3902536.0
AMZN,2015-10-01,511.0,520.8,506.0,520.72,3768483.0,0.0,1.0,511.0,520.8,506.0,520.72,3768483.0
AMZN,2015-10-02,512.99,532.6,508.1,532.54,4597795.0,0.0,1.0,512.99,532.6,508.1,532.54,4597795.0
AMZN,2015-10-05,536.99,545.91,536.0,543.68,3391359.0,0.0,1.0,536.99,545.91,536.0,543.68,3391359.0
AMZN,2015-10-06,545.5,551.5,533.33,537.48,4547519.0,0.0,1.0,545.5,551.5,533.33,537.48,4547519.0
AMZN,2015-10-07,541.79,542.0,529.0,541.94,3812087.0,0.0,1.0,541.79,542.0,529.0,541.94,3812087.0
AMZN,2015-10-08,536.71,539.386,519.89,533.16,4676440.0,0.0,1.0,536.71,539.386,519.89,533.16,4676440.0
AMZN,2015-10-09,534.48,541.79,530.27,539.8,3537364.0,0.0,1.0,534.48,541.79,530.27,539.8,3537364.0
AMZN,2015-10-12,539.96,550.82,539.8,550.19,2776103.0,0.0,1.0,539.96,550.82,539.8,550.19,2776103.0
AMZN,2015-10-13,546.26,553.2,543.1,548.9,2938044.0,0.0,1.0,546.26,553.2,543.1,548.9,2938044.0
AMZN,2015-10-14,551.34,552.25,539.68,544.83,3582060.0,0.0,1.0,551.34,552.25,539.68,544.83,3582060.0
AMZN,2015-10-15,547.75,563.0,547.0,562.44,4937034.0,0.0,1.0,547.75,563.0,547.0,562.44,4937034.0
AMZN,2015-10-16,565.27,570.94,560.31,570.76,4315792.0,0.0,1.0,565.27,570.94,560.31,570.76,4315792.0
AMZN,2015-10-19,570.76,579.0,567.38,573.15,4375420.0,0.0,1.0,570.76,579.0,567.38,573.15,4375420.0
AMZN,2015-10-20,572.0,573.0,555.28,560.88,4346209.0,0.0,1.0,572.0,573.0,555.28,560.88,4346209.0
AMZN,2015-10-21,563.87,565.25,552.52,555.77,3361655.0,0.0,1.0,563.87,565.25,552.52,555.77,3361655.0
AMZN,2015-10-22,562.7,569.146,556.67,563.91,7779372.0,0.0,1.0,562.7,569.146,556.67,563.91,7779372.0
AMZN,2015-10-23,617.68,619.45,595.36,599.03,10692667.0,0.0,1.0,617.68,619.45,595.36,599.03,10692667.0
AMZN,2015-10-26,602.3,609.85,596.29,608.61,4269715.0,0.0,1.0,602.3,609.85,596.29,608.61,4269715.0
AMZN,2015-10-27,608.6,614.71,605.53,611.01,3787136.0,0.0,1.0,608.6,614.71,605.53,611.01,3787136.0
AMZN,2015-10-28,612.3,617.23,609.5,617.1,3926200.0,0.0,1.0,612.3,617.23,609.5,617.1,3926200.0
AMZN,2015-10-29,617.7,627.54,615.39,626.55,3896026.0,0.0,1.0,617.7,627.54,615.39,626.55,3896026.0
AMZN,2015-10-30,626.01,630.72,625.28,625.9,3874363.0,0.0,1.0,626.01,630.72,625.28,625.9,3874363.0
AMZN,2015-11-02,627.13,628.63,620.41,628.35,2816479.0,0.0,1.0,627.13,628.63,620.41,628.35,2816479.0
AMZN,2015-11-03,629.53,629.89,622.0,625.31,3246910.0,0.0,1.0,629.53,629.89,622.0,625.31,3246910.0
AMZN,2015-11-04,627.76,645.93,627.35,640.95,4840501.0,0.0,1.0,627.76,645.93,627.35,640.95,4840501.0
AMZN,2015-11-05,647.1,657.0,643.0901,655.65,4723825.0,0.0,1.0,647.1,657.0,643.0901,655.65,4723825.0
AMZN,2015-11-06,655.0,662.26,652.0,659.37,4092165.0,0.0,1.0,655.0,662.26,652.0,659.37,4092165.0
AMZN,2015-11-09,658.65,661.955,647.8477,655.49,4048823.0,0.0,1.0,658.65,661.955,647.8477,655.49,4048823.0
AMZN,2015-11-10,651.01,660.0,647.262,659.68,3489483.0,0.0,1.0,651.01,660.0,647.262,659.68,3489483.0
AMZN,2015-11-11,663.25,675.96,663.25,673.25,5387309.0,0.0,1.0,663.25,675.96,663.25,673.25,5387309.0
AMZN,2015-11-12,673.0,675.64,664.22,665.6,4284678.0,0.0,1.0,673.0,675.64,664.22,665.6,4284678.0
AMZN,2015-11-13,663.57,667.0,640.45,642.35,6261076.0,0.0,1.0,663.57,667.0,640.45,642.35,6261076.0
AMZN,2015-11-16,640.92,649.99,622.29,647.81,7435934.0,0.0,1.0,640.92,649.99,622.29,647.81,7435934.0
AMZN,2015-11-17,650.65,653.25,641.0,643.3,4316843.0,0.0,1.0,650.65,653.25,641.0,643.3,4316843.0
AMZN,2015-11-18,646.51,664.88,646.37,663.54,4469769.0,0.0,1.0,646.51,664.88,646.37,663.54,4469769.0
AMZN,2015-11-19,664.99,672.86,659.0,661.27,4705237.0,0.0,1.0,664.99,672.86,659.0,661.27,4705237.0
AMZN,2015-11-20,667.94,668.87,657.57,668.45,3896135.0,0.0,1.0,667.94,668.87,657.57,668.45,3896135.0
AMZN,2015-11-23,671.5,682.77,668.45,678.99,4385057.0,0.0,1.0,671.5,682.77,668.45,678.99,4385057.0
AMZN,2015-11-24,674.14,675.8,661.2125,671.15,4543417.0,0.0,1.0,674.14,675.8,661.2125,671.15,4543417.0
AMZN,2015-11-25,675.0,679.7,671.24,675.34,2697889.0,0.0,1.0,675.0,679.7,671.24,675.34,2697889.0
AMZN,2015-11-27,680.8,680.99,672.1,673.26,1966801.0,0.0,1.0,680.8,680.99,672.1,673.26,1966801.0
AMZN,2015-11-30,675.9,681.29,664.6,664.8,5693172.0,0.0,1.0,675.9,681.29,664.6,664.8,5693172.0
AMZN,2015-12-01,673.75,681.0,667.86,679.06,4751152.0,0.0,1.0,673.75,681.0,667.86,679.06,4751152.0
AMZN,2015-12-02,681.0,684.82,674.25,676.01,4273526.0,0.0,1.0,681.0,684.82,674.25,676.01,4273526.0
AMZN,2015-12-03,679.44,682.79,661.48,666.25,5064736.0,0.0,1.0,679.44,682.79,661.48,666.25,5064736.0
AMZN,2015-12-04,666.0,674.775,661.4,672.64,4534796.0,0.0,1.0,666.0,674.775,661.4,672.64,4534796.0
AMZN,2015-12-07,674.74,675.46,660.5,669.83,3732814.0,0.0,1.0,674.74,675.46,660.5,669.83,3732814.0
AMZN,2015-12-08,663.13,679.99,659.79,677.33,3651908.0,0.0,1.0,663.13,679.99,659.79,677.33,3651908.0
AMZN,2015-12-09,678.0,679.0,655.68,664.79,5158172.0,0.0,1.0,678.0,679.0,655.68,664.79,5158172.0
AMZN,2015-12-10,665.59,668.526,659.56,662.32,3455472.0,0.0,1.0,665.59,668.526,659.56,662.32,3455472.0
AMZN,2015-12-11,651.23,657.88,639.62,640.15,5474420.0,0.0,1.0,651.23,657.88,639.62,640.15,5474420.0
AMZN,2015-12-14,641.75,658.585,635.27,657.91,4361273.0,0.0,1.0,641.75,658.585,635.27,657.91,4361273.0
AMZN,2015-12-15,665.03,671.5,657.35,658.64,4753415.0,0.0,1.0,665.03,671.5,657.35,658.64,4753415.0
AMZN,2015-12-16,663.56,677.35,659.32,675.77,3964470.0,0.0,1.0,663.56,677.35,659.32,675.77,3964470.0
AMZN,2015-12-17,680.0,682.5,670.65,670.65,3681645.0,0.0,1.0,680.0,682.5,670.65,670.65,3681645.0
AMZN,2015-12-18,668.65,676.84,664.13,664.14,6841304.0,0.0,1.0,668.65,676.84,664.13,664.14,6841304.0
AMZN,2015-12-21,668.5,669.9,658.93,664.51,3250900.0,0.0,1.0,668.5,669.9,658.93,664.51,3250900.0
AMZN,2015-12-22,666.83,668.49,659.26,663.15,2667795.0,0.0,1.0,666.83,668.49,659.26,663.15,2667795.0
AMZN,2015-12-23,666.5,666.597,656.63,663.7,2722922.0,0.0,1.0,666.5,666.597,656.63,663.7,2722922.0
AMZN,2015-12-24,663.35,664.68,660.6,662.79,1092970.0,0.0,1.0,663.35,664.68,660.6,662.79,1092970.0
AMZN,2015-12-28,665.56,675.5,665.5,675.2,3783555.0,0.0,1.0,665.56,675.5,665.5,675.2,3783555.0
AMZN,2015-12-29,677.98,696.44,677.8893,693.97,5734996.0,0.0,1.0,677.98,696.44,677.8893,693.97,5734996.0
AMZN,2015-12-30,691.89,695.49,686.375,689.07,3519003.0,0.0,1.0,691.89,695.49,686.375,689.07,3519003.0
AMZN,2015-12-31,686.08,687.75,675.89,675.89,3749560.0,0.0,1.0,686.08,687.75,675.89,675.89,3749560.0
AMZN,2016-01-04,656.29,657.715,627.51,636.99,9314519.0,0.0,1.0,656.29,657.715,627.51,636.99,9314519.0
AMZN,2016-01-05,646.86,646.91,627.65,633.79,5822603.0,0.0,1.0,646.86,646.91,627.65,633.79,5822603.0
AMZN,2016-01-06,622.0,639.79,620.31,632.65,5329197.0,0.0,1.0,622.0,639.79,620.31,632.65,5329197.0
AMZN,2016-01-07,621.8,630.0,605.21,607.94,7074915.0,0.0,1.0,621.8,630.0,605.21,607.94,7074915.0
AMZN,2016-01-08,619.66,624.14,606.0,607.05,5512915.0,0.0,1.0,619.66,624.14,606.0,607.05,5512915.0
AMZN,2016-01-11,612.48,619.85,598.57,617.74,4891551.0,0.0,1.0,612.48,619.85,598.57,617.74,4891551.0
AMZN,2016-01-12,625.25,625.99,612.2415,617.89,4724100.0,0.0,1.0,625.25,625.99,612.2415,617.89,4724100.0
AMZN,2016-01-13,620.88,620.88,579.16,581.81,7655239.0,0.0,1.0,620.88,620.88,579.16,581.81,7655239.0
AMZN,2016-01-14,580.25,602.25,569.88,593.0,7237978.0,0.0,1.0,580.25,602.25,569.88,593.0,7237978.0
AMZN,2016-01-15,572.24,584.62,565.3,570.18,7784523.0,0.0,1.0,572.24,584.62,565.3,570.18,7784523.0
AMZN,2016-01-19,577.09,584.0,566.45,574.48,4807165.0,0.0,1.0,577.09,584.0,566.45,574.48,4807165.0
AMZN,2016-01-20,564.36,578.45,547.18,571.77,7966406.0,0.0,1.0,564.36,578.45,547.18,571.77,7966406.0
AMZN,2016-01-21,573.58,588.81,568.22,575.02,4952217.0,0.0,1.0,573.58,588.81,568.22,575.02,4952217.0
AMZN,2016-01-22,588.73,600.1,584.1079,596.38,5120144.0,0.0,1.0,588.73,600.1,584.1079,596.38,5120144.0
AMZN,2016-01-25,597.99,608.5,594.56,596.53,4396079.0,0.0,1.0,597.99,608.5,594.56,596.53,4396079.0
AMZN,2016-01-26,603.45,604.5,590.38,601.25,3765655.0,0.0,1.0,603.45,604.5,590.38,601.25,3765655.0
AMZN,2016-01-27,601.99,603.39,578.78,583.35,5152853.0,0.0,1.0,601.99,603.39,578.78,583.35,5152853.0
AMZN,2016-01-28,608.37,638.06,597.55,635.35,14015171.0,0.0,1.0,608.37,638.06,597.55,635.35,14015171.0
AMZN,2016-01-29,571.98,593.0,570.0,587.0,14677550.0,0.0,1.0,571.98,593.0,570.0,587.0,14677550.0
AMZN,2016-02-01,578.15,581.8,570.31,574.81,6355123.0,0.0,1.0,578.15,581.8,570.31,574.81,6355123.0
AMZN,2016-02-02,570.0,571.56,550.09,552.1,6312045.0,0.0,1.0,570.0,571.56,550.09,552.1,6312045.0
AMZN,2016-02-03,553.5,556.0,521.9,531.07,10048709.0,0.0,1.0,553.5,556.0,521.9,531.07,10048709.0
AMZN,2016-02-04,525.0,538.99,519.2201,536.26,6199070.0,0.0,1.0,525.0,538.99,519.2201,536.26,6199070.0
AMZN,2016-02-05,529.28,529.45,499.19,502.13,9708929.0,0.0,1.0,529.28,529.45,499.19,502.13,9708929.0
AMZN,2016-02-08,486.47,493.5,475.21,488.1,9825509.0,0.0,1.0,486.47,493.5,475.21,488.1,9825509.0
AMZN,2016-02-09,478.01,498.38,474.0,482.07,7077915.0,0.0,1.0,478.01,498.38,474.0,482.07,7077915.0
AMZN,2016-02-10,491.76,504.66,486.0,490.48,6786181.0,0.0,1.0,491.76,504.66,486.0,490.48,6786181.0
AMZN,2016-02-11,491.17,509.3,484.0,503.82,7397393.0,0.0,1.0,491.17,509.3,484.0,503.82,7397393.0
AMZN,2016-02-12,510.7,516.75,501.4932,507.08,5384787.0,0.0,1.0,510.7,516.75,501.4932,507.08,5384787.0
AMZN,2016-02-16,519.48,524.45,511.66,521.1,5118500.0,0.0,1.0,519.48,524.45,511.66,521.1,5118500.0
AMZN,2016-02-17,528.74,537.48,519.39,534.1,4824002.0,0.0,1.0,528.74,537.48,519.39,534.1,4824002.0
AMZN,2016-02-18,541.19,541.2,523.73,525.0,4735008.0,0.0,1.0,541.19,541.2,523.73,525.0,4735008.0
AMZN,2016-02-19,520.71,535.95,515.35,534.9,4974717.0,0.0,1.0,520.71,535.95,515.35,534.9,4974717.0
AMZN,2016-02-22,542.2,560.65,541.08,559.5,5566553.0,0.0,1.0,542.2,560.65,541.08,559.5,5566553.0
AMZN,2016-02-23,555.55,556.91,545.33,552.94,4050790.0,0.0,1.0,555.55,556.91,545.33,552.94,4050790.0
AMZN,2016-02-24,545.75,554.27,533.1501,554.04,6231668.0,0.0,1.0,545.75,554.27,533.1501,554.04,6231668.0
AMZN,2016-02-25,555.52,559.39,545.2946,555.15,4525463.0,0.0,1.0,555.52,559.39,545.2946,555.15,4525463.0
AMZN,2016-02-26,560.12,562.5,553.17,555.23,4877039.0,0.0,1.0,560.12,562.5,553.17,555.23,4877039.0
AMZN,2016-02-29,554.0,564.81,552.51,552.52,4145396.0,0.0,1.0,554.0,564.81,552.51,552.52,4145396.0
AMZN,2016-03-01,556.29,579.25,556.0,579.04,5038452.0,0.0,1.0,556.29,579.25,556.0,579.04,5038452.0
AMZN,2016-03-02,581.75,585.0,573.7,580.21,4582170.0,0.0,1.0,581.75,585.0,573.7,580.21,4582170.0
AMZN,2016-03-03,577.96,579.866,573.11,577.49,2741292.0,0.0,1.0,577.96,579.866,573.11,577.49,2741292.0
AMZN,2016-03-04,581.07,581.4,571.065,575.14,3416545.0,0.0,1.0,581.07,581.4,571.065,575.14,3416545.0
AMZN,2016-03-07,573.54,573.63,555.55,562.8,4932527.0,0.0,1.0,573.54,573.63,555.55,562.8,4932527.0
AMZN,2016-03-08,557.87,571.35,554.74,560.26,4679663.0,0.0,1.0,557.87,571.35,554.74,560.26,4679663.0
AMZN,2016-03-09,559.56,560.35,550.125,559.47,4377283.0,0.0,1.0,559.56,560.35,550.125,559.47,4377283.0
AMZN,2016-03-10,566.74,567.0,547.9,558.93,3919892.0,0.0,1.0,566.74,567.0,547.9,558.93,3919892.0
AMZN,2016-03-11,566.95,570.06,562.73,569.61,3771310.0,0.0,1.0,566.95,570.06,562.73,569.61,3771310.0
AMZN,2016-03-14,567.0,576.89,563.05,573.37,3454152.0,0.0,1.0,567.0,576.89,563.05,573.37,3454152.0
AMZN,2016-03-15,571.0,581.52,567.0,577.02,3876821.0,0.0,1.0,571.0,581.52,567.0,577.02,3876821.0
AMZN,2016-03-16,576.64,581.32,571.14,574.27,3537669.0,0.0,1.0,576.64,581.32,571.14,574.27,3537669.0
AMZN,2016-03-17,569.51,571.4,555.01,559.44,5928105.0,0.0,1.0,569.51,571.4,555.01,559.44,5928105.0
AMZN,2016-03-18,560.94,562.33,546.09,552.08,7296885.0,0.0,1.0,560.94,562.33,546.09,552.08,7296885.0
AMZN,2016-03-21,548.91,555.24,538.58,553.98,5155732.0,0.0,1.0,548.91,555.24,538.58,553.98,5155732.0
AMZN,2016-03-22,545.11,562.76,545.05,560.48,4000564.0,0.0,1.0,545.11,562.76,545.05,560.48,4000564.0
AMZN,2016-03-23,561.0,572.48,558.1,569.63,3983720.0,0.0,1.0,561.0,572.48,558.1,569.63,3983720.0
AMZN,2016-03-24,567.11,583.55,567.08,582.95,5185539.0,0.0,1.0,567.11,583.55,567.08,582.95,5185539.0
AMZN,2016-03-28,584.4,584.75,575.56,579.87,3121522.0,0.0,1.0,584.4,584.75,575.56,579.87,3121522.0
AMZN,2016-03-29,580.15,595.85,576.5,593.86,4392567.0,0.0,1.0,580.15,595.85,576.5,593.86,4392567.0
AMZN,2016-03-30,596.71,603.24,595.0,598.69,3890461.0,0.0,1.0,596.71,603.24,595.0,598.69,3890461.0
AMZN,2016-03-31,599.28,600.75,592.21,593.64,2681811.0,0.0,1.0,599.28,600.75,592.21,593.64,2681811.0
AMZN,2016-04-01,590.49,599.03,588.3,598.5,2917386.0,0.0,1.0,590.49,599.03,588.3,598.5,2917386.0
AMZN,2016-04-04,599.0,599.5,590.55,593.19,2470825.0,0.0,1.0,599.0,599.5,590.55,593.19,2470825.0
AMZN,2016-04-05,590.77,593.47,585.25,586.14,2308884.0,0.0,1.0,590.77,593.47,585.25,586.14,2308884.0
AMZN,2016-04-06,587.52,602.39,587.5,602.08,2849909.0,0.0,1.0,587.52,602.39,587.5,602.08,2849909.0
AMZN,2016-04-07,598.76,599.6,589.08,591.43,3189037.0,0.0,1.0,598.76,599.6,589.08,591.43,3189037.0
AMZN,2016-04-08,594.32,597.86,589.0,594.6,2591936.0,0.0,1.0,594.32,597.86,589.0,594.6,2591936.0
AMZN,2016-04-11,596.14,604.0,594.91,595.93,2704267.0,0.0,1.0,596.14,604.0,594.91,595.93,2704267.0
AMZN,2016-04-12,598.4,604.06,592.31,603.17,2641062.0,0.0,1.0,598.4,604.06,592.31,603.17,2641062.0
AMZN,2016-04-13,607.68,616.81,605.29,614.82,4228349.0,0.0,1.0,607.68,616.81,605.29,614.82,4228349.0
AMZN,2016-04-14,615.07,624.38,615.07,620.75,3512136.0,0.0,1.0,615.07,624.38,615.07,620.75,3512136.0
AMZN,2016-04-15,621.92,626.77,618.11,625.89,2887681.0,0.0,1.0,621.92,626.77,618.11,625.89,2887681.0
AMZN,2016-04-18,625.35,637.64,624.9603,635.35,4360883.0,0.0,1.0,625.35,637.64,624.9603,635.35,4360883.0
AMZN,2016-04-19,637.14,638.01,620.8,627.9,4055870.0,0.0,1.0,637.14,638.01,620.8,627.9,4055870.0
AMZN,2016-04-20,630.0,636.55,623.0,632.99,2609425.0,0.0,1.0,630.0,636.55,623.0,632.99,2609425.0
AMZN,2016-04-21,631.0,637.82,628.5,631.0,2596298.0,0.0,1.0,631.0,637.82,628.5,631.0,2596298.0
AMZN,2016-04-22,624.47,628.25,611.56,620.5,5083904.0,0.0,1.0,624.47,628.25,611.56,620.5,5083904.0
AMZN,2016-04-25,616.61,626.98,616.2511,626.2,2682924.0,0.0,1.0,616.61,626.98,616.2511,626.2,2682924.0
AMZN,2016-04-26,626.17,626.7549,614.88,616.88,2521433.0,0.0,1.0,626.17,626.7549,614.88,616.88,2521433.0
AMZN,2016-04-27,611.8,615.95,601.28,606.57,4068767.0,0.0,1.0,611.8,615.95,601.28,606.57,4068767.0
AMZN,2016-04-28,615.54,626.8,599.2,602.0,7872605.0,0.0,1.0,615.54,626.8,599.2,602.0,7872605.0
AMZN,2016-04-29,666.0,669.98,654.0,659.59,10310739.0,0.0,1.0,666.0,669.98,654.0,659.59,10310739.0
AMZN,2016-05-02,663.92,685.5,662.0251,683.85,6578517.0,0.0,1.0,663.92,685.5,662.0251,683.85,6578517.0
AMZN,2016-05-03,677.36,680.3,670.43,671.32,4923351.0,0.0,1.0,677.36,680.3,670.43,671.32,4923351.0
AMZN,2016-05-04,662.59,674.0,662.14,670.9,4635462.0,0.0,1.0,662.59,674.0,662.14,670.9,4635462.0
AMZN,2016-05-05,673.31,676.49,656.0,659.09,4884114.0,0.0,1.0,673.31,676.49,656.0,659.09,4884114.0
AMZN,2016-05-06,656.05,676.95,656.01,673.95,4365345.0,0.0,1.0,656.05,676.95,656.01,673.95,4365345.0
AMZN,2016-05-09,673.95,686.98,671.41,679.75,3982161.0,0.0,1.0,673.95,686.98,671.41,679.75,3982161.0
AMZN,2016-05-10,694.0,704.55,693.5,703.07,6105570.0,0.0,1.0,694.0,704.55,693.5,703.07,6105570.0
AMZN,2016-05-11,705.79,719.0,701.65,713.23,7338196.0,0.0,1.0,705.79,719.0,701.65,713.23,7338196.0
AMZN,2016-05-12,717.38,722.45,711.51,717.93,5048150.0,0.0,1.0,717.38,722.45,711.51,717.93,5048150.0
AMZN,2016-05-13,714.64,719.25,706.51,709.92,4763419.0,0.0,1.0,714.64,719.25,706.51,709.92,4763419.0
AMZN,2016-05-16,710.13,713.25,700.28,710.66,5432920.0,0.0,1.0,710.13,713.25,700.28,710.66,5432920.0
AMZN,2016-05-17,709.9,714.47,693.91,695.27,5121357.0,0.0,1.0,709.9,714.47,693.91,695.27,5121357.0
AMZN,2016-05-18,689.56,702.5399,688.76,697.45,4283189.0,0.0,1.0,689.56,702.5399,688.76,697.45,4283189.0
AMZN,2016-05-19,691.88,699.4,689.56,698.52,3025566.0,0.0,1.0,691.88,699.4,689.56,698.52,3025566.0
AMZN,2016-05-20,701.05,707.24,700.0,702.8,2916165.0,0.0,1.0,701.05,707.24,700.0,702.8,2916165.0
AMZN,2016-05-23,704.25,706.0,696.42,696.75,2595082.0,0.0,1.0,704.25,706.0,696.42,696.75,2595082.0
AMZN,2016-05-24,698.01,707.5,698.0,704.2,3033782.0,0.0,1.0,698.01,707.5,698.0,704.2,3033782.0
AMZN,2016-05-25,708.0,710.86,705.5159,708.35,3276631.0,0.0,1.0,708.0,710.86,705.5159,708.35,3276631.0
AMZN,2016-05-26,708.33,715.0,707.293,714.91,2446681.0,0.0,1.0,708.33,715.0,707.293,714.91,2446681.0
AMZN,2016-05-27,715.0,716.6,711.1,712.24,2249164.0,0.0,1.0,715.0,716.6,711.1,712.24,2249164.0
AMZN,2016-05-31,712.33,724.23,711.32,722.79,3618323.0,0.0,1.0,712.33,724.23,711.32,722.79,3618323.0
AMZN,2016-06-01,720.9,726.43,718.22,719.44,3263107.0,0.0,1.0,720.9,726.43,718.22,719.44,3263107.0
AMZN,2016-06-02,720.97,728.28,715.5001,728.24,3026583.0,0.0,1.0,720.97,728.28,715.5001,728.24,3026583.0
AMZN,2016-06-03,726.74,727.0,718.43,725.54,3367306.0,0.0,1.0,726.74,727.0,718.43,725.54,3367306.0
AMZN,2016-06-06,726.5,731.5,724.42,726.73,2704806.0,0.0,1.0,726.5,731.5,724.42,726.73,2704806.0
AMZN,2016-06-07,729.89,730.0,720.55,723.74,2732463.0,0.0,1.0,729.89,730.0,720.55,723.74,2732463.0
AMZN,2016-06-08,726.4,729.42,721.6,726.64,2223366.0,0.0,1.0,726.4,729.42,721.6,726.64,2223366.0
AMZN,2016-06-09,723.1,728.91,722.3,727.65,2170318.0,0.0,1.0,723.1,728.91,722.3,727.65,2170318.0
AMZN,2016-06-10,722.35,724.98,714.21,717.91,3425718.0,0.0,1.0,722.35,724.98,714.21,717.91,3425718.0
AMZN,2016-06-13,714.01,721.99,711.16,715.24,3352201.0,0.0,1.0,714.01,721.99,711.16,715.24,3352201.0
AMZN,2016-06-14,712.33,720.805,712.27,719.3,2506922.0,0.0,1.0,712.33,720.805,712.27,719.3,2506922.0
AMZN,2016-06-15,722.0,722.56,713.3522,714.26,2709447.0,0.0,1.0,722.0,722.56,713.3522,714.26,2709447.0
AMZN,2016-06-16,712.05,718.0,705.3,717.51,3097961.0,0.0,1.0,712.05,718.0,705.3,717.51,3097961.0
AMZN,2016-06-17,718.19,718.2,699.18,706.39,5897788.0,0.0,1.0,718.19,718.2,699.18,706.39,5897788.0
AMZN,2016-06-20,713.5,721.31,710.81,714.01,3677162.0,0.0,1.0,713.5,721.31,710.81,714.01,3677162.0
AMZN,2016-06-21,715.72,718.4,712.721,715.82,2137534.0,0.0,1.0,715.72,718.4,712.721,715.82,2137534.0
AMZN,2016-06-22,716.58,717.0,707.565,710.6,2260454.0,0.0,1.0,716.58,717.0,707.565,710.6,2260454.0
AMZN,2016-06-23,715.5,722.12,712.5,722.08,2824974.0,0.0,1.0,715.5,722.12,712.5,722.08,2824974.0
AMZN,2016-06-24,693.0,712.5292,692.2,698.96,7632511.0,0.0,1.0,693.0,712.5292,692.2,698.96,7632511.0
AMZN,2016-06-27,692.01,696.8189,682.115,691.36,5584037.0,0.0,1.0,692.01,696.8189,682.115,691.36,5584037.0
AMZN,2016-06-28,700.0,708.0,698.1714,707.95,4036957.0,0.0,1.0,700.0,708.0,698.1714,707.95,4036957.0
AMZN,2016-06-29,715.75,719.5,713.54,715.6,3070052.0,0.0,1.0,715.75,719.5,713.54,715.6,3070052.0
AMZN,2016-06-30,717.2,719.37,712.54,715.62,2855142.0,0.0,1.0,717.2,719.37,712.54,715.62,2855142.0
AMZN,2016-07-01,717.32,728.0,716.54,725.68,2920423.0,0.0,1.0,717.32,728.0,716.54,725.68,2920423.0
AMZN,2016-07-05,722.8,728.11,719.61,728.1,2431431.0,0.0,1.0,722.8,728.11,719.61,728.1,2431431.0
AMZN,2016-07-06,725.71,737.77,722.58,737.61,3938249.0,0.0,1.0,725.71,737.77,722.58,737.61,3938249.0
AMZN,2016-07-07,739.33,739.55,731.63,736.57,2945783.0,0.0,1.0,739.33,739.55,731.63,736.57,2945783.0
AMZN,2016-07-08,740.14,746.1,738.0,745.81,3429217.0,0.0,1.0,740.14,746.1,738.0,745.81,3429217.0
AMZN,2016-07-11,750.0,755.9,747.0,753.78,3195272.0,0.0,1.0,750.0,755.9,747.0,753.78,3195272.0
AMZN,2016-07-12,756.86,757.34,740.33,748.21,5623657.0,0.0,1.0,756.86,757.34,740.33,748.21,5623657.0
AMZN,2016-07-13,746.76,756.87,741.25,742.63,4142265.0,0.0,1.0,746.76,756.87,741.25,742.63,4142265.0
AMZN,2016-07-14,748.86,749.04,739.02,741.2,2390472.0,0.0,1.0,748.86,749.04,739.02,741.2,2390472.0
AMZN,2016-07-15,746.55,746.55,734.05,735.44,3121385.0,0.0,1.0,746.55,746.55,734.05,735.44,3121385.0
AMZN,2016-07-18,735.49,741.5954,728.72,736.07,2954914.0,0.0,1.0,735.49,741.5954,728.72,736.07,2954914.0
AMZN,2016-07-19,732.5,743.33,732.31,739.95,2216820.0,0.0,1.0,732.5,743.33,732.31,739.95,2216820.0
AMZN,2016-07-20,744.0,746.25,740.7,745.72,2214023.0,0.0,1.0,744.0,746.25,740.7,745.72,2214023.0
AMZN,2016-07-21,747.5,749.36,742.7918,744.43,2317072.0,0.0,1.0,747.5,749.36,742.7918,744.43,2317072.0
AMZN,2016-07-22,747.79,751.28,743.53,744.86,2277711.0,0.0,1.0,747.79,751.28,743.53,744.86,2277711.0
AMZN,2016-07-25,746.55,748.5,735.35,739.61,2679290.0,0.0,1.0,746.55,748.5,735.35,739.61,2679290.0
AMZN,2016-07-26,742.71,743.13,732.7525,735.59,2529692.0,0.0,1.0,742.71,743.13,732.7525,735.59,2529692.0
AMZN,2016-07-27,737.97,740.94,733.86,736.67,2913134.0,0.0,1.0,737.97,740.94,733.86,736.67,2913134.0
AMZN,2016-07-28,745.98,753.36,739.7,752.61,7617580.0,0.0,1.0,745.98,753.36,739.7,752.61,7617580.0
AMZN,2016-07-29,765.0,766.0,755.0,758.81,6777050.0,0.0,1.0,765.0,766.0,755.0,758.81,6777050.0
AMZN,2016-08-01,759.87,770.5,757.06,767.74,3578205.0,0.0,1.0,759.87,770.5,757.06,767.74,3578205.0
AMZN,2016-08-02,763.81,765.01,757.02,760.58,3603280.0,0.0,1.0,763.81,765.01,757.02,760.58,3603280.0
AMZN,2016-08-03,757.06,758.89,752.25,754.64,3581525.0,0.0,1.0,757.06,758.89,752.25,754.64,3581525.0
AMZN,2016-08-04,753.7,765.0,750.35,760.77,3178208.0,0.0,1.0,753.7,765.0,750.35,760.77,3178208.0
AMZN,2016-08-05,764.81,768.47,763.09,765.98,2704391.0,0.0,1.0,764.81,768.47,763.09,765.98,2704391.0
AMZN,2016-08-08,766.81,767.0,761.015,766.56,1986272.0,0.0,1.0,766.81,767.0,761.015,766.56,1986272.0
AMZN,2016-08-09,767.39,772.6,766.9,768.31,1876091.0,0.0,1.0,767.39,772.6,766.9,768.31,1876091.0
AMZN,2016-08-10,769.8,772.1,766.19,768.56,1604280.0,0.0,1.0,769.8,772.1,766.19,768.56,1604280.0
AMZN,2016-08-11,769.94,773.75,769.12,771.24,2019740.0,0.0,1.0,769.94,773.75,769.12,771.24,2019740.0
AMZN,2016-08-12,768.46,773.15,768.4225,772.56,1563318.0,0.0,1.0,768.46,773.15,768.4225,772.56,1563318.0
AMZN,2016-08-15,771.9,772.04,767.71,768.49,2118521.0,0.0,1.0,771.9,772.04,767.71,768.49,2118521.0
AMZN,2016-08-16,768.62,768.7317,763.82,764.04,1604561.0,0.0,1.0,768.62,768.7317,763.82,764.04,1604561.0
AMZN,2016-08-17,764.41,765.22,759.199,764.63,1891116.0,0.0,1.0,764.41,765.22,759.199,764.63,1891116.0
AMZN,2016-08-18,764.0,765.17,760.6,764.46,1458834.0,0.0,1.0,764.0,765.17,760.6,764.46,1458834.0
AMZN,2016-08-19,761.9,762.49,756.89,757.31,2343237.0,0.0,1.0,761.9,762.49,756.89,757.31,2343237.0
AMZN,2016-08-22,757.5,759.85,752.1,759.48,1679251.0,0.0,1.0,757.5,759.85,752.1,759.48,1679251.0
AMZN,2016-08-23,763.31,764.7,761.0,762.45,1524131.0,0.0,1.0,763.31,764.7,761.0,762.45,1524131.0
AMZN,2016-08-24,763.0,763.41,755.36,757.25,1744107.0,0.0,1.0,763.0,763.41,755.36,757.25,1744107.0
AMZN,2016-08-25,756.0,760.56,754.741,759.22,1622992.0,0.0,1.0,756.0,760.56,754.741,759.22,1622992.0
AMZN,2016-08-26,760.05,770.0,759.795,769.0,2776830.0,0.0,1.0,760.05,770.0,759.795,769.0,2776830.0
AMZN,2016-08-29,768.72,774.98,768.6,771.29,2198560.0,0.0,1.0,768.72,774.98,768.6,771.29,2198560.0
AMZN,2016-08-30,771.05,771.8358,765.56,767.58,1709158.0,0.0,1.0,771.05,771.8358,765.56,767.58,1709158.0
AMZN,2016-08-31,766.6,769.64,764.0,769.16,1633789.0,0.0,1.0,766.6,769.64,764.0,769.16,1633789.0
AMZN,2016-09-01,770.9,772.04,766.75,770.62,1792271.0,0.0,1.0,770.9,772.04,766.75,770.62,1792271.0
AMZN,2016-09-02,774.11,776.0,771.7,772.44,2181792.0,0.0,1.0,774.11,776.0,771.7,772.44,2181792.0
AMZN,2016-09-06,774.04,789.48,770.22,788.87,3719788.0,0.0,1.0,774.04,789.48,770.22,788.87,3719788.0
AMZN,2016-09-07,789.53,790.79,784.33,784.48,2424622.0,0.0,1.0,789.53,790.79,784.33,784.48,2424622.0
AMZN,2016-09-08,783.89,786.5,781.44,784.06,2030511.0,0.0,1.0,783.89,786.5,781.44,784.06,2030511.0
AMZN,2016-09-09,779.36,781.0,760.11,760.14,4257344.0,0.0,1.0,779.36,781.0,760.11,760.14,4257344.0
AMZN,2016-09-12,757.35,772.66,756.0,771.49,3124704.0,0.0,1.0,757.35,772.66,756.0,771.49,3124704.0
AMZN,2016-09-13,768.77,769.89,759.05,761.01,3117224.0,0.0,1.0,768.77,769.89,759.05,761.01,3117224.0
AMZN,2016-09-14,762.2,767.5,758.85,761.09,2531822.0,0.0,1.0,762.2,767.5,758.85,761.09,2531822.0
AMZN,2016-09-15,762.0,770.87,757.58,769.69,3043534.0,0.0,1.0,762.0,770.87,757.58,769.69,3043534.0
AMZN,2016-09-16,773.28,780.46,771.66,778.52,5499182.0,0.0,1.0,773.28,780.46,771.66,778.52,5499182.0
AMZN,2016-09-19,779.97,781.94,771.0,775.1,2297221.0,0.0,1.0,779.97,781.94,771.0,775.1,2297221.0
AMZN,2016-09-20,776.0,781.37,776.0,780.22,1937164.0,0.0,1.0,776.0,781.37,776.0,780.22,1937164.0
AMZN,2016-09-21,783.25,790.69,779.01,789.74,2718644.0,0.0,1.0,783.25,790.69,779.01,789.74,2718644.0
AMZN,2016-09-22,794.27,805.889,794.27,804.7,4078910.0,0.0,1.0,794.27,805.889,794.27,804.7,4078910.0
AMZN,2016-09-23,803.13,807.75,802.12,805.75,2353511.0,0.0,1.0,803.13,807.75,802.12,805.75,2353511.0
AMZN,2016-09-26,801.8,805.93,797.145,799.16,2651397.0,0.0,1.0,801.8,805.93,797.145,799.16,2651397.0
AMZN,2016-09-27,801.85,816.64,801.11,816.11,3819600.0,0.0,1.0,801.85,816.64,801.11,816.11,3819600.0
AMZN,2016-09-28,818.0,830.14,817.0337,828.72,4422078.0,0.0,1.0,818.0,830.14,817.0337,828.72,4422078.0
AMZN,2016-09-29,828.26,837.5,824.63,829.05,4922248.0,0.0,1.0,828.26,837.5,824.63,829.05,4922248.0
AMZN,2016-09-30,832.61,839.95,832.4,837.31,4430566.0,0.0,1.0,832.61,839.95,832.4,837.31,4430566.0
AMZN,2016-10-03,836.0,839.86,831.25,836.74,2769448.0,0.0,1.0,836.0,839.86,831.25,836.74,2769448.0
AMZN,2016-10-04,840.91,842.365,830.26,834.03,2950314.0,0.0,1.0,840.91,842.365,830.26,834.03,2950314.0
AMZN,2016-10-05,838.0,845.67,836.12,844.36,3469055.0,0.0,1.0,838.0,845.67,836.12,844.36,3469055.0
AMZN,2016-10-06,843.7,847.21,840.6,841.66,2684013.0,0.0,1.0,843.7,847.21,840.6,841.66,2684013.0
AMZN,2016-10-07,845.79,845.95,837.45,839.43,2426228.0,0.0,1.0,845.79,845.95,837.45,839.43,2426228.0
AMZN,2016-10-10,843.25,845.2,840.27,841.71,1827143.0,0.0,1.0,843.25,845.2,840.27,841.71,1827143.0
AMZN,2016-10-11,841.02,841.29,828.35,831.0,3588180.0,0.0,1.0,841.02,841.29,828.35,831.0,3588180.0
AMZN,2016-10-12,834.0,837.666,830.1,834.09,2380416.0,0.0,1.0,834.0,837.666,830.1,834.09,2380416.0
AMZN,2016-10-13,829.0,831.8,821.21,829.28,3091387.0,0.0,1.0,829.0,831.8,821.21,829.28,3091387.0
AMZN,2016-10-14,835.08,835.74,822.96,822.96,2999814.0,0.0,1.0,835.08,835.74,822.96,822.96,2999814.0
AMZN,2016-10-17,821.5,822.0,811.68,812.95,3361492.0,0.0,1.0,821.5,822.0,811.68,812.95,3361492.0
AMZN,2016-10-18,822.11,823.26,815.02,817.65,2512504.0,0.0,1.0,822.11,823.26,815.02,817.65,2512504.0
AMZN,2016-10-19,820.4,820.67,815.17,817.69,2090706.0,0.0,1.0,820.4,820.67,815.17,817.69,2090706.0
AMZN,2016-10-20,813.99,815.71,803.1,810.32,3151954.0,0.0,1.0,813.99,815.71,803.1,810.32,3151954.0
AMZN,2016-10-21,809.36,819.42,809.0,818.99,2793015.0,0.0,1.0,809.36,819.42,809.0,818.99,2793015.0
AMZN,2016-10-24,824.95,838.3,822.21,838.09,4060899.0,0.0,1.0,824.95,838.3,822.21,838.09,4060899.0
AMZN,2016-10-25,839.3,843.09,833.22,835.18,3248358.0,0.0,1.0,839.3,843.09,833.22,835.18,3248358.0
AMZN,2016-10-26,832.76,833.44,820.0,822.59,3998102.0,0.0,1.0,832.76,833.44,820.0,822.59,3998102.0
AMZN,2016-10-27,831.24,831.72,815.43,818.36,7406385.0,0.0,1.0,831.24,831.72,815.43,818.36,7406385.0
AMZN,2016-10-28,782.0,789.49,774.61,776.32,10841073.0,0.0,1.0,782.0,789.49,774.61,776.32,10841073.0
AMZN,2016-10-31,781.03,793.7,780.11,789.82,5413326.0,0.0,1.0,781.03,793.7,780.11,789.82,5413326.0
AMZN,2016-11-01,799.0,800.84,776.713,785.41,5305428.0,0.0,1.0,799.0,800.84,776.713,785.41,5305428.0
AMZN,2016-11-02,783.93,784.75,763.55,765.56,5026504.0,0.0,1.0,783.93,784.75,763.55,765.56,5026504.0
AMZN,2016-11-03,765.05,777.0,764.0,767.03,3872496.0,0.0,1.0,765.05,777.0,764.0,767.03,3872496.0
AMZN,2016-11-04,762.79,766.0,753.2301,755.05,5122103.0,0.0,1.0,762.79,766.0,753.2301,755.05,5122103.0
AMZN,2016-11-07,771.64,787.732,770.94,784.93,5984354.0,0.0,1.0,771.64,787.732,770.94,784.93,5984354.0
AMZN,2016-11-08,784.97,791.7399,779.1,787.75,3412629.0,0.0,1.0,784.97,791.7399,779.1,787.75,3412629.0
AMZN,2016-11-09,764.0,777.5,760.09,771.88,8562892.0,0.0,1.0,764.0,777.5,760.09,771.88,8562892.0
AMZN,2016-11-10,778.81,778.83,717.7,742.38,12746994.0,0.0,1.0,778.81,778.83,717.7,742.38,12746994.0
AMZN,2016-11-11,735.73,743.26,728.9,739.01,6622784.0,0.0,1.0,735.73,743.26,728.9,739.01,6622784.0
AMZN,2016-11-14,745.51,746.0,710.1,719.07,7321344.0,0.0,1.0,745.51,746.0,710.1,719.07,7321344.0
AMZN,2016-11-15,730.0,746.78,725.99,743.24,6755785.0,0.0,1.0,730.0,746.78,725.99,743.24,6755785.0
AMZN,2016-11-16,718.0,749.87,735.61,746.49,3648791.0,0.0,1.0,718.0,749.87,735.61,746.49,3648791.0
AMZN,2016-11-17,749.32,757.5,748.0,756.4,3690112.0,0.0,1.0,749.32,757.5,748.0,756.4,3690112.0
AMZN,2016-11-18,761.0,767.74,757.6435,760.16,4373408.0,0.0,1.0,761.0,767.74,757.6435,760.16,4373408.0
AMZN,2016-11-21,766.0,780.35,765.11,780.0,4614574.0,0.0,1.0,766.0,780.35,765.11,780.0,4614574.0
AMZN,2016-11-22,788.17,792.4,781.0,785.33,5311320.0,0.0,1.0,788.17,792.4,781.0,785.33,5311320.0
AMZN,2016-11-23,781.73,781.75,773.12,780.12,3540263.0,0.0,1.0,781.73,781.75,773.12,780.12,3540263.0
AMZN,2016-11-25,786.5,786.75,777.9,780.37,1837068.0,0.0,1.0,786.5,786.75,777.9,780.37,1837068.0
AMZN,2016-11-28,776.99,777.0,764.24,766.77,4438828.0,0.0,1.0,776.99,777.0,764.24,766.77,4438828.0
AMZN,2016-11-29,768.0,769.89,761.32,762.52,3272344.0,0.0,1.0,768.0,769.89,761.32,762.52,3272344.0
AMZN,2016-11-30,762.0,768.09,750.25,750.57,4625946.0,0.0,1.0,762.0,768.09,750.25,750.57,4625946.0
AMZN,2016-12-01,752.41,753.37,738.03,743.65,4665993.0,0.0,1.0,752.41,753.37,738.03,743.65,4665993.0
AMZN,2016-12-02,743.4,748.4903,736.7,740.34,3561307.0,0.0,1.0,743.4,748.4903,736.7,740.34,3561307.0
AMZN,2016-12-05,745.0,761.49,742.0,759.36,4314723.0,0.0,1.0,745.0,761.49,742.0,759.36,4314723.0
AMZN,2016-12-06,763.99,768.24,757.25,764.72,3794746.0,0.0,1.0,763.99,768.24,757.25,764.72,3794746.0
AMZN,2016-12-07,764.55,770.42,755.82,770.42,3684906.0,0.0,1.0,764.55,770.42,755.82,770.42,3684906.0
AMZN,2016-12-08,771.87,773.79,765.19,767.33,3189608.0,0.0,1.0,771.87,773.79,765.19,767.33,3189608.0
AMZN,2016-12-09,770.0,770.25,765.34,768.66,2470923.0,0.0,1.0,770.0,770.25,765.34,768.66,2470923.0
AMZN,2016-12-12,766.4,766.89,757.2,760.12,2963945.0,0.0,1.0,766.4,766.89,757.2,760.12,2963945.0
AMZN,2016-12-13,764.96,782.46,762.0,774.34,5285288.0,0.0,1.0,764.96,782.46,762.0,774.34,5285288.0
AMZN,2016-12-14,778.25,780.86,762.81,768.82,5454836.0,0.0,1.0,778.25,780.86,762.81,768.82,5454836.0
AMZN,2016-12-15,766.28,769.1,760.31,761.0,3801927.0,0.0,1.0,766.28,769.1,760.31,761.0,3801927.0
AMZN,2016-12-16,765.0,765.13,754.0,757.77,4848219.0,0.0,1.0,765.0,765.13,754.0,757.77,4848219.0
AMZN,2016-12-19,758.89,770.5,756.16,766.0,3113240.0,0.0,1.0,758.89,770.5,756.16,766.0,3113240.0
AMZN,2016-12-20,768.65,774.39,767.71,771.22,2703629.0,0.0,1.0,768.65,774.39,767.71,771.22,2703629.0
AMZN,2016-12-21,770.0,771.22,765.7,770.6,2044629.0,0.0,1.0,770.0,771.22,765.7,770.6,2044629.0
AMZN,2016-12-22,768.12,771.21,763.02,766.34,2543551.0,0.0,1.0,768.12,771.21,763.02,766.34,2543551.0
AMZN,2016-12-23,764.55,766.5,757.99,760.59,1981616.0,0.0,1.0,764.55,766.5,757.99,760.59,1981616.0
AMZN,2016-12-27,763.4,774.65,761.2,771.4,2638725.0,0.0,1.0,763.4,774.65,761.2,771.4,2638725.0
AMZN,2016-12-28,776.25,780.0,770.5,772.13,3301025.0,0.0,1.0,776.25,780.0,770.5,772.13,3301025.0
AMZN,2016-12-29,772.4,773.4,760.85,765.15,3158299.0,0.0,1.0,772.4,773.4,760.85,765.15,3158299.0
AMZN,2016-12-30,766.47,767.3999,748.28,749.87,4139449.0,0.0,1.0,766.47,767.3999,748.28,749.87,4139449.0
AMZN,2017-01-03,757.92,758.7595,747.7,753.67,3521066.0,0.0,1.0,757.92,758.7595,747.7,753.67,3521066.0
AMZN,2017-01-04,758.39,759.68,754.2,757.18,2510526.0,0.0,1.0,758.39,759.68,754.2,757.18,2510526.0
AMZN,2017-01-05,761.55,782.3999,760.2557,780.45,5830068.0,0.0,1.0,761.55,782.3999,760.2557,780.45,5830068.0
AMZN,2017-01-06,782.36,799.44,778.48,795.99,5986234.0,0.0,1.0,782.36,799.44,778.48,795.99,5986234.0
AMZN,2017-01-09,798.0,801.7742,791.77,796.92,3446109.0,0.0,1.0,798.0,801.7742,791.77,796.92,3446109.0
AMZN,2017-01-10,796.6,798.0,789.5434,795.9,2558369.0,0.0,1.0,796.6,798.0,789.5434,795.9,2558369.0
AMZN,2017-01-11,793.66,799.5,789.51,799.02,2992791.0,0.0,1.0,793.66,799.5,789.51,799.02,2992791.0
AMZN,2017-01-12,800.31,814.13,799.5,813.64,4873922.0,0.0,1.0,800.31,814.13,799.5,813.64,4873922.0
AMZN,2017-01-13,814.32,821.65,811.4,817.14,3791945.0,0.0,1.0,814.32,821.65,811.4,817.14,3791945.0
AMZN,2017-01-17,815.7,816.0,803.44,809.72,3670529.0,0.0,1.0,815.7,816.0,803.44,809.72,3670529.0
AMZN,2017-01-18,809.5,811.73,804.27,807.48,2354201.0,0.0,1.0,809.5,811.73,804.27,807.48,2354201.0
AMZN,2017-01-19,810.0,813.51,807.32,809.04,2540784.0,0.0,1.0,810.0,813.51,807.32,809.04,2540784.0
AMZN,2017-01-20,815.28,816.02,806.26,808.33,3376196.0,0.0,1.0,815.28,816.02,806.26,808.33,3376196.0
AMZN,2017-01-23,806.8,818.5,805.08,817.88,2797474.0,0.0,1.0,806.8,818.5,805.08,817.88,2797474.0
AMZN,2017-01-24,822.0,823.99,814.5,822.44,2971740.0,0.0,1.0,822.0,823.99,814.5,822.44,2971740.0
AMZN,2017-01-25,825.79,837.4183,825.288,836.52,4023078.0,0.0,1.0,825.79,837.4183,825.288,836.52,4023078.0
AMZN,2017-01-26,835.53,843.84,833.0,839.15,3586323.0,0.0,1.0,835.53,843.84,833.0,839.15,3586323.0
AMZN,2017-01-27,839.0,839.7,829.44,835.77,2998700.0,0.0,1.0,839.0,839.7,829.44,835.77,2998700.0
AMZN,2017-01-30,833.0,833.5,816.38,830.38,3747336.0,0.0,1.0,833.0,833.5,816.38,830.38,3747336.0
AMZN,2017-01-31,823.75,826.99,819.56,823.48,3137196.0,0.0,1.0,823.75,826.99,819.56,823.48,3137196.0
AMZN,2017-02-01,829.21,833.78,824.94,832.35,3850181.0,0.0,1.0,829.21,833.78,824.94,832.35,3850181.0
AMZN,2017-02-02,836.59,842.49,828.26,839.95,7350492.0,0.0,1.0,836.59,842.49,828.26,839.95,7350492.0
AMZN,2017-02-03,806.72,818.3,804.0,810.2,10868773.0,0.0,1.0,806.72,818.3,804.0,810.2,10868773.0
AMZN,2017-02-06,809.8,810.72,803.0,807.64,3897301.0,0.0,1.0,809.8,810.72,803.0,807.64,3897301.0
AMZN,2017-02-07,809.31,816.16,807.5,812.5,3466091.0,0.0,1.0,809.31,816.16,807.5,812.5,3466091.0
AMZN,2017-02-08,812.69,821.479,812.5,819.71,2857985.0,0.0,1.0,812.69,821.479,812.5,819.71,2857985.0
AMZN,2017-02-09,821.6,825.0,819.71,821.36,2484948.0,0.0,1.0,821.6,825.0,819.71,821.36,2484948.0
AMZN,2017-02-10,823.82,828.0,822.85,827.46,2429609.0,0.0,1.0,823.82,828.0,822.85,827.46,2429609.0
AMZN,2017-02-13,831.62,842.9999,828.55,836.53,4172618.0,0.0,1.0,831.62,842.9999,828.55,836.53,4172618.0
AMZN,2017-02-14,837.0,838.31,831.4522,836.39,2792442.0,0.0,1.0,837.0,838.31,831.4522,836.39,2792442.0
AMZN,2017-02-15,834.0,842.81,832.82,842.7,2968853.0,0.0,1.0,834.0,842.81,832.82,842.7,2968853.0
AMZN,2017-02-16,841.84,845.0,839.375,844.14,2714667.0,0.0,1.0,841.84,845.0,839.375,844.14,2714667.0
AMZN,2017-02-17,842.0,847.27,840.73,845.07,3112275.0,0.0,1.0,842.0,847.27,840.73,845.07,3112275.0
AMZN,2017-02-21,848.84,857.98,847.25,856.44,3507742.0,0.0,1.0,848.84,857.98,847.25,856.44,3507742.0
AMZN,2017-02-22,856.95,858.43,852.18,855.61,2616971.0,0.0,1.0,856.95,858.43,852.18,855.61,2616971.0
AMZN,2017-02-23,857.57,860.86,848.0,852.19,3461984.0,0.0,1.0,857.57,860.86,848.0,852.19,3461984.0
AMZN,2017-02-24,844.69,845.81,837.7501,845.24,3687963.0,0.0,1.0,844.69,845.81,837.7501,845.24,3687963.0
AMZN,2017-02-27,842.38,852.5,839.67,848.64,2713627.0,0.0,1.0,842.38,852.5,839.67,848.64,2713627.0
AMZN,2017-02-28,851.45,854.09,842.05,845.04,2793709.0,0.0,1.0,851.45,854.09,842.05,845.04,2793709.0
AMZN,2017-03-01,853.05,854.83,849.01,853.08,2760083.0,0.0,1.0,853.05,854.83,849.01,853.08,2760083.0
AMZN,2017-03-02,853.08,854.82,847.28,848.91,2132098.0,0.0,1.0,853.08,854.82,847.28,848.91,2132098.0
AMZN,2017-03-03,847.2,851.985,846.27,849.88,1951575.0,0.0,1.0,847.2,851.985,846.27,849.88,1951575.0
AMZN,2017-03-06,845.23,848.49,841.12,846.61,2610370.0,0.0,1.0,845.23,848.49,841.12,846.61,2610370.0
AMZN,2017-03-07,845.48,848.46,843.75,846.02,2247554.0,0.0,1.0,845.48,848.46,843.75,846.02,2247554.0
AMZN,2017-03-08,848.0,853.07,846.79,850.5,2288317.0,0.0,1.0,848.0,853.07,846.79,850.5,2288317.0
AMZN,2017-03-09,851.0,856.3999,850.31,853.0,2048187.0,0.0,1.0,851.0,856.3999,850.31,853.0,2048187.0
AMZN,2017-03-10,857.0,857.35,851.72,852.46,2436434.0,0.0,1.0,857.0,857.35,851.72,852.46,2436434.0
AMZN,2017-03-13,851.77,855.69,851.71,854.59,1909672.0,0.0,1.0,851.77,855.69,851.71,854.59,1909672.0
AMZN,2017-03-14,853.55,853.75,847.55,852.53,2130586.0,0.0,1.0,853.55,853.75,847.55,852.53,2130586.0
AMZN,2017-03-15,854.33,854.45,847.11,852.97,2562176.0,0.0,1.0,854.33,854.45,847.11,852.97,2562176.0
AMZN,2017-03-16,855.3,855.5,850.51,853.42,1842296.0,0.0,1.0,855.3,855.5,850.51,853.42,1842296.0
AMZN,2017-03-17,853.49,853.83,850.64,852.31,3384403.0,0.0,1.0,853.49,853.83,850.64,852.31,3384403.0
AMZN,2017-03-20,851.51,857.8,851.01,856.97,2282727.0,0.0,1.0,851.51,857.8,851.01,856.97,2282727.0
AMZN,2017-03-21,858.84,862.795,841.31,843.2,4382852.0,0.0,1.0,858.84,862.795,841.31,843.2,4382852.0
AMZN,2017-03-22,840.43,849.37,839.05,848.06,2658669.0,0.0,1.0,840.43,849.37,839.05,848.06,2658669.0
AMZN,2017-03-23,848.2,850.89,844.8,847.38,1952964.0,0.0,1.0,848.2,850.89,844.8,847.38,1952964.0
AMZN,2017-03-24,851.68,851.8,843.53,845.61,2138269.0,0.0,1.0,851.68,851.8,843.53,845.61,2138269.0
AMZN,2017-03-27,838.07,850.3,833.5,846.82,2755775.0,0.0,1.0,838.07,850.3,833.5,846.82,2755775.0
AMZN,2017-03-28,851.75,858.46,850.1,856.0,3041633.0,0.0,1.0,851.75,858.46,850.1,856.0,3041633.0
AMZN,2017-03-29,859.05,876.438,859.02,874.32,4485770.0,0.0,1.0,859.05,876.438,859.02,874.32,4485770.0
AMZN,2017-03-30,874.95,877.06,871.66,876.34,2762730.0,0.0,1.0,874.95,877.06,871.66,876.34,2762730.0
AMZN,2017-03-31,877.0,890.35,876.65,886.54,3957612.0,0.0,1.0,877.0,890.35,876.65,886.54,3957612.0
AMZN,2017-04-03,888.0,893.49,885.42,891.51,3422328.0,0.0,1.0,888.0,893.49,885.42,891.51,3422328.0
AMZN,2017-04-04,891.5,908.5384,890.28,906.83,4984656.0,0.0,1.0,891.5,908.5384,890.28,906.83,4984656.0
AMZN,2017-04-05,910.82,923.72,905.62,909.28,7508370.0,0.0,1.0,910.82,923.72,905.62,909.28,7508370.0
AMZN,2017-04-06,913.8,917.1899,894.4927,898.28,6344065.0,0.0,1.0,913.8,917.1899,894.4927,898.28,6344065.0
AMZN,2017-04-07,899.65,900.09,889.31,894.88,3707367.0,0.0,1.0,899.65,900.09,889.31,894.88,3707367.0
AMZN,2017-04-10,899.63,908.51,899.0,907.04,3184301.0,0.0,1.0,899.63,908.51,899.0,907.04,3184301.0
AMZN,2017-04-11,907.04,911.24,897.5,902.36,3012743.0,0.0,1.0,907.04,911.24,897.5,902.36,3012743.0
AMZN,2017-04-12,903.09,904.09,895.2501,896.23,2456140.0,0.0,1.0,903.09,904.09,895.2501,896.23,2456140.0
AMZN,2017-04-13,891.45,894.97,884.49,884.67,3174583.0,0.0,1.0,891.45,894.97,884.49,884.67,3174583.0
AMZN,2017-04-17,887.5,902.38,887.5,901.99,2854673.0,0.0,1.0,887.5,902.38,887.5,901.99,2854673.0
AMZN,2017-04-18,900.99,909.61,900.78,903.78,2999238.0,0.0,1.0,900.99,909.61,900.78,903.78,2999238.0
AMZN,2017-04-19,907.84,910.5,897.369,899.2,2870242.0,0.0,1.0,907.84,910.5,897.369,899.2,2870242.0
AMZN,2017-04-20,899.7,905.32,896.29,902.06,2814441.0,0.0,1.0,899.7,905.32,896.29,902.06,2814441.0
AMZN,2017-04-21,902.67,903.65,896.77,898.53,2420494.0,0.0,1.0,902.67,903.65,896.77,898.53,2420494.0
AMZN,2017-04-24,908.68,909.99,903.82,907.41,3118123.0,0.0,1.0,908.68,909.99,903.82,907.41,3118123.0
AMZN,2017-04-25,907.04,909.48,903.0,907.62,3367734.0,0.0,1.0,907.04,909.48,903.0,907.62,3367734.0
AMZN,2017-04-26,910.3,915.749,907.56,909.29,2562595.0,0.0,1.0,910.3,915.749,907.56,909.29,2562595.0
AMZN,2017-04-27,914.39,921.86,912.11,918.76,4255693.0,0.0,1.0,914.39,921.86,912.11,918.76,4255693.0
AMZN,2017-04-28,948.83,949.59,924.3335,924.99,7278819.0,0.0,1.0,948.83,949.59,924.3335,924.99,7278819.0
AMZN,2017-05-01,927.8,954.4,927.8,948.43,5415793.0,0.0,1.0,927.8,954.4,927.8,948.43,5415793.0
AMZN,2017-05-02,946.645,950.1,941.413,946.68,3800912.0,0.0,1.0,946.645,950.1,941.413,946.68,3800912.0
AMZN,2017-05-03,946.0,946.0,935.9,941.03,3544234.0,0.0,1.0,946.0,946.0,935.9,941.03,3544234.0
AMZN,2017-05-04,944.75,945.0,934.215,937.53,2380874.0,0.0,1.0,944.75,945.0,934.215,937.53,2380874.0
AMZN,2017-05-05,940.52,940.79,930.3,934.15,2856585.0,0.0,1.0,940.52,940.79,930.3,934.15,2856585.0
AMZN,2017-05-08,940.95,949.05,939.21,949.04,3370672.0,0.0,1.0,940.95,949.05,939.21,949.04,3370672.0
AMZN,2017-05-09,952.8,957.89,950.2,952.82,3230630.0,0.0,1.0,952.8,957.89,950.2,952.82,3230630.0
AMZN,2017-05-10,953.5,953.7499,945.0,948.95,2083441.0,0.0,1.0,953.5,953.7499,945.0,948.95,2083441.0
AMZN,2017-05-11,945.11,950.29,940.775,947.62,2135393.0,0.0,1.0,945.11,950.29,940.775,947.62,2135393.0
AMZN,2017-05-12,954.5,962.79,951.53,961.35,3605620.0,0.0,1.0,954.5,962.79,951.53,961.35,3605620.0
AMZN,2017-05-15,958.73,963.15,956.055,957.97,4245856.0,0.0,1.0,958.73,963.15,956.055,957.97,4245856.0
AMZN,2017-05-16,961.0,970.06,960.91,966.07,3050005.0,0.0,1.0,961.0,970.06,960.91,966.07,3050005.0
AMZN,2017-05-17,954.7,960.3957,944.12,944.52,5073254.0,0.0,1.0,954.7,960.3957,944.12,944.52,5073254.0
AMZN,2017-05-18,944.8,962.75,944.76,958.49,3876816.0,0.0,1.0,944.8,962.75,944.76,958.49,3876816.0
AMZN,2017-05-19,962.84,968.92,959.72,959.84,3846299.0,0.0,1.0,962.84,968.92,959.72,959.84,3846299.0
AMZN,2017-05-22,964.0,971.38,962.9,970.7,2613805.0,0.0,1.0,964.0,971.38,962.9,970.7,2613805.0
AMZN,2017-05-23,975.02,975.2,966.85,971.54,2395510.0,0.0,1.0,975.02,975.2,966.85,971.54,2395510.0
AMZN,2017-05-24,976.0,981.0,970.23,980.35,2407995.0,0.0,1.0,976.0,981.0,970.23,980.35,2407995.0
AMZN,2017-05-25,984.85,999.0,982.11,993.38,4737390.0,0.0,1.0,984.85,999.0,982.11,993.38,4737390.0
AMZN,2017-05-26,995.0,998.65,989.2491,995.78,3394090.0,0.0,1.0,995.0,998.65,989.2491,995.78,3394090.0
AMZN,2017-05-30,996.51,1001.2,995.52,996.7,3245760.0,0.0,1.0,996.51,1001.2,995.52,996.7,3245760.0
AMZN,2017-05-31,1000.0,1000.12,982.16,994.62,3912535.0,0.0,1.0,1000.0,1000.12,982.16,994.62,3912535.0
AMZN,2017-06-01,998.59,998.99,991.37,995.95,2384298.0,0.0,1.0,998.59,998.99,991.37,995.95,2384298.0
AMZN,2017-06-02,998.99,1008.48,995.67,1006.73,3714954.0,0.0,1.0,998.99,1008.48,995.67,1006.73,3714954.0
AMZN,2017-06-05,1007.23,1013.21,1003.51,1011.34,2676857.0,0.0,1.0,1007.23,1013.21,1003.51,1011.34,2676857.0
AMZN,2017-06-06,1012.0,1016.5,1001.25,1002.97,3298378.0,0.0,1.0,1012.0,1016.5,1001.25,1002.97,3298378.0
AMZN,2017-06-07,1005.95,1010.25,1002.0,1010.07,2779551.0,0.0,1.0,1005.95,1010.25,1002.0,1010.07,2779551.0
AMZN,2017-06-08,1012.06,1013.61,1006.11,1009.94,2724408.0,0.0,1.0,1012.06,1013.61,1006.11,1009.94,2724408.0
AMZN,2017-06-09,1012.5,1012.99,927.0,978.31,7548854.0,0.0,1.0,1012.5,1012.99,927.0,978.31,7548854.0
AMZN,2017-06-12,967.0,975.95,945.0,964.83,9393802.0,0.0,1.0,967.0,975.95,945.0,964.83,9393802.0
AMZN,2017-06-13,977.99,984.5,966.1,980.79,4533933.0,0.0,1.0,977.99,984.5,966.1,980.79,4533933.0
AMZN,2017-06-14,988.59,990.34,966.71,976.47,3943670.0,0.0,1.0,988.59,990.34,966.71,976.47,3943670.0
AMZN,2017-06-15,958.7,965.73,950.86,964.17,5202147.0,0.0,1.0,958.7,965.73,950.86,964.17,5202147.0
AMZN,2017-06-16,996.0,999.75,982.0,987.71,11314754.0,0.0,1.0,996.0,999.75,982.0,987.71,11314754.0
AMZN,2017-06-19,1017.0,1017.0,989.9,995.17,4967600.0,0.0,1.0,1017.0,1017.0,989.9,995.17,4967600.0
AMZN,2017-06-20,998.0,1004.88,992.02,992.59,4040990.0,0.0,1.0,998.0,1004.88,992.02,992.59,4040990.0
AMZN,2017-06-21,998.7,1002.72,992.6518,1002.23,2892563.0,0.0,1.0,998.7,1002.72,992.6518,1002.23,2892563.0
AMZN,2017-06-22,1002.23,1006.96,997.2,1001.3,2221035.0,0.0,1.0,1002.23,1006.96,997.2,1001.3,2221035.0
AMZN,2017-06-23,1002.54,1004.62,998.02,1003.74,2645973.0,0.0,1.0,1002.54,1004.62,998.02,1003.74,2645973.0
AMZN,2017-06-26,1008.5,1009.8,992.0,993.98,3347195.0,0.0,1.0,1008.5,1009.8,992.0,993.98,3347195.0
AMZN,2017-06-27,990.69,998.8,976.0,976.78,3735360.0,0.0,1.0,990.69,998.8,976.0,976.78,3735360.0
AMZN,2017-06-28,978.55,990.68,969.21,990.33,3708638.0,0.0,1.0,978.55,990.68,969.21,990.33,3708638.0
AMZN,2017-06-29,979.0,987.56,965.25,975.93,4246765.0,0.0,1.0,979.0,987.56,965.25,975.93,4246765.0
AMZN,2017-06-30,980.12,983.47,967.61,968.0,3309138.0,0.0,1.0,980.12,983.47,967.61,968.0,3309138.0
AMZN,2017-07-03,972.79,974.49,951.0001,953.66,2908267.0,0.0,1.0,972.79,974.49,951.0001,953.66,2908267.0
AMZN,2017-07-05,961.53,975.0,955.25,971.4,3587645.0,0.0,1.0,961.53,975.0,955.25,971.4,3587645.0
AMZN,2017-07-06,964.66,974.4,959.02,965.14,3229378.0,0.0,1.0,964.66,974.4,959.02,965.14,3229378.0
AMZN,2017-07-07,969.55,980.11,969.14,978.76,2582645.0,0.0,1.0,969.55,980.11,969.14,978.76,2582645.0
AMZN,2017-07-10,985.0,999.4392,983.5,996.47,3462884.0,0.0,1.0,985.0,999.4392,983.5,996.47,3462884.0
AMZN,2017-07-11,993.0,995.99,983.72,994.13,2947479.0,0.0,1.0,993.0,995.99,983.72,994.13,2947479.0
AMZN,2017-07-12,1000.65,1008.55,998.1,1006.51,3491988.0,0.0,1.0,1000.65,1008.55,998.1,1006.51,3491988.0
AMZN,2017-07-13,1004.62,1006.88,995.9,999.855,2864533.0,0.0,1.0,1004.62,1006.88,995.9,999.855,2864533.0
AMZN,2017-07-14,1002.4,1004.45,996.89,1001.81,2066362.0,0.0,1.0,1002.4,1004.45,996.89,1001.81,2066362.0
AMZN,2017-07-17,1004.69,1014.75,1003.81,1010.04,3636801.0,0.0,1.0,1004.69,1014.75,1003.81,1010.04,3636801.0
AMZN,2017-07-18,1006.0,1026.03,1004.0,1024.38,3957892.0,0.0,1.0,1006.0,1026.03,1004.0,1024.38,3957892.0
AMZN,2017-07-19,1025.0,1031.59,1022.5,1026.87,2936902.0,0.0,1.0,1025.0,1031.59,1022.5,1026.87,2936902.0
AMZN,2017-07-20,1031.59,1034.97,1022.52,1028.7,2964341.0,0.0,1.0,1031.59,1034.97,1022.52,1028.7,2964341.0
AMZN,2017-07-21,1021.28,1026.1,1011.0,1025.67,2677517.0,0.0,1.0,1021.28,1026.1,1011.0,1025.67,2677517.0
AMZN,2017-07-24,1028.34,1043.01,1027.43,1038.95,3212499.0,0.0,1.0,1028.34,1043.01,1027.43,1038.95,3212499.0
AMZN,2017-07-25,1038.05,1043.33,1032.48,1039.87,2432328.0,0.0,1.0,1038.05,1043.33,1032.48,1039.87,2432328.0
AMZN,2017-07-26,1043.2,1053.2,1043.2,1052.8,2828980.0,0.0,1.0,1043.2,1053.2,1043.2,1052.8,2828980.0
AMZN,2017-07-27,1069.55,1083.31,1040.18,1046.0,9905158.0,0.0,1.0,1069.55,1083.31,1040.18,1046.0,9905158.0
AMZN,2017-07-28,1012.14,1032.85,1001.0,1020.04,7624498.0,0.0,1.0,1012.14,1032.85,1001.0,1020.04,7624498.0
AMZN,2017-07-31,1019.05,1019.05,987.02,987.78,7246638.0,0.0,1.0,1019.05,1019.05,987.02,987.78,7246638.0
AMZN,2017-08-01,996.11,1006.4,991.58,996.19,4421395.0,0.0,1.0,996.11,1006.4,991.58,996.19,4421395.0
AMZN,2017-08-02,1001.77,1003.21,981.73,995.89,4017780.0,0.0,1.0,1001.77,1003.21,981.73,995.89,4017780.0
AMZN,2017-08-03,999.47,999.5,984.59,986.92,3203134.0,0.0,1.0,999.47,999.5,984.59,986.92,3203134.0
AMZN,2017-08-04,989.68,991.672,982.0,987.58,2704026.0,0.0,1.0,989.68,991.672,982.0,987.58,2704026.0
AMZN,2017-08-08,994.35,996.28,985.79,989.84,2847527.0,0.0,1.0,994.35,996.28,985.79,989.84,2847527.0
AMZN,2017-08-09,982.6,988.0,975.27,982.01,3434077.0,0.0,1.0,982.6,988.0,975.27,982.01,3434077.0
AMZN,2017-08-10,976.295,979.86,954.68,956.92,5560388.0,0.0,1.0,976.295,979.86,954.68,956.92,5560388.0
AMZN,2017-08-11,960.0,970.39,951.38,967.99,3431423.0,0.0,1.0,960.0,970.39,951.38,967.99,3431423.0
AMZN,2017-08-14,978.41,985.5,976.19,983.3,3008007.0,0.0,1.0,978.41,985.5,976.19,983.3,3008007.0
AMZN,2017-08-15,988.9,991.74,982.0,982.74,2513139.0,0.0,1.0,988.9,991.74,982.0,982.74,2513139.0
AMZN,2017-08-16,981.65,986.4605,973.22,978.18,3096051.0,0.0,1.0,981.65,986.4605,973.22,978.18,3096051.0
AMZN,2017-08-17,977.84,977.84,960.32,960.57,3396045.0,0.0,1.0,977.84,977.84,960.32,960.57,3396045.0
AMZN,2017-08-18,961.4,965.43,954.65,958.47,3248677.0,0.0,1.0,961.4,965.43,954.65,958.47,3248677.0
AMZN,2017-08-21,957.57,961.2,945.46,953.29,3008450.0,0.0,1.0,957.57,961.2,945.46,953.29,3008450.0
AMZN,2017-08-22,955.52,967.93,955.495,966.9,2718261.0,0.0,1.0,955.52,967.93,955.495,966.9,2718261.0
AMZN,2017-08-23,959.38,962.0,954.2,958.0,2590245.0,0.0,1.0,959.38,962.0,954.2,958.0,2590245.0
AMZN,2017-08-24,957.42,959.0,941.14,952.45,5086748.0,0.0,1.0,957.42,959.0,941.14,952.45,5086748.0
AMZN,2017-08-25,956.0,957.621,944.1,945.26,3292776.0,0.0,1.0,956.0,957.621,944.1,945.26,3292776.0
AMZN,2017-08-28,946.54,953.0,942.25,946.02,2529087.0,0.0,1.0,946.54,953.0,942.25,946.02,2529087.0
AMZN,2017-08-29,940.0,956.0,936.33,954.06,2853972.0,0.0,1.0,940.0,956.0,936.33,954.06,2853972.0
AMZN,2017-08-30,958.44,969.41,956.9062,967.59,2860718.0,0.0,1.0,958.44,969.41,956.9062,967.59,2860718.0
AMZN,2017-08-31,974.7,981.0,972.76,980.6,3280945.0,0.0,1.0,974.7,981.0,972.76,980.6,3280945.0
AMZN,2017-09-01,984.2,984.5,976.875,978.25,2423132.0,0.0,1.0,984.2,984.5,976.875,978.25,2423132.0
AMZN,2017-09-05,975.4,976.7699,960.37,965.27,2875228.0,0.0,1.0,975.4,976.7699,960.37,965.27,2875228.0
AMZN,2017-09-06,968.32,971.84,960.6,967.8,2106605.0,0.0,1.0,968.32,971.84,960.6,967.8,2106605.0
AMZN,2017-09-07,974.0,980.59,972.55,979.47,2536000.0,0.0,1.0,974.0,980.59,972.55,979.47,2536000.0
AMZN,2017-09-08,979.1,979.88,963.47,965.9,2578269.0,0.0,1.0,979.1,979.88,963.47,965.9,2578269.0
AMZN,2017-09-11,974.46,981.94,974.22,977.96,2134582.0,0.0,1.0,974.46,981.94,974.22,977.96,2134582.0
AMZN,2017-09-12,983.27,984.6718,975.517,982.58,2444699.0,0.0,1.0,983.27,984.6718,975.517,982.58,2444699.0
AMZN,2017-09-13,983.97,1000.0,979.42,999.6,3314978.0,0.0,1.0,983.97,1000.0,979.42,999.6,3314978.0
AMZN,2017-09-14,996.8,998.56,987.74,992.21,3788472.0,0.0,1.0,996.8,998.56,987.74,992.21,3788472.0
AMZN,2017-09-15,993.01,996.25,984.03,986.79,3697742.0,0.0,1.0,993.01,996.25,984.03,986.79,3697742.0
AMZN,2017-09-18,990.4,992.7922,968.17,974.19,3376772.0,0.0,1.0,990.4,992.7922,968.17,974.19,3376772.0
AMZN,2017-09-19,977.25,978.24,967.46,969.86,2614059.0,0.0,1.0,977.25,978.24,967.46,969.86,2614059.0
AMZN,2017-09-20,971.79,974.81,962.1626,973.21,2727355.0,0.0,1.0,971.79,974.81,962.1626,973.21,2727355.0
AMZN,2017-09-21,971.31,971.7,962.02,964.65,2252940.0,0.0,1.0,971.31,971.7,962.02,964.65,2252940.0
AMZN,2017-09-22,961.01,965.61,954.42,955.1,2602418.0,0.0,1.0,961.01,965.61,954.42,955.1,2602418.0
AMZN,2017-09-25,949.31,949.42,932.89,939.79,5065542.0,0.0,1.0,949.31,949.42,932.89,939.79,5065542.0
AMZN,2017-09-26,945.49,948.63,931.75,938.6,3464183.0,0.0,1.0,945.49,948.63,931.75,938.6,3464183.0
AMZN,2017-09-27,948.0,955.3,943.3,950.87,3111263.0,0.0,1.0,948.0,955.3,943.3,950.87,3111263.0
AMZN,2017-09-28,951.86,959.7,950.101,956.4,2512567.0,0.0,1.0,951.86,959.7,950.101,956.4,2512567.0
AMZN,2017-09-29,960.11,964.83,958.375,961.35,2411643.0,0.0,1.0,960.11,964.83,958.375,961.35,2411643.0
AMZN,2017-10-02,964.0,967.305,952.1201,959.19,2415846.0,0.0,1.0,964.0,967.305,952.1201,959.19,2415846.0
AMZN,2017-10-03,958.0,963.69,950.37,957.1,2643484.0,0.0,1.0,958.0,963.69,950.37,957.1,2643484.0
AMZN,2017-10-04,954.21,967.79,954.05,965.45,2460721.0,0.0,1.0,954.21,967.79,954.05,965.45,2460721.0
AMZN,2017-10-05,970.0,981.51,969.64,980.85,3119487.0,0.0,1.0,970.0,981.51,969.64,980.85,3119487.0
AMZN,2017-10-06,975.64,995.75,975.64,989.58,3719840.0,0.0,1.0,975.64,995.75,975.64,989.58,3719840.0
AMZN,2017-10-09,993.24,998.5,987.5,990.99,2927994.0,0.0,1.0,993.24,998.5,987.5,990.99,2927994.0
AMZN,2017-10-10,996.67,997.95,980.099,987.2,3062820.0,0.0,1.0,996.67,997.95,980.099,987.2,3062820.0
AMZN,2017-10-11,991.27,995.5,986.695,995.0,2310872.0,0.0,1.0,991.27,995.5,986.695,995.0,2310872.0
AMZN,2017-10-12,996.81,1008.44,992.4,1000.93,4056172.0,0.0,1.0,996.81,1008.44,992.4,1000.93,4056172.0
AMZN,2017-10-13,1007.0,1007.77,1001.03,1002.94,2399403.0,0.0,1.0,1007.0,1007.77,1001.03,1002.94,2399403.0
AMZN,2017-10-16,1008.44,1009.57,1001.04,1006.34,1991556.0,0.0,1.0,1008.44,1009.57,1001.04,1006.34,1991556.0
AMZN,2017-10-17,1005.59,1011.47,1004.38,1009.13,2307075.0,0.0,1.0,1005.59,1011.47,1004.38,1009.13,2307075.0
AMZN,2017-10-18,1009.27,1022.31,996.55,997.0,2477357.0,0.0,1.0,1009.27,1022.31,996.55,997.0,2477357.0
AMZN,2017-10-19,990.0,991.05,980.24,986.61,3040066.0,0.0,1.0,990.0,991.05,980.24,986.61,3040066.0
AMZN,2017-10-20,993.53,994.62,982.0,982.91,2294145.0,0.0,1.0,993.53,994.62,982.0,982.91,2294145.0
AMZN,2017-10-23,986.73,986.775,962.5,966.3,3465469.0,0.0,1.0,986.73,986.775,962.5,966.3,3465469.0
AMZN,2017-10-24,969.0,979.85,965.0,975.9,2666782.0,0.0,1.0,969.0,979.85,965.0,975.9,2666782.0
AMZN,2017-10-25,978.0,984.44,966.24,972.91,2969295.0,0.0,1.0,978.0,984.44,966.24,972.91,2969295.0
AMZN,2017-10-26,980.33,982.9,968.55,972.43,3670282.0,0.0,1.0,980.33,982.9,968.55,972.43,3670282.0
AMZN,2017-10-27,1058.14,1105.58,1050.55,1100.95,16360527.0,0.0,1.0,1058.14,1105.58,1050.55,1100.95,16360527.0
AMZN,2017-10-30,1095.01,1122.79,1093.56,1110.85,6516639.0,0.0,1.0,1095.01,1122.79,1093.56,1110.85,6516639.0
AMZN,2017-10-31,1109.0,1110.54,1101.12,1105.28,3428461.0,0.0,1.0,1109.0,1110.54,1101.12,1105.28,3428461.0
AMZN,2017-11-01,1105.4,1108.97,1096.74,1103.68,3723680.0,0.0,1.0,1105.4,1108.97,1096.74,1103.68,3723680.0
AMZN,2017-11-02,1097.81,1101.94,1086.87,1094.22,3658748.0,0.0,1.0,1097.81,1101.94,1086.87,1094.22,3658748.0
AMZN,2017-11-03,1091.15,1112.68,1088.52,1111.6,3685172.0,0.0,1.0,1091.15,1112.68,1088.52,1111.6,3685172.0
AMZN,2017-11-06,1109.15,1125.41,1108.77,1120.66,3313857.0,0.0,1.0,1109.15,1125.41,1108.77,1120.66,3313857.0
AMZN,2017-11-07,1124.74,1130.6,1117.5,1123.17,2623474.0,0.0,1.0,1124.74,1130.6,1117.5,1123.17,2623474.0
AMZN,2017-11-09,1125.96,1129.62,1115.77,1129.13,3661411.0,0.0,1.0,1125.96,1129.62,1115.77,1129.13,3661411.0
AMZN,2017-11-10,1126.1,1131.75,1124.06,1125.35,2162985.0,0.0,1.0,1126.1,1131.75,1124.06,1125.35,2162985.0
AMZN,2017-11-13,1123.0,1139.9,1122.34,1129.17,2897563.0,0.0,1.0,1123.0,1139.9,1122.34,1129.17,2897563.0
AMZN,2017-11-14,1130.11,1138.0,1123.89,1136.84,3042295.0,0.0,1.0,1130.11,1138.0,1123.89,1136.84,3042295.0
AMZN,2017-11-15,1127.01,1131.75,1121.63,1126.69,3897230.0,0.0,1.0,1127.01,1131.75,1121.63,1126.69,3897230.0
AMZN,2017-11-16,1130.16,1138.16,1130.05,1137.29,2190456.0,0.0,1.0,1130.16,1138.16,1130.05,1137.29,2190456.0
AMZN,2017-11-17,1138.28,1138.8,1125.81,1129.88,2333554.0,0.0,1.0,1138.28,1138.8,1125.81,1129.88,2333554.0
AMZN,2017-11-20,1129.77,1133.42,1122.55,1126.31,2134381.0,0.0,1.0,1129.77,1133.42,1122.55,1126.31,2134381.0
AMZN,2017-11-21,1132.86,1140.0,1128.2,1139.49,2449503.0,0.0,1.0,1132.86,1140.0,1128.2,1139.49,2449503.0
AMZN,2017-11-22,1141.0,1160.27,1141.0,1156.16,3516336.0,0.0,1.0,1141.0,1160.27,1141.0,1156.16,3516336.0
AMZN,2017-11-24,1160.7,1186.84,1160.7,1186.0,3526582.0,0.0,1.0,1160.7,1186.84,1160.7,1186.0,3526582.0
AMZN,2017-11-27,1202.66,1213.41,1191.15,1195.83,6701343.0,0.0,1.0,1202.66,1213.41,1191.15,1195.83,6701343.0
AMZN,2017-11-28,1204.88,1205.34,1188.52,1193.6,4463476.0,0.0,1.0,1204.88,1205.34,1188.52,1193.6,4463476.0
AMZN,2017-11-29,1194.8,1194.8,1145.19,1161.27,9179567.0,0.0,1.0,1194.8,1194.8,1145.19,1161.27,9179567.0
AMZN,2017-11-30,1167.1,1178.57,1160.0,1176.75,4406535.0,0.0,1.0,1167.1,1178.57,1160.0,1176.75,4406535.0
AMZN,2017-12-01,1172.05,1179.65,1152.0,1162.35,4070722.0,0.0,1.0,1172.05,1179.65,1152.0,1162.35,4070722.0
AMZN,2017-12-04,1173.85,1175.2,1128.0,1133.95,5872358.0,0.0,1.0,1173.85,1175.2,1128.0,1133.95,5872358.0
AMZN,2017-12-05,1128.26,1159.27,1124.74,1141.57,4033184.0,0.0,1.0,1128.26,1159.27,1124.74,1141.57,4033184.0
AMZN,2017-12-06,1137.99,1155.89,1136.08,1152.35,2756730.0,0.0,1.0,1137.99,1155.89,1136.08,1152.35,2756730.0
AMZN,2017-12-07,1156.59,1163.19,1151.0,1159.79,2408323.0,0.0,1.0,1156.59,1163.19,1151.0,1159.79,2408323.0
AMZN,2017-12-08,1170.4,1172.79,1157.1,1162.0,2957785.0,0.0,1.0,1170.4,1172.79,1157.1,1162.0,2957785.0
AMZN,2017-12-11,1164.6,1169.9,1157.0,1168.92,2257922.0,0.0,1.0,1164.6,1169.9,1157.0,1168.92,2257922.0
AMZN,2017-12-12,1166.51,1173.6,1161.61,1165.08,2197697.0,0.0,1.0,1166.51,1173.6,1161.61,1165.08,2197697.0
AMZN,2017-12-13,1170.0,1170.87,1160.27,1164.13,2555053.0,0.0,1.0,1170.0,1170.87,1160.27,1164.13,2555053.0
AMZN,2017-12-14,1163.71,1177.93,1162.45,1174.26,3069993.0,0.0,1.0,1163.71,1177.93,1162.45,1174.26,3069993.0
AMZN,2017-12-15,1179.03,1182.75,1169.33,1179.14,4539895.0,0.0,1.0,1179.03,1182.75,1169.33,1179.14,4539895.0
AMZN,2017-12-18,1187.37,1194.78,1180.91,1190.58,2767271.0,0.0,1.0,1187.37,1194.78,1180.91,1190.58,2767271.0
AMZN,2017-12-19,1189.15,1192.97,1179.14,1187.38,2555235.0,0.0,1.0,1189.15,1192.97,1179.14,1187.38,2555235.0
AMZN,2017-12-20,1190.5,1191.0,1176.0,1177.62,2318916.0,0.0,1.0,1190.5,1191.0,1176.0,1177.62,2318916.0
AMZN,2017-12-21,1175.9,1179.17,1167.64,1174.76,2042448.0,0.0,1.0,1175.9,1179.17,1167.64,1174.76,2042448.0
AMZN,2017-12-22,1172.08,1174.62,1167.83,1168.36,1553997.0,0.0,1.0,1172.08,1174.62,1167.83,1168.36,1553997.0
AMZN,2017-12-26,1168.36,1178.32,1160.55,1176.76,1964871.0,0.0,1.0,1168.36,1178.32,1160.55,1176.76,1964871.0
AMZN,2017-12-27,1179.91,1187.29,1175.61,1182.26,1779382.0,0.0,1.0,1179.91,1187.29,1175.61,1182.26,1779382.0
AMZN,2017-12-28,1189.0,1190.1,1184.38,1186.1,1803460.0,0.0,1.0,1189.0,1190.1,1184.38,1186.1,1803460.0
AMZN,2017-12-29,1182.35,1184.0,1167.5,1169.47,2625283.0,0.0,1.0,1182.35,1184.0,1167.5,1169.47,2625283.0
AMZN,2018-01-02,1172.0,1190.0,1170.51,1189.01,2587899.0,0.0,1.0,1172.0,1190.0,1170.51,1189.01,2587899.0
AMZN,2018-01-03,1188.3,1205.49,1188.3,1204.2,3044664.0,0.0,1.0,1188.3,1205.49,1188.3,1204.2,3044664.0
AMZN,2018-01-04,1205.0,1215.87,1204.66,1209.59,3000366.0,0.0,1.0,1205.0,1215.87,1204.66,1209.59,3000366.0
AMZN,2018-01-05,1217.51,1229.14,1210.0,1229.14,3430148.0,0.0,1.0,1217.51,1229.14,1210.0,1229.14,3430148.0
AMZN,2018-01-08,1236.0,1253.08,1232.03,1246.87,4177533.0,0.0,1.0,1236.0,1253.08,1232.03,1246.87,4177533.0
AMZN,2018-01-09,1256.9,1259.33,1241.76,1252.7,3646681.0,0.0,1.0,1256.9,1259.33,1241.76,1252.7,3646681.0
AMZN,2018-01-10,1245.15,1254.33,1237.23,1254.33,2659507.0,0.0,1.0,1245.15,1254.33,1237.23,1254.33,2659507.0
AMZN,2018-01-11,1259.74,1276.77,1256.46,1276.68,3075315.0,0.0,1.0,1259.74,1276.77,1256.46,1276.68,3075315.0
AMZN,2018-01-12,1273.39,1305.76,1273.39,1305.2,5360681.0,0.0,1.0,1273.39,1305.76,1273.39,1305.2,5360681.0
AMZN,2018-01-16,1323.0,1339.94,1292.3,1304.86,7111172.0,0.0,1.0,1323.0,1339.94,1292.3,1304.86,7111172.0
AMZN,2018-01-17,1312.24,1314.0,1280.88,1295.0,5166748.0,0.0,1.0,1312.24,1314.0,1280.88,1295.0,5166748.0
AMZN,2018-01-18,1293.95,1304.6,1284.02,1293.32,3941007.0,0.0,1.0,1293.95,1304.6,1284.02,1293.32,3941007.0
AMZN,2018-01-19,1312.0,1313.0,1292.99,1294.58,4395070.0,0.0,1.0,1312.0,1313.0,1292.99,1294.58,4395070.0
AMZN,2018-01-22,1297.17,1327.45,1296.66,1327.31,3970151.0,0.0,1.0,1297.17,1327.45,1296.66,1327.31,3970151.0
AMZN,2018-01-23,1338.09,1364.9,1337.34,1362.54,5056764.0,0.0,1.0,1338.09,1364.9,1337.34,1362.54,5056764.0
AMZN,2018-01-24,1374.82,1388.16,1338.0,1357.51,6730084.0,0.0,1.0,1374.82,1388.16,1338.0,1357.51,6730084.0
AMZN,2018-01-25,1368.0,1378.34,1357.62,1377.95,4621862.0,0.0,1.0,1368.0,1378.34,1357.62,1377.95,4621862.0
AMZN,2018-01-26,1392.01,1402.53,1380.91,1402.05,4584082.0,0.0,1.0,1392.01,1402.53,1380.91,1402.05,4584082.0
AMZN,2018-01-29,1409.18,1431.39,1400.44,1417.68,5628992.0,0.0,1.0,1409.18,1431.39,1400.44,1417.68,5628992.0
AMZN,2018-01-30,1403.17,1439.25,1392.0,1437.82,5736512.0,0.0,1.0,1403.17,1439.25,1392.0,1437.82,5736512.0
AMZN,2018-01-31,1451.3,1472.58,1450.04,1451.65,6220396.0,0.0,1.0,1451.3,1472.58,1450.04,1451.65,6220396.0
AMZN,2018-02-01,1445.0,1459.88,1385.14,1390.0,7812953.0,0.0,1.0,1445.0,1459.88,1385.14,1390.0,7812953.0
AMZN,2018-02-02,1477.39,1498.0,1414.0,1431.0,10915962.0,0.0,1.0,1477.39,1498.0,1414.0,1431.0,10915962.0
AMZN,2018-02-05,1402.62,1458.98,1320.72,1396.62,10756332.0,0.0,1.0,1402.62,1458.98,1320.72,1396.62,10756332.0
AMZN,2018-02-06,1361.46,1443.99,1351.79,1442.84,10773963.0,0.0,1.0,1361.46,1443.99,1351.79,1442.84,10773963.0
AMZN,2018-02-07,1449.0,1460.99,1415.15,1416.78,7066828.0,0.0,1.0,1449.0,1460.99,1415.15,1416.78,7066828.0
AMZN,2018-02-08,1429.67,1433.75,1349.94,1350.47,8108560.0,0.0,1.0,1429.67,1433.75,1349.94,1350.47,8108560.0
AMZN,2018-02-09,1373.49,1383.5,1265.93,1338.99,13787886.0,0.0,1.0,1373.49,1383.5,1265.93,1338.99,13787886.0
AMZN,2018-02-12,1364.67,1393.81,1344.01,1386.23,6682214.0,0.0,1.0,1364.67,1393.81,1344.01,1386.23,6682214.0
AMZN,2018-02-13,1385.93,1419.72,1383.53,1414.51,5858860.0,0.0,1.0,1385.93,1419.72,1383.53,1414.51,5858860.0
AMZN,2018-02-14,1406.25,1452.06,1403.36,1451.05,5881238.0,0.0,1.0,1406.25,1452.06,1403.36,1451.05,5881238.0
AMZN,2018-02-15,1466.89,1468.94,1436.84,1461.76,5598111.0,0.0,1.0,1466.89,1468.94,1436.84,1461.76,5598111.0
AMZN,2018-02-16,1457.37,1465.8,1446.56,1448.69,4410879.0,0.0,1.0,1457.37,1465.8,1446.56,1448.69,4410879.0
AMZN,2018-02-20,1446.49,1488.77,1446.49,1468.35,6388374.0,0.0,1.0,1446.49,1488.77,1446.49,1468.35,6388374.0
AMZN,2018-02-21,1485.0,1503.49,1478.92,1482.92,6216694.0,0.0,1.0,1485.0,1503.49,1478.92,1482.92,6216694.0
AMZN,2018-02-22,1495.36,1502.54,1475.76,1484.76,4732555.0,0.0,1.0,1495.36,1502.54,1475.76,1484.76,4732555.0
AMZN,2018-02-23,1495.34,1500.0,1486.5,1500.0,4327008.0,0.0,1.0,1495.34,1500.0,1486.5,1500.0,4327008.0
AMZN,2018-02-26,1509.2,1522.84,1507.0,1521.95,4909053.0,0.0,1.0,1509.2,1522.84,1507.0,1521.95,4909053.0
AMZN,2018-02-27,1524.5,1526.78,1507.21,1511.98,4708378.0,0.0,1.0,1524.5,1526.78,1507.21,1511.98,4708378.0
AMZN,2018-02-28,1519.51,1528.7,1512.0,1512.45,4426580.0,0.0,1.0,1519.51,1528.7,1512.0,1512.45,4426580.0
AMZN,2018-03-01,1513.6,1518.49,1465.0,1493.45,6835230.0,0.0,1.0,1513.6,1518.49,1465.0,1493.45,6835230.0
AMZN,2018-03-02,1469.1,1501.05,1455.01,1500.25,6587564.0,0.0,1.0,1469.1,1501.05,1455.01,1500.25,6587564.0
AMZN,2018-03-05,1494.24,1525.38,1481.0,1523.61,5233934.0,0.0,1.0,1494.24,1525.38,1481.0,1523.61,5233934.0
AMZN,2018-03-06,1533.2,1542.13,1528.0,1537.64,4561718.0,0.0,1.0,1533.2,1542.13,1528.0,1537.64,4561718.0
AMZN,2018-03-07,1526.52,1545.9,1522.51,1545.0,4174123.0,0.0,1.0,1526.52,1545.9,1522.51,1545.0,4174123.0
AMZN,2018-03-08,1550.0,1554.88,1545.25,1551.86,3512528.0,0.0,1.0,1550.0,1554.88,1545.25,1551.86,3512528.0
AMZN,2018-03-09,1563.5,1578.94,1559.08,1578.89,4417059.0,0.0,1.0,1563.5,1578.94,1559.08,1578.89,4417059.0
AMZN,2018-03-12,1592.6,1605.33,1586.7,1598.39,5115886.0,0.0,1.0,1592.6,1605.33,1586.7,1598.39,5115886.0
AMZN,2018-03-13,1615.96,1617.54,1578.01,1588.18,6427066.0,0.0,1.0,1615.96,1617.54,1578.01,1588.18,6427066.0
AMZN,2018-03-14,1597.0,1606.44,1590.89,1591.0,4164395.0,0.0,1.0,1597.0,1606.44,1590.89,1591.0,4164395.0
AMZN,2018-03-15,1595.0,1596.91,1578.11,1582.32,4026744.0,0.0,1.0,1595.0,1596.91,1578.11,1582.32,4026744.0
AMZN,2018-03-16,1583.45,1589.44,1567.5,1571.68,5145054.0,0.0,1.0,1583.45,1589.44,1567.5,1571.68,5145054.0
AMZN,2018-03-19,1554.53,1561.66,1525.35,1544.93,6376619.0,0.0,1.0,1554.53,1561.66,1525.35,1544.93,6376619.0
AMZN,2018-03-20,1550.34,1587.0,1545.41,1586.51,4507049.0,0.0,1.0,1550.34,1587.0,1545.41,1586.51,4507049.0
AMZN,2018-03-21,1586.45,1590.0,1563.17,1581.86,4667291.0,0.0,1.0,1586.45,1590.0,1563.17,1581.86,4667291.0
AMZN,2018-03-22,1565.47,1573.85,1542.4,1544.1,6177737.0,0.0,1.0,1565.47,1573.85,1542.4,1544.1,6177737.0
AMZN,2018-03-23,1539.01,1549.02,1495.36,1495.56,7843966.0,0.0,1.0,1539.01,1549.02,1495.36,1495.56,7843966.0
AMZN,2018-03-26,1530.0,1556.99,1499.25,1555.86,5547618.0,0.0,1.0,1530.0,1556.99,1499.25,1555.86,5547618.0
AMZN,2018-03-27,1572.4,1575.96,1482.32,1497.05,6793279.0,0.0,1.0,1572.4,1575.96,1482.32,1497.05,6793279.0
